executor_p,solver_p,preconditioner_p,resolution,omp_threads,mpi_ranks,node,innerReductionFactor,maxBlockSize,processes,log_id,setup_time,run_time,number_iterations_p,number_iterations_U,init_linear_solve_p,linear_solve_p,init_linear_solve_U,linear_solve_U
#{'node_data': {'host': 'uc2n512.localdomain\n', 'top': ['top - 14:26:03 up 64 days, 11:27,  0 users,  load average: 1.06, 1.02, 1.00', 'Tasks: 1192 total,   2 running, 1190 sleeping,   0 stopped,   0 zombie', '%Cpu(s):  1.0 us,  0.4 sy,  0.0 ni, 98.5 id,  0.0 wa,  0.0 hi,  0.1 si,  0.0 st', 'MiB Mem : 386622.4 total, 351074.1 free,  30959.2 used,   4589.1 buff/cache', 'MiB Swap:      0.0 total,      0.0 free,      0.0 used. 353448.1 avail Mem ', '', '    PID USER      PR  NI    VIRT    RES    SHR S  %CPU  %MEM     TIME+ COMMAND', '1985050 root      20   0   36852  10432   5760 R  11.8   0.0   0:00.02 hostlist', '1984602 root      20   0   16508   5328   1860 S   5.9   0.0   0:00.01 cluster+', '1985013 nq7776    20   0   56908   5596   3616 R   5.9   0.0   0:00.03 top', '      1 root      20   0  253564   8228   4608 S   0.0   0.0   0:31.38 systemd', '      2 root      20   0       0      0      0 S   0.0   0.0   3:10.21 kthreadd', '      3 root       0 -20       0      0      0 I   0.0   0.0   0:00.00 rcu_gp', '      4 root       0 -20       0      0      0 I   0.0   0.0   0:00.00 rcu_par+', '      6 root       0 -20       0      0      0 I   0.0   0.0   0:00.00 kworker+'], 'uptime': ' 14:26:03 up 64 days, 11:27,  0 users,  load average: 1.06, 1.02, 1.00\n', 'libOGL.so': '805391b6a1fddb6a5dd5ab9acf7d3c9b  /home/kit/scc/nq7776/OpenFOAM/nq7776-8/platforms/linux64GccDPInt32Opt/lib/libOGL.so\n'}, 'OBR_REPORT_VERSION': '0.3.0', 'OBR_VERSION': '0.2.1'}
CUDA,CG,BJ,5,1,0,uc2n512.localdomain,None,16,1,aefb9e54b1d1d6642cb3b044b977231b,0.941184,0.984973,315.0,135.0,186.0,978.0,746931.0,794033.0
CUDA,CG,BJ,5,1,0,uc2n512.localdomain,None,8,1,95c73412af15a2540f2f33a41a20f431,0.924382,0.981586,361.0,135.0,202.0,1005.0,741571.0,793660.0
CUDA,CG,BJ,5,1,0,uc2n512.localdomain,None,2,1,0c726d7f11fec3a3df7720d8b0df9e7a,0.934104,0.990569,386.0,135.0,225.0,1093.0,747774.0,802858.0
CUDA,CG,BJ,5,1,0,uc2n512.localdomain,None,4,1,c7936ed4b1d42b23cb5812b7362fad6a,0.930442,0.99214,384.0,135.0,201.0,1036.0,755338.0,809501.0
CUDA,CG,BJ,5,1,0,uc2n512.localdomain,None,1,1,386d3a5d5123af35e568b492039dbae1,0.934129,0.995879,404.0,135.0,236.0,1020.0,754281.0,810968.0
CUDA,BiCGStab,ILU,5,1,0,uc2n512.localdomain,None,None,1,2151e7b32dbb362fe4a6c29eca5a4c40,0.953234,1.001152,85.0,135.0,223.0,1045.0,757580.0,801233.0
CUDA,BiCGStab,NoPrecond,5,1,0,uc2n512.localdomain,None,None,1,8d688799eac42144401297b8126b6764,0.953405,1.042167,302.0,135.0,215.0,1045.0,762017.0,840757.0
CUDA,CG,NoPrecond,5,1,0,uc2n512.localdomain,None,None,1,0f934d29ee016957b906ab0521b6f122,0.947303,1.015873,441.0,135.0,217.0,987.0,757936.0,818316.0
CUDA,IR,NoPrecond,5,1,0,uc2n512.localdomain,0.1,None,1,4b978945bf7eec2dfc50c4cb6ea3ae8f,0.958463,1.043658,64.0,135.0,205.0,981.0,759824.0,858950.0
CUDA,IR,NoPrecond,5,1,0,uc2n512.localdomain,0.01,None,1,a7497c26824ef1bb23200909b22e5322,0.942965,1.029645,36.0,135.0,206.0,993.0,762075.0,843625.0
CUDA,IR,NoPrecond,5,1,0,uc2n512.localdomain,0.05,None,1,4140e5284bb377397f20e600477f5d28,0.942241,1.049002,51.0,135.0,203.0,992.0,756601.0,847460.0
CUDA,IR,NoPrecond,5,1,0,uc2n512.localdomain,0.001,None,1,5865c245c7dfbfe93db0d7651d873203,0.934647,1.031646,26.0,135.0,210.0,1036.0,753409.0,839604.0
CUDA,CG,ILU,5,1,0,uc2n512.localdomain,None,None,1,d6a96ccd100ebb64d874610e6e53b311,0.945199,0.984915,156.0,135.0,213.0,1011.0,749308.0,788673.0
CUDA,BiCGStab,BJ,5,1,0,uc2n512.localdomain,None,None,1,9fb5754ff6ce1c11fe06b3f7c3b4dc63,0.929796,1.026472,196.0,135.0,208.0,1000.0,766503.0,824070.0
CUDA,CG,BJ,15,1,0,uc2n512.localdomain,None,16,1,bae700cd629a2cf92e370446700f3c0a,1.02731,1.246537,1590.0,135.0,2372.0,17836.0,809136.0,992493.0
CUDA,CG,BJ,15,1,0,uc2n512.localdomain,None,8,1,75a8e50870bc0fa6abb3725cf9072c04,1.017249,1.257731,1599.0,135.0,2508.0,17891.0,816971.0,1005753.0
CUDA,CG,BJ,15,1,0,uc2n512.localdomain,None,2,1,ddce22dbf5b6cbf962d3ace3878990f6,1.010768,1.262071,1606.0,135.0,2497.0,17717.0,811089.0,997232.0
CUDA,CG,BJ,15,1,0,uc2n512.localdomain,None,4,1,650b732e9935df7ce939f2f2a9d6a282,1.018875,1.251322,1593.0,135.0,2416.0,18456.0,807371.0,994127.0
CUDA,CG,BJ,15,1,0,uc2n512.localdomain,None,1,1,1776cfb68257bf634edee7dc42086e5f,1.013389,1.273822,1732.0,135.0,2444.0,18012.0,808602.0,1013669.0
CUDA,BiCGStab,ILU,15,1,0,uc2n512.localdomain,None,None,1,8a6e8c907ae29d1cd817ddceb6bb15bb,1.021927,1.290633,434.0,135.0,2621.0,18029.0,812967.0,1035862.0
CUDA,BiCGStab,NoPrecond,15,1,0,uc2n512.localdomain,None,None,1,e3dcd48466d184f73b497277096cf6fe,1.004084,1.371663,1408.0,135.0,2432.0,17500.0,840166.0,1146463.0
CUDA,CG,NoPrecond,15,1,0,uc2n512.localdomain,None,None,1,118784f7593ad5762b3e964c4aa0ad3f,0.968845,1.23063,1882.0,135.0,2492.0,17365.0,789079.0,1002148.0
CUDA,IR,NoPrecond,15,1,0,uc2n512.localdomain,0.1,None,1,4d9ff12681d7df4ff29f81c71871f314,1.00122,1.335172,82.0,135.0,2498.0,17584.0,826605.0,1102561.0
CUDA,IR,NoPrecond,15,1,0,uc2n512.localdomain,0.01,None,1,09c42e8fef35a7d5d3c27c366e66618a,0.994242,1.291089,43.0,135.0,2392.0,17337.0,806436.0,1055073.0
CUDA,IR,NoPrecond,15,1,0,uc2n512.localdomain,0.05,None,1,3d1c9e4a244fb00f4872a73220dadb76,0.984793,1.303746,64.0,135.0,2357.0,17349.0,803215.0,1065272.0
CUDA,IR,NoPrecond,15,1,0,uc2n512.localdomain,0.001,None,1,1297b7831f1a4c0a391ddedac9397172,0.995798,1.303294,35.0,135.0,2494.0,17565.0,802947.0,1075048.0
CUDA,CG,ILU,15,1,0,uc2n512.localdomain,None,None,1,13778d17e706b3e2521b82e6ae9483fb,0.960634,1.162626,592.0,135.0,2367.0,17048.0,784029.0,940719.0
CUDA,BiCGStab,BJ,15,1,0,uc2n512.localdomain,None,None,1,c3c7b5bd726260043734a6af4dafa258,0.975073,1.251568,1072.0,135.0,2557.0,17572.0,794610.0,1030422.0
CUDA,CG,BJ,90,1,0,uc2n512.localdomain,None,16,1,0cc38fbf2ea77a70ce57f5aee8152680,13.388136,30.770811,11043.0,135.0,790079.0,6815265.0,8866161.0,14331810.0
CUDA,CG,BJ,90,1,0,uc2n512.localdomain,None,8,1,c66aafdc35b5c23e898bbd05ae8252c1,13.42017,29.034488,11092.0,135.0,782555.0,6527463.0,8540049.0,13380261.0
CUDA,CG,BJ,90,1,0,uc2n512.localdomain,None,2,1,0cec1dc1b37d6be5955c6e33141114a4,13.394352,28.861215,12051.0,135.0,779786.0,6506703.0,8526057.0,13241975.0
CUDA,CG,BJ,90,1,0,uc2n512.localdomain,None,4,1,827a405a7614d5ef1b59af6a514775bf,13.239496,28.712541,11264.0,135.0,779707.0,6507063.0,8521018.0,13109922.0
CUDA,CG,BJ,90,1,0,uc2n512.localdomain,None,1,1,df1e4754ac276e98f47c3e5c232e4582,13.23102,29.31102,13195.0,135.0,775524.0,6490012.0,8601392.0,13590693.0
CUDA,BiCGStab,ILU,90,1,0,uc2n512.localdomain,None,None,1,ee30fc24dff1a1b0f625b54dd67a5ead,16.634413,61.287332,3254.0,135.0,777093.0,6540827.0,11969967.0,42358790.0
CUDA,BiCGStab,NoPrecond,90,1,0,uc2n512.localdomain,None,None,1,d561aad0280f70b4e51950449189ddaa,13.621826,32.025508,10462.0,135.0,769803.0,6452657.0,8853989.0,16131043.0
CUDA,CG,NoPrecond,90,1,0,uc2n512.localdomain,None,None,1,daf5504ebf112119066486ed1c88bcc0,13.179078,29.40313,13372.0,135.0,781861.0,6573342.0,8535271.0,13525975.0
CUDA,IR,NoPrecond,90,1,0,uc2n512.localdomain,0.1,None,1,b88a164f2ea4d6ea74f3571ce9e00a10,13.421379,31.118623,111.0,135.0,770584.0,6398053.0,8731149.0,15269912.0
CUDA,IR,NoPrecond,90,1,0,uc2n512.localdomain,0.01,None,1,565be0c5fcf33d2bbdeccd5def43114f,13.627058,30.665234,57.0,135.0,784191.0,6524424.0,8744320.0,14687341.0
CUDA,IR,NoPrecond,90,1,0,uc2n512.localdomain,0.05,None,1,5745cf2a6bb1cb9e4cf17605cd4693d7,13.538482,31.09557,90.0,135.0,781945.0,6513701.0,8654067.0,15288276.0
CUDA,IR,NoPrecond,90,1,0,uc2n512.localdomain,0.001,None,1,ddc02b6a34050525d04e36ac2b931a49,13.64569,30.135706,39.0,135.0,782929.0,6513825.0,8766004.0,14346674.0
CUDA,CG,ILU,90,1,0,uc2n512.localdomain,None,None,1,669c00c45058cf27ba297051d9814dd8,15.49586,48.362249,4244.0,135.0,782770.0,6520835.0,10674137.0,30636267.0
CUDA,BiCGStab,BJ,90,1,0,uc2n512.localdomain,None,None,1,83b003edecc1dd782c74534a97d89d2d,13.756174,32.508912,8218.0,135.0,775718.0,6527133.0,8934881.0,16533028.0
CUDA,CG,BJ,75,1,0,uc2n512.localdomain,None,16,1,a5fd891680c562d2785c679d983ea84e,7.955533,16.879681,8577.0,135.0,436525.0,3636273.0,5131071.0,7897539.0
CUDA,CG,BJ,75,1,0,uc2n512.localdomain,None,8,1,86ee799e54ff6869af90af51a6dd2b73,7.84416,16.556872,8598.0,135.0,436609.0,3634750.0,5100724.0,7611288.0
CUDA,CG,BJ,75,1,0,uc2n512.localdomain,None,2,1,d1e8623b5748a35af0e959f8ad470c1d,7.914925,16.382173,8911.0,135.0,437711.0,3643770.0,5081101.0,7459695.0
CUDA,CG,BJ,75,1,0,uc2n512.localdomain,None,4,1,b4cfb5de1cd92487c5f4b5905eaed909,7.905214,16.407179,8665.0,135.0,437004.0,3638113.0,5084131.0,7467377.0
CUDA,CG,BJ,75,1,0,uc2n512.localdomain,None,1,1,fe98cee5dfabf8d8db81f4552a9edb82,7.84345,16.620651,10180.0,135.0,437492.0,3632030.0,5091680.0,7674011.0
CUDA,BiCGStab,ILU,75,1,0,uc2n512.localdomain,None,None,1,6bc10635f08fed9c98558f7b65c0ac5c,9.515024,30.152337,2364.0,135.0,432906.0,3627144.0,6659568.0,19726570.0
CUDA,BiCGStab,NoPrecond,75,1,0,uc2n512.localdomain,None,None,1,f57dcd3afbad8f0b7a2612e1b3b0f44d,8.028186,18.284437,8393.0,135.0,435505.0,3624004.0,5221788.0,9191077.0
CUDA,CG,NoPrecond,75,1,0,uc2n512.localdomain,None,None,1,b1701117e5832e43a85f5e57b0c6ffcb,7.838206,16.67132,10348.0,135.0,440189.0,3672049.0,5061816.0,7613860.0
CUDA,IR,NoPrecond,75,1,0,uc2n512.localdomain,0.1,None,1,fcdfe37e7b369e7b09a263a5d432d0bd,7.968096,17.627521,105.0,135.0,440726.0,3687751.0,5192343.0,8523327.0
CUDA,IR,NoPrecond,75,1,0,uc2n512.localdomain,0.01,None,1,7baf30862ce3e2e4e8ca8c6169641730,7.983773,17.419316,56.0,135.0,434711.0,3622225.0,5191136.0,8446480.0
CUDA,IR,NoPrecond,75,1,0,uc2n512.localdomain,0.05,None,1,6887715de000f1ebc07526566f38573c,7.994906,17.616963,82.0,135.0,442834.0,3686718.0,5209262.0,8497234.0
CUDA,IR,NoPrecond,75,1,0,uc2n512.localdomain,0.001,None,1,1842e34fb335e724c060833a96cedc2f,7.98231,17.350042,38.0,135.0,442098.0,3689653.0,5188076.0,8254929.0
CUDA,CG,ILU,75,1,0,uc2n512.localdomain,None,None,1,c05470b5065a4f7f76b8edee1e71d914,8.908002,25.26664,3279.0,135.0,443469.0,3703802.0,6105005.0,15302383.0
CUDA,BiCGStab,BJ,75,1,0,uc2n512.localdomain,None,None,1,ffa6b46c443b3bdd375914fabb7fb27a,8.04212,18.077868,6386.0,135.0,435045.0,3621426.0,5329943.0,9210422.0
CUDA,CG,BJ,40,1,0,uc2n512.localdomain,None,16,1,8f32aeec9af8e1de3506afbd37535768,1.913561,3.275082,4503.0,135.0,52783.0,431331.0,1363656.0,1938234.0
CUDA,CG,BJ,40,1,0,uc2n512.localdomain,None,8,1,ca93acaeff7ba3dcd2de14cda63ebb37,1.901069,3.236648,4477.0,135.0,53320.0,433650.0,1352846.0,1889937.0
CUDA,CG,BJ,40,1,0,uc2n512.localdomain,None,2,1,a2f53b9d540cf3261fa7ad369d85cbe6,1.907345,3.329719,4861.0,135.0,53630.0,432252.0,1375610.0,1977657.0
CUDA,CG,BJ,40,1,0,uc2n512.localdomain,None,4,1,695d57c2793baff8742d2ce53911727b,1.905543,3.278751,4613.0,135.0,53607.0,433986.0,1359067.0,1931815.0
CUDA,CG,BJ,40,1,0,uc2n512.localdomain,None,1,1,2118419c728ed5149db381d8d25a00c7,1.918703,3.364339,5305.0,135.0,53799.0,431395.0,1362805.0,2012049.0
CUDA,BiCGStab,ILU,40,1,0,uc2n512.localdomain,None,None,1,e648da7f9bc19d43871a37c9e271265e,2.069912,4.44967,1207.0,135.0,52281.0,426469.0,1518254.0,3077578.0
CUDA,BiCGStab,NoPrecond,40,1,0,uc2n512.localdomain,None,None,1,3daa467a5207c133bbbdae1e2ab54ac4,1.951711,3.48456,3336.0,135.0,52312.0,423085.0,1408137.0,2169964.0
CUDA,CG,NoPrecond,40,1,0,uc2n512.localdomain,None,None,1,4552ea8b1d50f652993b837119d48a33,1.92025,3.383042,5440.0,135.0,52745.0,430451.0,1362318.0,2025432.0
CUDA,IR,NoPrecond,40,1,0,uc2n512.localdomain,0.1,None,1,69d1a2a03f8e9dd0b159634947e31a0b,1.94785,3.530309,91.0,135.0,52661.0,426103.0,1402068.0,2179102.0
CUDA,IR,NoPrecond,40,1,0,uc2n512.localdomain,0.01,None,1,a4914d7b5f8a878ccdedcf8c1bb1cb4e,1.922226,3.435664,50.0,135.0,52660.0,425794.0,1374266.0,2098677.0
CUDA,IR,NoPrecond,40,1,0,uc2n512.localdomain,0.05,None,1,05f76138b7af32e8341f3745fb914331,1.943332,3.48333,72.0,135.0,52931.0,429201.0,1379823.0,2133388.0
CUDA,IR,NoPrecond,40,1,0,uc2n512.localdomain,0.001,None,1,138f39b7e2fba3dcccb23643b0e939c7,1.921889,3.452231,37.0,135.0,52444.0,428103.0,1368731.0,2101300.0
CUDA,CG,ILU,40,1,0,uc2n512.localdomain,None,None,1,b9f823c9ea2eebacad6ac8b2de0ac1f4,1.990012,3.987804,1739.0,135.0,52709.0,428851.0,1443543.0,2584147.0
CUDA,BiCGStab,BJ,40,1,0,uc2n512.localdomain,None,None,1,816e84bb084438a7a49260de5fee4247,1.933151,3.39675,2682.0,135.0,53157.0,430526.0,1416013.0,2068451.0
CUDA,CG,BJ,25,1,0,uc2n512.localdomain,None,16,1,74d65be7a89db27f50c67dcdf8f50bbb,1.1732,1.670589,2820.0,135.0,11241.0,88147.0,902625.0,1228736.0
CUDA,CG,BJ,25,1,0,uc2n512.localdomain,None,8,1,41955412e4c0b2a9b44d5f32cb845649,1.193864,1.68811,2823.0,135.0,11185.0,89228.0,907804.0,1237425.0
CUDA,CG,BJ,25,1,0,uc2n512.localdomain,None,2,1,361429dec88aab19427640b5ad132ab9,1.178039,1.680078,2839.0,135.0,11133.0,88083.0,904618.0,1234597.0
CUDA,CG,BJ,25,1,0,uc2n512.localdomain,None,4,1,7e626fb6cf47a89eae9ec3820f303f77,1.173049,1.691319,2799.0,135.0,11549.0,89981.0,914374.0,1241606.0
CUDA,CG,BJ,25,1,0,uc2n512.localdomain,None,1,1,c453ac965c8a44feab321406030ae115,1.175114,1.737637,3120.0,135.0,11087.0,92867.0,917726.0,1276738.0
CUDA,BiCGStab,ILU,25,1,0,uc2n512.localdomain,None,None,1,2e0564b0e9d66c5fb8965f5ffe9ddb34,1.216847,1.922506,745.0,135.0,11366.0,93336.0,945655.0,1445471.0
CUDA,BiCGStab,NoPrecond,25,1,0,uc2n512.localdomain,None,None,1,abdedced55d689626d290de0579f6bb6,1.210429,1.960996,2530.0,135.0,11277.0,89766.0,944773.0,1501311.0
CUDA,CG,NoPrecond,25,1,0,uc2n512.localdomain,None,None,1,22c0412710e25d111ddefccbc3e48bca,1.179944,1.750932,3249.0,135.0,11152.0,89083.0,921006.0,1290723.0
CUDA,IR,NoPrecond,25,1,0,uc2n512.localdomain,0.1,None,1,72da370f705d3a45db643f9352694db7,1.193112,1.825181,85.0,135.0,11205.0,89246.0,924394.0,1364795.0
CUDA,IR,NoPrecond,25,1,0,uc2n512.localdomain,0.01,None,1,ebaf5dc38ecc46ad5d87b8f1441e3cd9,1.195815,1.795554,46.0,135.0,11599.0,89242.0,920714.0,1335061.0
CUDA,IR,NoPrecond,25,1,0,uc2n512.localdomain,0.05,None,1,576231748f8804ff616485e6a28f2814,1.180841,1.796107,67.0,135.0,11082.0,88381.0,919092.0,1335804.0
CUDA,IR,NoPrecond,25,1,0,uc2n512.localdomain,0.001,None,1,a61a5fe64bf4748a392695ca1f22c802,1.180912,1.853154,37.0,135.0,11214.0,90508.0,934492.0,1381440.0
CUDA,CG,ILU,25,1,0,uc2n512.localdomain,None,None,1,2a7a7e9603806fd8e824ffb1f914efca,1.185439,1.761667,1032.0,135.0,11271.0,90183.0,931006.0,1299960.0
CUDA,BiCGStab,BJ,25,1,0,uc2n512.localdomain,None,None,1,bce0475b8d3ce1def64e15d5142705b9,1.185266,1.79331,1902.0,135.0,11095.0,88834.0,924761.0,1350024.0
CUDA,CG,BJ,65,1,0,uc2n512.localdomain,None,16,1,9cd99658b5327fe81bc63c2fc002f30a,5.532943,11.304812,7507.0,135.0,277310.0,2307780.0,3628705.0,5422444.0
CUDA,CG,BJ,65,1,0,uc2n512.localdomain,None,8,1,8b90a34fa159a26ba5d1204134495e97,5.504876,11.230131,7799.0,135.0,278285.0,2318043.0,3609239.0,5321106.0
CUDA,CG,BJ,65,1,0,uc2n512.localdomain,None,2,1,bb9393e4cd3f4ea2a6a81590fabc8b21,5.498812,10.937155,7652.0,135.0,274354.0,2280275.0,3581782.0,5101732.0
CUDA,CG,BJ,65,1,0,uc2n512.localdomain,None,4,1,9a7b4bcd35860f435deb03c5c1f111a5,5.502053,11.041166,7490.0,135.0,276304.0,2299634.0,3598606.0,5150315.0
CUDA,CG,BJ,65,1,0,uc2n512.localdomain,None,1,1,b22cbc469fddf585edbf18c8128a524a,5.493846,11.18247,9007.0,135.0,276731.0,2303450.0,3580284.0,5302514.0
CUDA,BiCGStab,ILU,65,1,0,uc2n512.localdomain,None,None,1,27fbb04036d24a244458852e9e8f2dd5,6.4378,18.115989,1973.0,135.0,276534.0,2302422.0,4520208.0,11957103.0
CUDA,BiCGStab,NoPrecond,65,1,0,uc2n512.localdomain,None,None,1,a4142af17c5efd6423671cfae4bc89f6,5.612362,12.443664,7321.0,135.0,278321.0,2320635.0,3710021.0,6408443.0
CUDA,CG,NoPrecond,65,1,0,uc2n512.localdomain,None,None,1,c44f1ecdf4ac08edff272cda1cc4da43,5.488793,11.159616,9223.0,135.0,276251.0,2292265.0,3569982.0,5286291.0
CUDA,IR,NoPrecond,65,1,0,uc2n512.localdomain,0.1,None,1,32ea849609225751dc5e00212d987328,5.615952,11.92474,100.0,135.0,279913.0,2306552.0,3720317.0,5955064.0
CUDA,IR,NoPrecond,65,1,0,uc2n512.localdomain,0.01,None,1,16421b9b01af64095e1708da72c44f26,5.545489,11.723447,56.0,135.0,276873.0,2320431.0,3630829.0,5775347.0
CUDA,IR,NoPrecond,65,1,0,uc2n512.localdomain,0.05,None,1,9c67074f32ccefa114b076b58d74afc9,5.564213,11.851112,80.0,135.0,277470.0,2303282.0,3657233.0,5893208.0
CUDA,IR,NoPrecond,65,1,0,uc2n512.localdomain,0.001,None,1,2e450bb712127b8320fd37dea061c1eb,5.593457,11.616443,38.0,135.0,277135.0,2307586.0,3661331.0,5689509.0
CUDA,CG,ILU,65,1,0,uc2n512.localdomain,None,None,1,fa8843d719bb76854daef45260f706a0,6.079754,15.961796,2817.0,135.0,280995.0,2321645.0,4188786.0,9567804.0
CUDA,BiCGStab,BJ,65,1,0,uc2n512.localdomain,None,None,1,a956a738ef12a7f22ecd4b5ff704d6be,5.653563,12.059107,5099.0,135.0,279556.0,2300747.0,3749964.0,6065338.0
CUDA,CG,BJ,95,1,0,uc2n512.localdomain,None,16,1,d4cf54fb8d14af081026684c94cdf589,15.688051,35.443662,12031.0,135.0,915724.0,7715046.0,10108483.0,16771225.0
CUDA,CG,BJ,95,1,0,uc2n512.localdomain,None,8,1,756f1332914dca45b2ed57d8c054118b,15.645711,34.550471,12030.0,135.0,916407.0,7723676.0,10044745.0,15984536.0
CUDA,CG,BJ,95,1,0,uc2n512.localdomain,None,2,1,f029d68e80fcbd164c3b39b80ca897ef,15.534519,33.950862,12349.0,135.0,912151.0,7714774.0,9946720.0,15423804.0
CUDA,CG,BJ,95,1,0,uc2n512.localdomain,None,4,1,217d5ad733e167116a170607f126d378,15.461162,33.962977,11998.0,135.0,912072.0,7689769.0,9958987.0,15487256.0
CUDA,CG,BJ,95,1,0,uc2n512.localdomain,None,1,1,54591fe8058612b1445569c10df34cea,15.40476,34.783569,14063.0,135.0,929141.0,7852560.0,9921980.0,15953611.0
CUDA,BiCGStab,ILU,95,1,0,uc2n512.localdomain,None,None,1,7ff16a4df076f1f5dda112c10fbadc15,19.857915,72.703908,3311.0,135.0,923516.0,7760000.0,14283528.0,50403225.0
CUDA,BiCGStab,NoPrecond,95,1,0,uc2n512.localdomain,None,None,1,ab39cc86adc539d86c9879c72a36d301,15.836223,37.83517,11054.0,135.0,918615.0,7748191.0,10283853.0,18933699.0
CUDA,CG,NoPrecond,95,1,0,uc2n512.localdomain,None,None,1,df19decedb71f32ac777ad4ad83625c7,15.463889,34.786798,14244.0,135.0,938898.0,7894152.0,9921594.0,15905398.0
CUDA,IR,NoPrecond,95,1,0,uc2n512.localdomain,0.1,None,1,5c002d56c5bfc9e16841bacaf2ba186e,15.795961,36.899356,109.0,135.0,914082.0,7709371.0,10145234.0,18092055.0
CUDA,IR,NoPrecond,95,1,0,uc2n512.localdomain,0.01,None,1,6d2e06baf7f42bb916b66423f4b88182,15.651353,35.920986,55.0,135.0,918199.0,7742646.0,10095979.0,17301695.0
CUDA,IR,NoPrecond,95,1,0,uc2n512.localdomain,0.05,None,1,906b8d01f991ecab65e9a199f1ca429a,15.658932,36.977108,90.0,135.0,917228.0,7743081.0,10099481.0,18126511.0
CUDA,IR,NoPrecond,95,1,0,uc2n512.localdomain,0.001,None,1,4f86c5b0a953a4ece33883484a57a7af,15.721557,35.343693,37.0,135.0,918919.0,7766298.0,10062299.0,16714790.0
CUDA,CG,ILU,95,1,0,uc2n512.localdomain,None,None,1,19a0f17b38810ce51704214aca01aad1,18.300981,58.459417,4508.0,135.0,914456.0,7700976.0,12629404.0,37577532.0
CUDA,BiCGStab,BJ,95,1,0,uc2n512.localdomain,None,None,1,e45ef8de90ea0689721faf9f0bc84c5b,16.233805,39.057042,9028.0,135.0,922742.0,7750759.0,10579640.0,20001644.0
CUDA,CG,BJ,30,1,0,uc2n512.localdomain,None,16,1,c9cc3894df03bc2a721c9f03eb303fb3,1.354153,2.068562,3364.0,135.0,19816.0,159277.0,1014456.0,1418248.0
CUDA,CG,BJ,30,1,0,uc2n512.localdomain,None,8,1,d5c33ab585a433065367760671c664aa,1.356792,2.095474,3367.0,135.0,20001.0,169286.0,1026397.0,1428395.0
CUDA,CG,BJ,30,1,0,uc2n512.localdomain,None,2,1,327125ca0062839230709ca0fb925f3d,1.348913,2.123222,3581.0,135.0,20073.0,162091.0,1025096.0,1454125.0
CUDA,CG,BJ,30,1,0,uc2n512.localdomain,None,4,1,73259e4c63df00c2874403ebc0861912,1.362547,2.09475,3409.0,135.0,19944.0,162109.0,1015429.0,1428811.0
CUDA,CG,BJ,30,1,0,uc2n512.localdomain,None,1,1,69aedca035b32bc2c7a6a9d4b34256c5,1.347874,2.141068,3908.0,135.0,19995.0,164965.0,1014625.0,1479431.0
CUDA,BiCGStab,ILU,30,1,0,uc2n512.localdomain,None,None,1,cd6ce7e3dcd0c8fd1d55accfe5374496,1.414573,2.584457,948.0,135.0,19826.0,163988.0,1086583.0,1909415.0
CUDA,BiCGStab,NoPrecond,30,1,0,uc2n512.localdomain,None,None,1,84863d61c76e3a0eaa0f5140ee505503,1.391256,2.355284,2869.0,135.0,19830.0,159840.0,1064102.0,1710631.0
CUDA,CG,NoPrecond,30,1,0,uc2n512.localdomain,None,None,1,7394d0697594dd1e5401a349fafd8314,1.362067,2.163731,4069.0,135.0,19857.0,163660.0,1018540.0,1498534.0
CUDA,IR,NoPrecond,30,1,0,uc2n512.localdomain,0.1,None,1,0c0a3d7047e23fadd92397ee144525bd,1.374028,2.235595,87.0,135.0,20159.0,165330.0,1025996.0,1556693.0
CUDA,IR,NoPrecond,30,1,0,uc2n512.localdomain,0.01,None,1,8567c22b5d1d97ab7eaa03f7375d0920,1.380499,2.236544,49.0,135.0,19859.0,163249.0,1053566.0,1566226.0
CUDA,IR,NoPrecond,30,1,0,uc2n512.localdomain,0.05,None,1,cd88589dea762c71c34fa2c1a53893f0,1.366009,2.208097,69.0,135.0,19902.0,160652.0,1025007.0,1543983.0
CUDA,IR,NoPrecond,30,1,0,uc2n512.localdomain,0.001,None,1,323bc9f05a3984a737c579440316bcb8,1.378225,2.2475,38.0,135.0,19889.0,164710.0,1028736.0,1570212.0
CUDA,CG,ILU,30,1,0,uc2n512.localdomain,None,None,1,353567138a62247233963c74cbc2162d,1.372551,2.282409,1276.0,135.0,19808.0,164767.0,1042249.0,1608097.0
CUDA,BiCGStab,BJ,30,1,0,uc2n512.localdomain,None,None,1,8773f55955d21e65a264d515c39008cd,1.369309,2.252514,2406.0,135.0,19598.0,159051.0,1040228.0,1592860.0
CUDA,CG,BJ,70,1,0,uc2n512.localdomain,None,16,1,11cb39c49cccb622d623e194b4a7399b,6.594358,13.984105,8337.0,135.0,362656.0,3017266.0,4294439.0,6620712.0
CUDA,CG,BJ,70,1,0,uc2n512.localdomain,None,8,1,60c2ab1394a443fb2a09810d042f543d,6.567915,13.830926,8374.0,135.0,363616.0,3039261.0,4279097.0,6403640.0
CUDA,CG,BJ,70,1,0,uc2n512.localdomain,None,2,1,2ca9ac145d48bb5b46200380e53c3f79,6.550615,13.649625,8975.0,135.0,359705.0,2991798.0,4263842.0,6306464.0
CUDA,CG,BJ,70,1,0,uc2n512.localdomain,None,4,1,68ddde07d15483026585f9089f599c40,6.548852,13.665492,8541.0,135.0,361953.0,3002587.0,4289909.0,6322516.0
CUDA,CG,BJ,70,1,0,uc2n512.localdomain,None,1,1,3f897494449b40c2b1365e8e3b9274f3,6.549918,13.711523,9824.0,135.0,359320.0,2999341.0,4252089.0,6398101.0
CUDA,BiCGStab,ILU,70,1,0,uc2n512.localdomain,None,None,1,4e3a0f83d87526c5a90a999719040fbd,7.77611,25.029387,2382.0,135.0,358421.0,3003430.0,5451481.0,16539005.0
CUDA,BiCGStab,NoPrecond,70,1,0,uc2n512.localdomain,None,None,1,2534e48d649cea58dd33fdebec93501f,6.758666,15.077436,7537.0,135.0,364659.0,3038939.0,4381236.0,7496518.0
CUDA,CG,NoPrecond,70,1,0,uc2n512.localdomain,None,None,1,4cd273f5c4793c29254568219bebba98,6.596528,13.799267,10009.0,135.0,364445.0,3058512.0,4233410.0,6351860.0
CUDA,IR,NoPrecond,70,1,0,uc2n512.localdomain,0.1,None,1,d5f29a7de032a3c09222c5befdfb1908,6.678322,14.61386,101.0,135.0,362979.0,3069746.0,4340600.0,7061088.0
CUDA,IR,NoPrecond,70,1,0,uc2n512.localdomain,0.01,None,1,54c83694ff908fd739a487c3e8179748,6.735572,14.52758,56.0,135.0,360755.0,3002626.0,4407833.0,7093700.0
CUDA,IR,NoPrecond,70,1,0,uc2n512.localdomain,0.05,None,1,c6ced3fd062d8ab6de2dcaf0800c32d7,6.656847,14.485802,79.0,135.0,356212.0,2990560.0,4334097.0,7060993.0
CUDA,IR,NoPrecond,70,1,0,uc2n512.localdomain,0.001,None,1,46c2120e55bb9de71104c97782270126,6.655532,14.364863,38.0,135.0,359605.0,3022048.0,4368228.0,6897580.0
CUDA,CG,ILU,70,1,0,uc2n512.localdomain,None,None,1,4ccb2903b24edae0cf97ad5a7792fa7c,7.428572,20.417969,3174.0,135.0,356407.0,3007618.0,5046535.0,12451444.0
CUDA,BiCGStab,BJ,70,1,0,uc2n512.localdomain,None,None,1,5cb0fac7a04bd1e9b724c2b807fcd231,6.759958,15.445064,6423.0,135.0,370733.0,3050573.0,4421028.0,7855590.0
CUDA,CG,BJ,100,1,0,uc2n512.localdomain,None,16,1,ca9d8e0158cbf6f3591852e6ab9bb7a9,17.881578,40.674854,12032.0,135.0,1083535.0,9122911.0,11656394.0,19236831.0
CUDA,CG,BJ,100,1,0,uc2n512.localdomain,None,8,1,9d06d677532c76128d20bdca5f11d1c4,17.909123,39.814063,12151.0,135.0,1075909.0,9066505.0,11597612.0,18382603.0
CUDA,CG,BJ,100,1,0,uc2n512.localdomain,None,2,1,5187a24a4a00bb77e85f8bc56e7b1b37,17.873779,39.24324,13220.0,135.0,1071833.0,9016897.0,11509422.0,18078289.0
CUDA,CG,BJ,100,1,0,uc2n512.localdomain,None,4,1,d0e8eb11b5b259a30a44f1f80d2810b7,17.880286,39.463464,12533.0,135.0,1078049.0,9057502.0,11576962.0,18075396.0
CUDA,CG,BJ,100,1,0,uc2n512.localdomain,None,1,1,49cc87da89075294db65e94515288ad3,17.772338,39.808958,14481.0,135.0,1084841.0,9133296.0,11452200.0,18414134.0
CUDA,BiCGStab,ILU,100,1,0,uc2n512.localdomain,None,None,1,694b8fe572f55cedfac4232b18c2b86f,23.06808,86.855168,3404.0,135.0,1080698.0,9110981.0,16964181.0,60629979.0
CUDA,BiCGStab,NoPrecond,100,1,0,uc2n512.localdomain,None,None,1,52641f6d1dc0c20214f441bc0001549d,18.188296,44.092224,11622.0,135.0,1079563.0,9067073.0,11873651.0,22190752.0
CUDA,CG,NoPrecond,100,1,0,uc2n512.localdomain,None,None,1,63dfcbcfc39d225fad7d6f9edda76965,17.884786,39.873585,14597.0,135.0,1080485.0,9058213.0,11492513.0,18412581.0
CUDA,IR,NoPrecond,100,1,0,uc2n512.localdomain,0.1,None,1,16efa04ae96bf4e48e01d07c40ee08fb,18.012238,42.825152,105.0,135.0,1100917.0,9246706.0,11720190.0,20830448.0
CUDA,IR,NoPrecond,100,1,0,uc2n512.localdomain,0.01,None,1,6cd95b728cdb2c9de3dc34ede5e01b3e,17.939958,42.556942,54.0,135.0,1102568.0,9256980.0,11653193.0,20479299.0
CUDA,IR,NoPrecond,100,1,0,uc2n512.localdomain,0.05,None,1,0138717cf17799fb45d5fe7b6deba38c,18.047675,41.691414,79.0,135.0,1086444.0,9109951.0,11678348.0,20157163.0
CUDA,IR,NoPrecond,100,1,0,uc2n512.localdomain,0.001,None,1,e5b383aa0cc83decf21c86905ac38595,17.88308,41.382375,36.0,135.0,1138236.0,9136464.0,11552591.0,19461613.0
CUDA,CG,ILU,100,1,0,uc2n512.localdomain,None,None,1,91fe5e8c04bd7c63e85bd0042dca1dad,20.979808,69.726364,4654.0,135.0,1080970.0,9037398.0,14914552.0,45262916.0
CUDA,BiCGStab,BJ,100,1,0,uc2n512.localdomain,None,None,1,f2fbd9ae294444789d8c7fb0f9a29f04,18.0701,44.744403,9030.0,135.0,1081989.0,9115656.0,11949755.0,22896885.0
CUDA,CG,BJ,80,1,0,uc2n512.localdomain,None,16,1,b5dde3517cfa73b941da4558da2e3545,9.329111,20.338884,9462.0,135.0,531646.0,4502325.0,6089068.0,9643511.0
CUDA,CG,BJ,80,1,0,uc2n512.localdomain,None,8,1,df7bb350ef23acb5bbf3399c7c7a152e,9.357922,20.431805,9607.0,135.0,534951.0,4585130.0,6175986.0,9449918.0
CUDA,CG,BJ,80,1,0,uc2n512.localdomain,None,2,1,62990fe86c86fae5fa6c3d03226d97f8,9.35225,19.973096,10439.0,135.0,535392.0,4533072.0,6057633.0,9250302.0
CUDA,CG,BJ,80,1,0,uc2n512.localdomain,None,4,1,1557641f8bf6d4c76f0e4fbccedc1959,9.386895,20.006342,9889.0,135.0,544534.0,4602837.0,6044541.0,9173815.0
CUDA,CG,BJ,80,1,0,uc2n512.localdomain,None,1,1,ade02200b5176879870074f49cb4295a,9.350975,20.052513,11429.0,135.0,532675.0,4508145.0,6011410.0,9374365.0
CUDA,BiCGStab,ILU,80,1,0,uc2n512.localdomain,None,None,1,b27e98937ac40840068d650b2a139a91,11.467967,32.945774,2079.0,135.0,529890.0,4484316.0,8053336.0,21418014.0
CUDA,BiCGStab,NoPrecond,80,1,0,uc2n512.localdomain,None,None,1,48e5f36791fe44b9bd2743382be00694,9.499993,22.112251,8942.0,135.0,535790.0,4515828.0,6208694.0,11044853.0
CUDA,CG,NoPrecond,80,1,0,uc2n512.localdomain,None,None,1,41be953fe44870a00d666d6ad07f5a31,9.327938,20.053641,11532.0,135.0,533247.0,4503959.0,6008005.0,9323982.0
CUDA,IR,NoPrecond,80,1,0,uc2n512.localdomain,0.1,None,1,e6e1d2b0c5599b22101289fe0c153f09,9.514266,21.478963,106.0,135.0,543026.0,4568240.0,6209499.0,10566560.0
CUDA,IR,NoPrecond,80,1,0,uc2n512.localdomain,0.01,None,1,e415d93ba5112ecf83ebd06235f80302,9.457981,21.280109,57.0,135.0,537658.0,4533088.0,6141009.0,10283023.0
CUDA,IR,NoPrecond,80,1,0,uc2n512.localdomain,0.05,None,1,a0523a74ec6e1a7da75305eac66cf53a,9.475485,21.241424,84.0,135.0,541283.0,4571420.0,6131774.0,10302805.0
CUDA,IR,NoPrecond,80,1,0,uc2n512.localdomain,0.001,None,1,290fa7072de64264691318a32d386ebc,9.489136,21.027333,39.0,135.0,543674.0,4588680.0,6185375.0,10029390.0
CUDA,CG,ILU,80,1,0,uc2n512.localdomain,None,None,1,0fee882f5d0c8b4f3e25fb3d3863c8ad,10.642027,31.062975,3679.0,135.0,533135.0,4503101.0,7378206.0,19711886.0
CUDA,BiCGStab,BJ,80,1,0,uc2n512.localdomain,None,None,1,3ed3823e497463fb1c25b171e9075d59,9.645668,22.793518,7299.0,135.0,543030.0,4592800.0,6335560.0,11524228.0
CUDA,CG,BJ,85,1,0,uc2n512.localdomain,None,16,1,7b494094eeeea62326ed7ead44f8c3d0,12.069546,25.386883,10301.0,135.0,663059.0,5460936.0,7507250.0,11894093.0
CUDA,CG,BJ,85,1,0,uc2n512.localdomain,None,8,1,6b2c7a9a6b8baa77d1e21a13a34ca3ed,11.345899,24.814605,10322.0,135.0,642738.0,5544507.0,7305165.0,11306916.0
CUDA,CG,BJ,85,1,0,uc2n512.localdomain,None,2,1,ff3af4b671881e8efee985e6aadb3b77,11.470771,24.65892,10775.0,135.0,651171.0,5500623.0,7554063.0,11320018.0
CUDA,CG,BJ,85,1,0,uc2n512.localdomain,None,4,1,0a70e5662aebfb65d4ec4e93744ec86e,11.911145,24.542881,10416.0,135.0,655861.0,5532350.0,7387370.0,11142173.0
CUDA,CG,BJ,85,1,0,uc2n512.localdomain,None,1,1,fb894e4567cdb4c1b1cd9cb7801638d7,11.369652,24.892969,12322.0,135.0,654357.0,5525351.0,7294121.0,11442500.0
CUDA,BiCGStab,ILU,85,1,0,uc2n512.localdomain,None,None,1,65ed5e413e177d524a44119be32eab75,14.298644,47.952147,2858.0,135.0,649793.0,5403573.0,10145964.0,32393788.0
CUDA,BiCGStab,NoPrecond,85,1,0,uc2n512.localdomain,None,None,1,ee4eddb0c189ac22326151cbac495d61,11.64836,27.056126,9638.0,135.0,656118.0,5488836.0,7543901.0,13438620.0
CUDA,CG,NoPrecond,85,1,0,uc2n512.localdomain,None,None,1,5f94af51a5154630dcd30cab92baaf05,11.362063,24.678268,12486.0,135.0,649618.0,5426549.0,7382816.0,11485544.0
CUDA,IR,NoPrecond,85,1,0,uc2n512.localdomain,0.1,None,1,8524f67ffc2fb4740082b42b10a486e5,11.512889,26.234617,110.0,135.0,658143.0,5450030.0,7428779.0,12817132.0
CUDA,IR,NoPrecond,85,1,0,uc2n512.localdomain,0.01,None,1,6e345e31d90ca0edc24c05d14fce887e,11.512099,25.711939,57.0,135.0,647072.0,5468645.0,7411596.0,12375462.0
CUDA,IR,NoPrecond,85,1,0,uc2n512.localdomain,0.05,None,1,42ae7597b85512090c5dd8db2bd8b4e1,11.508684,26.031732,86.0,135.0,650529.0,5485893.0,7424229.0,12590281.0
CUDA,IR,NoPrecond,85,1,0,uc2n512.localdomain,0.001,None,1,adcc042a0223fc32aedafa003b1083be,11.601312,25.681452,39.0,135.0,658657.0,5558816.0,7511802.0,12120875.0
CUDA,CG,ILU,85,1,0,uc2n512.localdomain,None,None,1,44103b7e5d7c77ac1809e0967862dafc,13.027659,39.505359,3976.0,135.0,653784.0,5416258.0,9009480.0,24841220.0
CUDA,BiCGStab,BJ,85,1,0,uc2n512.localdomain,None,None,1,797d08f1f93e9be6f24ec92c7264375d,11.68573,27.465763,7728.0,135.0,651887.0,5457963.0,7621630.0,13887003.0
CUDA,CG,BJ,10,1,0,uc2n512.localdomain,None,16,1,ccbf3328d507e2d747aef899bc1de8b3,0.939761,1.076607,875.0,135.0,892.0,5413.0,757231.0,863526.0
CUDA,CG,BJ,10,1,0,uc2n512.localdomain,None,8,1,6f3feec2b51de7f2de15bd5f2e2a0547,0.94605,1.07743,970.0,135.0,862.0,5337.0,759642.0,875547.0
CUDA,CG,BJ,10,1,0,uc2n512.localdomain,None,2,1,7cd5838e0d233413d6a8250db173fc63,0.948719,1.096924,1016.0,135.0,793.0,5309.0,760458.0,883354.0
CUDA,CG,BJ,10,1,0,uc2n512.localdomain,None,4,1,5a88819ed8ed9e7c51b15a19a09b78ed,0.935131,1.075469,991.0,135.0,798.0,5342.0,754302.0,873229.0
CUDA,CG,BJ,10,1,0,uc2n512.localdomain,None,1,1,c30079ec9753aa67f32ac3276cf86b2c,0.940809,1.089939,1086.0,135.0,804.0,5293.0,754091.0,883191.0
CUDA,BiCGStab,ILU,10,1,0,uc2n512.localdomain,None,None,1,bd317ff584f60e0babd7513e4e34a9bb,0.937342,1.060735,216.0,135.0,751.0,5163.0,756068.0,853967.0
CUDA,BiCGStab,NoPrecond,10,1,0,uc2n512.localdomain,None,None,1,47dd2ae0cde34924fc50dcaa421b00b5,0.955049,1.15681,817.0,135.0,823.0,5292.0,775055.0,954316.0
CUDA,CG,NoPrecond,10,1,0,uc2n512.localdomain,None,None,1,63d020a8e2db6069d99ff1ce7a9817ad,0.940054,1.115597,1206.0,135.0,801.0,5310.0,760378.0,905319.0
CUDA,IR,NoPrecond,10,1,0,uc2n512.localdomain,0.1,None,1,887c847372123ade39e8bca76ed56715,0.948933,1.159685,73.0,135.0,795.0,5309.0,765065.0,950898.0
CUDA,IR,NoPrecond,10,1,0,uc2n512.localdomain,0.01,None,1,a880deb258e8a6de150936b935ce634a,0.946334,1.13947,41.0,135.0,749.0,5341.0,757690.0,923525.0
CUDA,IR,NoPrecond,10,1,0,uc2n512.localdomain,0.05,None,1,3be80544f769b56609096a043cda9fc5,0.960605,1.166817,59.0,135.0,876.0,5368.0,770863.0,944824.0
CUDA,IR,NoPrecond,10,1,0,uc2n512.localdomain,0.001,None,1,2131a335b4bcc32011cd5fdb1b72a3fe,0.950418,1.150775,32.0,135.0,886.0,5442.0,766720.0,938391.0
CUDA,CG,ILU,10,1,0,uc2n512.localdomain,None,None,1,dc2d7d4f2170865dc6abb307437f4b64,0.939203,1.046607,383.0,135.0,794.0,5275.0,756046.0,843558.0
CUDA,BiCGStab,BJ,10,1,0,uc2n512.localdomain,None,None,1,1c868d9db69ae295405e2f2ade4e4fcc,0.940803,1.101199,612.0,135.0,801.0,5333.0,757999.0,901211.0
CUDA,CG,BJ,50,1,0,uc2n512.localdomain,None,16,1,858f80ac262e1c3fa28baab4bcba8829,2.901458,5.598613,6121.0,135.0,118069.0,973930.0,1993077.0,2972279.0
CUDA,CG,BJ,50,1,0,uc2n512.localdomain,None,8,1,8ad1c760969e53ac096d4b052e4b7919,2.889864,5.518977,6143.0,135.0,117072.0,969619.0,1988887.0,2910645.0
CUDA,CG,BJ,50,1,0,uc2n512.localdomain,None,2,1,521074f50b445b77899eace87af13797,2.886528,5.467702,6353.0,135.0,116808.0,965313.0,1968299.0,2862290.0
CUDA,CG,BJ,50,1,0,uc2n512.localdomain,None,4,1,ea8342447732652d2e3c3e6a1bfc087b,2.905779,5.482847,6225.0,135.0,117654.0,981041.0,1984440.0,2862737.0
CUDA,CG,BJ,50,1,0,uc2n512.localdomain,None,1,1,68a7d902cf421864a51d4a67b7db9bed,2.911985,5.533718,6942.0,135.0,116973.0,962529.0,1961071.0,2925901.0
CUDA,BiCGStab,ILU,50,1,0,uc2n512.localdomain,None,None,1,b6a669ed43aa0cd8e5795df6a1af60ee,3.244033,8.501186,1633.0,135.0,116533.0,977673.0,2328409.0,5632619.0
CUDA,BiCGStab,NoPrecond,50,1,0,uc2n512.localdomain,None,None,1,c75243296ac85656ea21d9d301e6e8ff,2.958929,6.10482,5073.0,135.0,116538.0,957625.0,2057860.0,3420392.0
CUDA,CG,NoPrecond,50,1,0,uc2n512.localdomain,None,None,1,b4141f72e5dbaca3e03ee8949bbdbf6f,2.886579,5.583319,7113.0,135.0,115975.0,958811.0,1975628.0,2978100.0
CUDA,IR,NoPrecond,50,1,0,uc2n512.localdomain,0.1,None,1,5c2634499c5549b63b76c2b63c1d0218,2.925809,5.893477,101.0,135.0,116279.0,966973.0,2010939.0,3265845.0
CUDA,IR,NoPrecond,50,1,0,uc2n512.localdomain,0.01,None,1,7fccdb3fdd7948f9940881da55d6e297,2.910999,5.79789,56.0,135.0,117008.0,969889.0,1997858.0,3163637.0
CUDA,IR,NoPrecond,50,1,0,uc2n512.localdomain,0.05,None,1,91705ca07a4b52d39cba4611c93f8ec2,2.908064,5.881475,80.0,135.0,117185.0,968009.0,2005855.0,3240171.0
CUDA,IR,NoPrecond,50,1,0,uc2n512.localdomain,0.001,None,1,68922f0e86bce3f40fab600b7555d2fc,2.933722,5.741873,38.0,135.0,117159.0,961744.0,2004344.0,3107568.0
CUDA,CG,ILU,50,1,0,uc2n512.localdomain,None,None,1,ee25a7f12a8397d7ff86506546515ab8,3.085011,7.232788,2242.0,135.0,117376.0,969052.0,2180066.0,4460805.0
CUDA,BiCGStab,BJ,50,1,0,uc2n512.localdomain,None,None,1,fdec58a14d346f86c38def177b798534,2.943858,5.898861,4050.0,135.0,116323.0,977371.0,2021095.0,3267790.0
CUDA,CG,BJ,55,1,0,uc2n512.localdomain,None,16,1,45e209110c4713e93ae074864ae2a246,3.631185,7.139272,6482.0,135.0,161445.0,1339517.0,2418114.0,3617659.0
CUDA,CG,BJ,55,1,0,uc2n512.localdomain,None,8,1,77c4f36c2b543e77c83567f6fd949147,3.629273,7.037563,6525.0,135.0,160742.0,1343867.0,2409068.0,3520356.0
CUDA,CG,BJ,55,1,0,uc2n512.localdomain,None,2,1,20334ef78235a6c8deb38fbcb3c601aa,3.625809,6.946197,6721.0,135.0,160892.0,1333416.0,2406397.0,3452404.0
CUDA,CG,BJ,55,1,0,uc2n512.localdomain,None,4,1,b75c46c8bbe73b103e79cf0fc3a4f744,3.609044,7.000575,6532.0,135.0,161941.0,1347220.0,2394655.0,3465275.0
CUDA,CG,BJ,55,1,0,uc2n512.localdomain,None,1,1,223adb80a666a2db6e9b8c0b6ba44f42,3.614556,7.02811,7597.0,135.0,160425.0,1328447.0,2389683.0,3529337.0
CUDA,BiCGStab,ILU,55,1,0,uc2n512.localdomain,None,None,1,f8b38c17dc1bdb43b5143290834d101a,4.109806,11.216041,1743.0,135.0,163055.0,1353462.0,2899601.0,7278595.0
CUDA,BiCGStab,NoPrecond,55,1,0,uc2n512.localdomain,None,None,1,7b74a6b131cb6d7d382090f2012f98c5,3.684678,7.763704,5673.0,135.0,161033.0,1335064.0,2483953.0,4164655.0
CUDA,CG,NoPrecond,55,1,0,uc2n512.localdomain,None,None,1,b221115ba29653031b54a72a0143a75b,3.597564,7.067271,7780.0,135.0,162085.0,1349242.0,2396233.0,3543874.0
CUDA,IR,NoPrecond,55,1,0,uc2n512.localdomain,0.1,None,1,9dcd2161c8a346d166212c634471bc52,3.666166,7.480938,101.0,135.0,161101.0,1349749.0,2437745.0,3914539.0
CUDA,IR,NoPrecond,55,1,0,uc2n512.localdomain,0.01,None,1,eb980f83f169b4ad53324553544ee15a,3.624633,7.402496,56.0,135.0,160868.0,1338794.0,2439496.0,3858981.0
CUDA,IR,NoPrecond,55,1,0,uc2n512.localdomain,0.05,None,1,022a812f06ac24155b63e806d4594230,3.659206,7.472041,81.0,135.0,162223.0,1345993.0,2426764.0,3893834.0
CUDA,IR,NoPrecond,55,1,0,uc2n512.localdomain,0.001,None,1,e84b8ca23d89f467ce65aa5040d1afdb,3.664541,7.344307,38.0,135.0,163348.0,1347590.0,2455562.0,3779943.0
CUDA,CG,ILU,55,1,0,uc2n512.localdomain,None,None,1,b50415ac56c75338670815155aa26658,3.92334,9.587684,2465.0,135.0,160998.0,1342829.0,2710599.0,5828359.0
CUDA,BiCGStab,BJ,55,1,0,uc2n512.localdomain,None,None,1,9a6a958e0a33f674c22dc9c1ee5e1805,3.697595,7.377498,3997.0,135.0,161889.0,1339554.0,2483125.0,3893765.0
CUDA,CG,BJ,35,1,0,uc2n512.localdomain,None,16,1,bcbae2f393c92525408f4ba2e83ec76a,1.612968,2.585896,3981.0,135.0,32696.0,265746.0,1170926.0,1638048.0
CUDA,CG,BJ,35,1,0,uc2n512.localdomain,None,8,1,c4c986d9450a3f6697934c9e85d1b398,1.607909,2.600445,3990.0,135.0,32786.0,269768.0,1172946.0,1653034.0
CUDA,CG,BJ,35,1,0,uc2n512.localdomain,None,2,1,0648c58790a201e691b8c0bfb285bdd2,1.605419,2.620258,4108.0,135.0,32724.0,267641.0,1173577.0,1663910.0
CUDA,CG,BJ,35,1,0,uc2n512.localdomain,None,4,1,055070241bba1ae042196b7cebd40ade,1.631739,2.591718,4012.0,135.0,33617.0,269680.0,1167450.0,1636898.0
CUDA,CG,BJ,35,1,0,uc2n512.localdomain,None,1,1,cb814921938e0a766b4bd37b8cc1f363,1.621965,2.680878,4609.0,135.0,32827.0,267788.0,1175193.0,1724843.0
CUDA,BiCGStab,ILU,35,1,0,uc2n512.localdomain,None,None,1,8beaa69d18b8505855ce2b03e8469eec,1.714962,3.510269,1124.0,135.0,32380.0,266051.0,1278214.0,2477223.0
CUDA,BiCGStab,NoPrecond,35,1,0,uc2n512.localdomain,None,None,1,cb28601aca6074d6cf1a2717005ca4b8,1.663136,2.952353,3402.0,135.0,32635.0,270443.0,1225602.0,1994420.0
CUDA,BiCGStab,NoPrecond,35,1,0,uc2n512.localdomain,None,None,1,47aa60c9fb8630167cadc7abb0d47a9f,1.667818,2.941503,3402.0,135.0,32792.0,269887.0,1225992.0,1988126.0
CUDA,CG,NoPrecond,35,1,0,uc2n512.localdomain,None,None,1,ac66ea429fea506d05bcdac3bc9309bc,1.626035,2.699271,4751.0,135.0,32635.0,264393.0,1180633.0,1748860.0
CUDA,IR,NoPrecond,35,1,0,uc2n512.localdomain,0.1,None,1,e9a4d1f6c67b644401ca63fa3860a9ff,1.630036,2.829217,89.0,135.0,33040.0,262821.0,1192383.0,1855948.0
CUDA,IR,NoPrecond,35,1,0,uc2n512.localdomain,0.01,None,1,57bb39caf4cbe4a6de1e60d8ccfbb418,1.628753,2.765734,49.0,135.0,32891.0,269154.0,1189352.0,1803193.0
CUDA,IR,NoPrecond,35,1,0,uc2n512.localdomain,0.05,None,1,dde5b06e7f9be476c8a7ea7db43c9aa0,1.63585,2.818765,71.0,135.0,32476.0,268468.0,1196998.0,1849965.0
CUDA,IR,NoPrecond,35,1,0,uc2n512.localdomain,0.001,None,1,5f364ea13ce8b87eb9101d105643b9eb,1.629838,2.839608,37.0,135.0,33374.0,270939.0,1213329.0,1851909.0
CUDA,CG,ILU,35,1,0,uc2n512.localdomain,None,None,1,9b3ae413dc3c8e8d3ba973d418f19218,1.673193,3.034907,1506.0,135.0,32834.0,272425.0,1230222.0,2043002.0
CUDA,BiCGStab,BJ,35,1,0,uc2n512.localdomain,None,None,1,3339c086b6e175ff463f83f6dc79cebc,1.632024,2.823274,2864.0,135.0,33039.0,269351.0,1197638.0,1859322.0
CUDA,CG,BJ,20,1,0,uc2n512.localdomain,None,16,1,bf4733cf7e6107d357158d0c9731a3ec,1.073437,1.405143,2223.0,135.0,5817.0,43438.0,836362.0,1086525.0
CUDA,CG,BJ,20,1,0,uc2n512.localdomain,None,8,1,fac6746a972035b64911fbbdfe137228,1.064778,1.413025,2152.0,135.0,5810.0,43646.0,845255.0,1087755.0
CUDA,CG,BJ,20,1,0,uc2n512.localdomain,None,2,1,9c21e261d8b56339c913f345f1835353,1.060909,1.412733,2225.0,135.0,5769.0,43409.0,836246.0,1088705.0
CUDA,CG,BJ,20,1,0,uc2n512.localdomain,None,4,1,f86c4374e2a77dd4e0d37d69e83a66f6,1.072992,1.399242,2107.0,135.0,5833.0,43005.0,839498.0,1076973.0
CUDA,CG,BJ,20,1,0,uc2n512.localdomain,None,1,1,a3fcc65369c9ae43b879f3ff03891cf7,1.065524,1.439318,2400.0,135.0,5846.0,43190.0,842247.0,1113986.0
CUDA,BiCGStab,ILU,20,1,0,uc2n512.localdomain,None,None,1,0bd7177d8132d36558a569bdb45a0235,1.09755,1.523706,589.0,135.0,5844.0,43354.0,854232.0,1181182.0
CUDA,BiCGStab,NoPrecond,20,1,0,uc2n512.localdomain,None,None,1,4bbd7712ec907da29a82636384971e3a,1.093324,1.607755,1873.0,135.0,5797.0,43360.0,872486.0,1276885.0
CUDA,CG,NoPrecond,20,1,0,uc2n512.localdomain,None,None,1,244af8bb4b8396e52f8711553c10d17e,1.063148,1.482012,2530.0,135.0,5818.0,43187.0,843349.0,1139974.0
CUDA,IR,NoPrecond,20,1,0,uc2n512.localdomain,0.1,None,1,0caa1c532c5dee443855388044853d7c,1.090182,1.577671,84.0,135.0,5895.0,47122.0,866854.0,1228723.0
CUDA,IR,NoPrecond,20,1,0,uc2n512.localdomain,0.01,None,1,11092ecf750f376786ca79f12a239603,1.082737,1.532364,45.0,135.0,5941.0,43915.0,854372.0,1187322.0
CUDA,IR,NoPrecond,20,1,0,uc2n512.localdomain,0.05,None,1,a3eb4a9cef613b875742a8ead3f7343b,1.081017,1.537412,66.0,135.0,5838.0,43327.0,857852.0,1201513.0
CUDA,IR,NoPrecond,20,1,0,uc2n512.localdomain,0.001,None,1,f584b8e251b2d1f43fc5c9be77e71572,1.07603,1.550411,37.0,135.0,5837.0,43471.0,851485.0,1204031.0
CUDA,CG,ILU,20,1,0,uc2n512.localdomain,None,None,1,16136099f4230e4cfe5f513f20355012,1.062312,1.40774,803.0,135.0,5879.0,43669.0,845733.0,1085921.0
CUDA,BiCGStab,BJ,20,1,0,uc2n512.localdomain,None,None,1,c69df985315566b2a6223fee47207ed4,1.086214,1.453769,1349.0,135.0,5935.0,43405.0,845757.0,1142120.0
CUDA,CG,BJ,60,1,0,uc2n512.localdomain,None,16,1,3b8f1daa3eadd3a79f1f2e3fe837fc45,4.44223,8.963818,6930.0,135.0,214908.0,1793358.0,2920486.0,4375117.0
CUDA,CG,BJ,60,1,0,uc2n512.localdomain,None,8,1,3dd73f817ab80f5c18d13437f80e3517,4.407133,8.803707,6987.0,135.0,214953.0,1787461.0,2911340.0,4253740.0
CUDA,CG,BJ,60,1,0,uc2n512.localdomain,None,2,1,5fbe27d4a95d9c0d934cd32192f592e4,4.400201,8.780693,7533.0,135.0,214995.0,1791080.0,2911437.0,4221903.0
CUDA,CG,BJ,60,1,0,uc2n512.localdomain,None,4,1,8e7577ddd6fe46425f4d12a6e293e2d2,4.402132,8.805093,7142.0,135.0,216907.0,1807443.0,2907913.0,4200235.0
CUDA,CG,BJ,60,1,0,uc2n512.localdomain,None,1,1,399180bb2a306c99d6ca1ee4bc309ae3,4.402016,8.809842,8241.0,135.0,216005.0,1784346.0,2883350.0,4266747.0
CUDA,BiCGStab,ILU,60,1,0,uc2n512.localdomain,None,None,1,ddbbbf6ec79c263214b2aa17e32becf6,5.072813,14.792735,2052.0,135.0,214724.0,1793483.0,3553653.0,9983647.0
CUDA,BiCGStab,NoPrecond,60,1,0,uc2n512.localdomain,None,None,1,e8d65e45b84ebf499a8e6c0bce9ccdf5,4.498673,9.777993,6535.0,135.0,216607.0,1791248.0,2997472.0,5129700.0
CUDA,CG,NoPrecond,60,1,0,uc2n512.localdomain,None,None,1,03ace81b3672380fbd33b0d01fd18d92,4.391927,8.821623,8427.0,135.0,217060.0,1787677.0,2883497.0,4264026.0
CUDA,IR,NoPrecond,60,1,0,uc2n512.localdomain,0.1,None,1,486862bfd95d57597d4cd2cb6ccfba46,4.508363,9.324941,99.0,135.0,214124.0,1791894.0,2966253.0,4721212.0
CUDA,IR,NoPrecond,60,1,0,uc2n512.localdomain,0.01,None,1,1a63cccfbf4b0581d3e46fe605ee9369,4.428663,9.255443,56.0,135.0,213928.0,1794122.0,2920596.0,4642020.0
CUDA,IR,NoPrecond,60,1,0,uc2n512.localdomain,0.05,None,1,ca4f4b9e508fa8583b63b04f8b9ce6d9,4.459466,9.234862,78.0,135.0,212770.0,1770470.0,2927236.0,4666581.0
CUDA,IR,NoPrecond,60,1,0,uc2n512.localdomain,0.001,None,1,90f3b9dd1343a015b7fcfab052ab9aca,4.445412,9.180451,38.0,135.0,216070.0,1805252.0,2946415.0,4567012.0
CUDA,CG,ILU,60,1,0,uc2n512.localdomain,None,None,1,4bd550a09bc63aeb934b11d2ccc240e0,4.848053,12.416656,2682.0,135.0,215094.0,1792240.0,3319727.0,7505945.0
CUDA,BiCGStab,BJ,60,1,0,uc2n512.localdomain,None,None,1,d530916d703c834b6d566711649288f1,4.521024,9.542796,4843.0,135.0,215349.0,1777714.0,2972964.0,4928812.0
CUDA,CG,BJ,45,1,0,uc2n512.localdomain,None,16,1,a65f39bc246faafe6b157316acbdbf72,2.377387,4.279848,5172.0,135.0,79148.0,647320.0,1642178.0,2380461.0
CUDA,CG,BJ,45,1,0,uc2n512.localdomain,None,8,1,28a8595917d3634788cefd3e6b55461d,2.374326,4.225073,5183.0,135.0,78677.0,651338.0,1637963.0,2327704.0
CUDA,CG,BJ,45,1,0,uc2n512.localdomain,None,2,1,bcad36496be1ff31a95c070acb85e682,2.390931,4.239694,5333.0,135.0,82283.0,656185.0,1634084.0,2319895.0
CUDA,CG,BJ,45,1,0,uc2n512.localdomain,None,4,1,762405a137523cd76ed28e78d36cf49e,2.367554,4.260899,5218.0,135.0,79159.0,648379.0,1644184.0,2359553.0
CUDA,CG,BJ,45,1,0,uc2n512.localdomain,None,1,1,ac6ec4ce3b84fd7dea1a99f38b0873b8,2.391921,4.367961,6075.0,135.0,80335.0,661120.0,1649427.0,2446379.0
CUDA,BiCGStab,ILU,45,1,0,uc2n512.localdomain,None,None,1,b925ea710d6b007d9ca5e82a9f96e0f0,2.639927,6.232166,1387.0,135.0,80800.0,657016.0,1892480.0,4132246.0
CUDA,BiCGStab,NoPrecond,45,1,0,uc2n512.localdomain,None,None,1,81e68c9830fc9bedfd5ceff38ddc0f46,2.439986,4.586754,4042.0,135.0,79729.0,649000.0,1711729.0,2699678.0
CUDA,CG,NoPrecond,45,1,0,uc2n512.localdomain,None,None,1,18e355b3bae01fd22311cd3ecdaae424,2.380348,4.368623,6261.0,135.0,80703.0,661171.0,1644844.0,2422496.0
CUDA,IR,NoPrecond,45,1,0,uc2n512.localdomain,0.1,None,1,a4f7c68f261d859b9c93494ada7f6527,2.418366,4.562006,93.0,135.0,80253.0,655186.0,1675685.0,2630675.0
CUDA,IR,NoPrecond,45,1,0,uc2n512.localdomain,0.01,None,1,11ef821ba19ae9e4c00ca4b48cb343bf,2.427602,4.501295,51.0,135.0,80266.0,650458.0,1685919.0,2578416.0
CUDA,IR,NoPrecond,45,1,0,uc2n512.localdomain,0.05,None,1,64afafd80c3f088ef47ec2f11d0b2009,2.403378,4.554694,75.0,135.0,80448.0,654385.0,1674315.0,2634503.0
CUDA,IR,NoPrecond,45,1,0,uc2n512.localdomain,0.001,None,1,5f0d0bf5adad3248cd41e7d7ce49e588,2.386238,4.504977,36.0,135.0,81639.0,670660.0,1650776.0,2545999.0
CUDA,CG,ILU,45,1,0,uc2n512.localdomain,None,None,1,6efd6cc48fde2eea65c6ae76f6c21203,2.530192,5.430747,1969.0,135.0,80913.0,660351.0,1783808.0,3387290.0
CUDA,BiCGStab,BJ,45,1,0,uc2n512.localdomain,None,None,1,3c331deb710a029c68857723c0a728a1,2.438083,4.58071,3595.0,135.0,79218.0,653284.0,1691475.0,2675554.0
