backend,executor,solver_p,preconditioner,resolution,processes,log_id,setup_time,run_time,number_of_iterations,linear_solve_p,linear_solve_u
#{'OBR_VERSION': '0.0.3', 'case': {'renumbered': False}, 'node_data': {'host': 'nla-gpu2.ianm.kit.edu\n', 'uptime': ' 16:57:56 up 12 days, 22:08,  2 users,  load average: 0.00, 0.08, 0.69\n'}}
GKO,hip,CG,none,25,1,6b0351f0fb9b2ced1d7851704d20f0f6,0.864927,1.176573,1663,30.0,10.0
GKO,hip,CG,none,25,1,6b0351f0fb9b2ced1d7851704d20f0f6,0.864927,1.184363,1663,30.0,10.0
GKO,hip,CG,none,25,1,6b0351f0fb9b2ced1d7851704d20f0f6,0.864927,1.201937,1663,30.0,10.0
GKO,hip,CG,none,25,1,6b0351f0fb9b2ced1d7851704d20f0f6,0.864927,1.227623,1663,30.0,10.0
GKO,hip,CG,none,25,1,6b0351f0fb9b2ced1d7851704d20f0f6,0.864927,1.192421,1663,30.0,10.0
GKO,hip,CG,none,25,1,6b0351f0fb9b2ced1d7851704d20f0f6,0.864927,1.178168,1663,30.0,10.0
GKO,hip,CG,none,25,1,6b0351f0fb9b2ced1d7851704d20f0f6,0.864927,1.173858,1663,30.0,10.0
GKO,hip,CG,none,25,1,6b0351f0fb9b2ced1d7851704d20f0f6,0.864927,1.17274,1663,30.0,10.0
GKO,hip,CG,none,25,1,6b0351f0fb9b2ced1d7851704d20f0f6,0.864927,1.170795,1663,30.0,10.0
GKO,hip,CG,none,25,1,6b0351f0fb9b2ced1d7851704d20f0f6,0.864927,1.17894,1663,30.0,10.0
GKO,hip,CG,none,25,1,6b0351f0fb9b2ced1d7851704d20f0f6,0.864927,1.176635,1663,30.0,10.0
GKO,hip,CG,none,25,1,6b0351f0fb9b2ced1d7851704d20f0f6,0.864927,1.166016,1663,30.0,10.0
GKO,hip,CG,none,25,1,6b0351f0fb9b2ced1d7851704d20f0f6,0.864927,1.18177,1663,30.0,10.0
GKO,hip,CG,none,25,1,6b0351f0fb9b2ced1d7851704d20f0f6,0.864927,1.174952,1663,30.0,10.0
GKO,hip,CG,none,25,1,6b0351f0fb9b2ced1d7851704d20f0f6,0.864927,1.17171,1663,30.0,10.0
GKO,hip,CG,none,25,1,6b0351f0fb9b2ced1d7851704d20f0f6,0.864927,1.17988,1663,30.0,10.0
GKO,hip,CG,none,25,1,6b0351f0fb9b2ced1d7851704d20f0f6,0.864927,1.168827,1663,30.0,10.0
GKO,hip,CG,none,25,1,6b0351f0fb9b2ced1d7851704d20f0f6,0.864927,1.180939,1663,30.0,10.0
GKO,hip,CG,none,25,1,6b0351f0fb9b2ced1d7851704d20f0f6,0.864927,1.186729,1663,30.0,10.0
GKO,hip,CG,none,25,1,6b0351f0fb9b2ced1d7851704d20f0f6,0.864927,1.187975,1663,30.0,10.0
GKO,hip,CG,none,25,1,6b0351f0fb9b2ced1d7851704d20f0f6,0.864927,1.180746,1663,30.0,10.0
GKO,hip,CG,none,25,1,6b0351f0fb9b2ced1d7851704d20f0f6,0.864927,1.176936,1663,30.0,10.0
GKO,hip,CG,none,25,1,6b0351f0fb9b2ced1d7851704d20f0f6,0.864927,1.162662,1663,30.0,10.0
GKO,hip,CG,none,25,1,6b0351f0fb9b2ced1d7851704d20f0f6,0.864927,1.178932,1663,30.0,10.0
GKO,hip,CG,none,25,1,6b0351f0fb9b2ced1d7851704d20f0f6,0.864927,1.174811,1663,30.0,10.0
GKO,hip,CG,none,25,1,6b0351f0fb9b2ced1d7851704d20f0f6,0.864927,1.173909,1663,30.0,10.0
GKO,hip,CG,none,25,1,6b0351f0fb9b2ced1d7851704d20f0f6,0.864927,1.171856,1663,30.0,10.0
GKO,hip,CG,none,25,1,6b0351f0fb9b2ced1d7851704d20f0f6,0.864927,1.171742,1663,30.0,10.0
GKO,hip,CG,none,25,1,6b0351f0fb9b2ced1d7851704d20f0f6,0.864927,1.178949,1663,30.0,10.0
GKO,hip,CG,none,25,1,6b0351f0fb9b2ced1d7851704d20f0f6,0.864927,1.168817,1663,30.0,10.0
GKO,hip,CG,none,25,1,6b0351f0fb9b2ced1d7851704d20f0f6,0.864927,1.167835,1663,30.0,10.0
GKO,hip,CG,none,25,1,6b0351f0fb9b2ced1d7851704d20f0f6,0.864927,1.178828,1663,30.0,10.0
GKO,hip,CG,none,25,1,6b0351f0fb9b2ced1d7851704d20f0f6,0.864927,1.17683,1663,30.0,10.0
GKO,hip,CG,none,25,1,6b0351f0fb9b2ced1d7851704d20f0f6,0.864927,1.167779,1663,30.0,10.0
GKO,hip,CG,none,25,1,6b0351f0fb9b2ced1d7851704d20f0f6,0.864927,1.170888,1663,30.0,10.0
GKO,hip,CG,none,25,1,6b0351f0fb9b2ced1d7851704d20f0f6,0.864927,1.18382,1663,30.0,10.0
GKO,hip,CG,none,25,1,6b0351f0fb9b2ced1d7851704d20f0f6,0.864927,1.177789,1663,30.0,10.0
GKO,hip,CG,none,25,1,6b0351f0fb9b2ced1d7851704d20f0f6,0.864927,1.172849,1663,30.0,10.0
GKO,hip,CG,none,25,1,6b0351f0fb9b2ced1d7851704d20f0f6,0.864927,1.176835,1663,30.0,10.0
GKO,hip,CG,none,25,1,6b0351f0fb9b2ced1d7851704d20f0f6,0.864927,1.182779,1663,30.0,10.0
GKO,hip,CG,none,25,1,6b0351f0fb9b2ced1d7851704d20f0f6,0.864927,1.180716,1663,30.0,10.0
GKO,hip,CG,none,25,1,6b0351f0fb9b2ced1d7851704d20f0f6,0.864927,1.183762,1663,30.0,10.0
GKO,hip,CG,none,25,1,6b0351f0fb9b2ced1d7851704d20f0f6,0.864927,1.178665,1663,30.0,10.0
GKO,hip,CG,none,25,1,6b0351f0fb9b2ced1d7851704d20f0f6,0.864927,1.202145,1663,30.0,10.0
GKO,hip,CG,none,25,1,6b0351f0fb9b2ced1d7851704d20f0f6,0.864927,1.208862,1663,30.0,10.0
GKO,hip,CG,none,25,1,6b0351f0fb9b2ced1d7851704d20f0f6,0.864927,1.21168,1663,30.0,10.0
GKO,hip,CG,none,25,1,6b0351f0fb9b2ced1d7851704d20f0f6,0.864927,1.190867,1663,30.0,10.0
GKO,hip,CG,none,25,1,6b0351f0fb9b2ced1d7851704d20f0f6,0.864927,1.197929,1663,30.0,10.0
GKO,hip,CG,none,25,1,6b0351f0fb9b2ced1d7851704d20f0f6,0.864927,1.20983,1663,30.0,10.0
GKO,hip,CG,none,25,1,6b0351f0fb9b2ced1d7851704d20f0f6,0.864927,1.183606,1663,30.0,10.0
GKO,hip,CG,none,25,1,6b0351f0fb9b2ced1d7851704d20f0f6,0.864927,1.194015,1663,30.0,10.0
GKO,hip,CG,BJ,25,1,11f4206d53cc1b1482497759ad14fc37,0.942185,1.201252,1479,25.0,10.0
GKO,hip,CG,BJ,25,1,11f4206d53cc1b1482497759ad14fc37,0.942185,1.236011,1479,25.0,10.0
GKO,hip,CG,BJ,25,1,11f4206d53cc1b1482497759ad14fc37,0.942185,1.243839,1479,25.0,10.0
GKO,hip,CG,BJ,25,1,11f4206d53cc1b1482497759ad14fc37,0.942185,1.248574,1479,25.0,10.0
GKO,hip,CG,BJ,25,1,11f4206d53cc1b1482497759ad14fc37,0.942185,1.282037,1479,25.0,10.0
GKO,hip,CG,BJ,25,1,11f4206d53cc1b1482497759ad14fc37,0.942185,1.242769,1479,25.0,10.0
GKO,hip,CG,BJ,25,1,11f4206d53cc1b1482497759ad14fc37,0.942185,1.245016,1479,25.0,10.0
GKO,hip,CG,BJ,25,1,11f4206d53cc1b1482497759ad14fc37,0.942185,1.243878,1479,25.0,10.0
GKO,hip,CG,BJ,25,1,11f4206d53cc1b1482497759ad14fc37,0.942185,1.242692,1479,25.0,10.0
GKO,hip,CG,BJ,25,1,11f4206d53cc1b1482497759ad14fc37,0.942185,1.251917,1479,25.0,10.0
GKO,hip,CG,BJ,25,1,11f4206d53cc1b1482497759ad14fc37,0.942185,1.255902,1479,25.0,10.0
GKO,hip,CG,BJ,25,1,11f4206d53cc1b1482497759ad14fc37,0.942185,1.232828,1479,25.0,10.0
GKO,hip,CG,BJ,25,1,11f4206d53cc1b1482497759ad14fc37,0.942185,1.236803,1479,25.0,10.0
GKO,hip,CG,BJ,25,1,11f4206d53cc1b1482497759ad14fc37,0.942185,1.240806,1479,25.0,10.0
GKO,hip,CG,BJ,25,1,11f4206d53cc1b1482497759ad14fc37,0.942185,1.245716,1479,25.0,10.0
GKO,hip,CG,BJ,25,1,11f4206d53cc1b1482497759ad14fc37,0.942185,1.249847,1479,25.0,10.0
GKO,hip,CG,BJ,25,1,11f4206d53cc1b1482497759ad14fc37,0.942185,1.239838,1479,25.0,10.0
GKO,hip,CG,BJ,25,1,11f4206d53cc1b1482497759ad14fc37,0.942185,1.225739,1479,25.0,10.0
GKO,hip,CG,BJ,25,1,11f4206d53cc1b1482497759ad14fc37,0.942185,1.242933,1479,25.0,10.0
GKO,hip,CG,BJ,25,1,11f4206d53cc1b1482497759ad14fc37,0.942185,1.247893,1479,25.0,10.0
GKO,hip,CG,BJ,25,1,11f4206d53cc1b1482497759ad14fc37,0.942185,1.245725,1479,25.0,10.0
GKO,hip,CG,BJ,25,1,11f4206d53cc1b1482497759ad14fc37,0.942185,1.242765,1479,25.0,10.0
GKO,hip,CG,BJ,25,1,11f4206d53cc1b1482497759ad14fc37,0.942185,1.23792,1479,25.0,10.0
GKO,hip,CG,BJ,25,1,11f4206d53cc1b1482497759ad14fc37,0.942185,1.271549,1479,25.0,10.0
GKO,hip,CG,BJ,25,1,11f4206d53cc1b1482497759ad14fc37,0.942185,1.227415,1479,25.0,10.0
GKO,hip,CG,BJ,25,1,11f4206d53cc1b1482497759ad14fc37,0.942185,1.212489,1479,25.0,10.0
GKO,hip,CG,BJ,25,1,11f4206d53cc1b1482497759ad14fc37,0.942185,1.231824,1479,25.0,10.0
GKO,hip,CG,BJ,25,1,11f4206d53cc1b1482497759ad14fc37,0.942185,1.21376,1479,25.0,10.0
GKO,hip,CG,BJ,25,1,11f4206d53cc1b1482497759ad14fc37,0.942185,1.220815,1479,25.0,10.0
GKO,hip,CG,BJ,25,1,11f4206d53cc1b1482497759ad14fc37,0.942185,1.225863,1479,25.0,10.0
GKO,hip,CG,BJ,25,1,11f4206d53cc1b1482497759ad14fc37,0.942185,1.223934,1479,25.0,10.0
GKO,hip,CG,BJ,25,1,11f4206d53cc1b1482497759ad14fc37,0.942185,1.23184,1479,25.0,10.0
GKO,hip,CG,BJ,25,1,11f4206d53cc1b1482497759ad14fc37,0.942185,1.222812,1479,25.0,10.0
GKO,hip,CG,BJ,25,1,11f4206d53cc1b1482497759ad14fc37,0.942185,1.221732,1479,25.0,10.0
GKO,hip,CG,BJ,25,1,11f4206d53cc1b1482497759ad14fc37,0.942185,1.225846,1479,25.0,10.0
GKO,hip,CG,BJ,25,1,11f4206d53cc1b1482497759ad14fc37,0.942185,1.224821,1479,25.0,10.0
GKO,hip,CG,BJ,25,1,11f4206d53cc1b1482497759ad14fc37,0.942185,1.220843,1479,25.0,10.0
GKO,hip,CG,BJ,25,1,11f4206d53cc1b1482497759ad14fc37,0.942185,1.228717,1479,25.0,10.0
GKO,hip,CG,BJ,25,1,11f4206d53cc1b1482497759ad14fc37,0.942185,1.222952,1479,25.0,10.0
GKO,hip,CG,BJ,25,1,11f4206d53cc1b1482497759ad14fc37,0.942185,1.223813,1479,25.0,10.0
GKO,hip,CG,BJ,25,1,11f4206d53cc1b1482497759ad14fc37,0.942185,1.221718,1479,25.0,10.0
GKO,hip,CG,BJ,25,1,11f4206d53cc1b1482497759ad14fc37,0.942185,1.233966,1479,25.0,10.0
GKO,hip,CG,BJ,25,1,11f4206d53cc1b1482497759ad14fc37,0.942185,1.219806,1479,25.0,10.0
GKO,hip,CG,BJ,25,1,11f4206d53cc1b1482497759ad14fc37,0.942185,1.223895,1479,25.0,10.0
GKO,hip,CG,BJ,25,1,11f4206d53cc1b1482497759ad14fc37,0.942185,1.221846,1479,25.0,10.0
GKO,hip,CG,BJ,25,1,11f4206d53cc1b1482497759ad14fc37,0.942185,1.226781,1479,25.0,10.0
GKO,hip,CG,BJ,25,1,11f4206d53cc1b1482497759ad14fc37,0.942185,1.2258,1479,25.0,10.0
GKO,hip,CG,BJ,25,1,11f4206d53cc1b1482497759ad14fc37,0.942185,1.228782,1479,25.0,10.0
GKO,hip,CG,BJ,25,1,11f4206d53cc1b1482497759ad14fc37,0.942185,1.223832,1479,25.0,10.0
GKO,hip,BiCGStab,none,25,1,09620bae17f1e5446865ba5adfdceba9,0.921915,1.378211,1351,50.0,10.0
GKO,hip,BiCGStab,none,25,1,09620bae17f1e5446865ba5adfdceba9,0.921915,1.387037,1351,50.0,10.0
GKO,hip,BiCGStab,none,25,1,09620bae17f1e5446865ba5adfdceba9,0.921915,1.37464,1351,50.0,10.0
GKO,hip,BiCGStab,none,25,1,09620bae17f1e5446865ba5adfdceba9,0.921915,1.394913,1351,50.0,10.0
GKO,hip,BiCGStab,none,25,1,09620bae17f1e5446865ba5adfdceba9,0.921915,1.400865,1351,50.0,10.0
GKO,hip,BiCGStab,none,25,1,09620bae17f1e5446865ba5adfdceba9,0.921915,1.382757,1351,50.0,10.0
GKO,hip,BiCGStab,none,25,1,09620bae17f1e5446865ba5adfdceba9,0.921915,1.39787,1351,50.0,10.0
GKO,hip,BiCGStab,none,25,1,09620bae17f1e5446865ba5adfdceba9,0.921915,1.390757,1351,50.0,10.0
GKO,hip,BiCGStab,none,25,1,09620bae17f1e5446865ba5adfdceba9,0.921915,1.396914,1351,50.0,10.0
GKO,hip,BiCGStab,none,25,1,09620bae17f1e5446865ba5adfdceba9,0.921915,1.387729,1351,50.0,10.0
GKO,hip,BiCGStab,none,25,1,09620bae17f1e5446865ba5adfdceba9,0.921915,1.383009,1351,50.0,10.0
GKO,hip,BiCGStab,none,25,1,09620bae17f1e5446865ba5adfdceba9,0.921915,1.377821,1351,50.0,10.0
GKO,hip,BiCGStab,none,25,1,09620bae17f1e5446865ba5adfdceba9,0.921915,1.382798,1351,50.0,10.0
GKO,hip,BiCGStab,none,25,1,09620bae17f1e5446865ba5adfdceba9,0.921915,1.385879,1351,50.0,10.0
GKO,hip,BiCGStab,none,25,1,09620bae17f1e5446865ba5adfdceba9,0.921915,1.391785,1351,50.0,10.0
GKO,hip,BiCGStab,none,25,1,09620bae17f1e5446865ba5adfdceba9,0.921915,1.392799,1351,50.0,10.0
GKO,hip,BiCGStab,none,25,1,09620bae17f1e5446865ba5adfdceba9,0.921915,1.379893,1351,50.0,10.0
GKO,hip,BiCGStab,none,25,1,09620bae17f1e5446865ba5adfdceba9,0.921915,1.385719,1351,50.0,10.0
GKO,hip,BiCGStab,none,25,1,09620bae17f1e5446865ba5adfdceba9,0.921915,1.383855,1351,50.0,10.0
GKO,hip,BiCGStab,none,25,1,09620bae17f1e5446865ba5adfdceba9,0.921915,1.390805,1351,50.0,10.0
GKO,hip,BiCGStab,none,25,1,09620bae17f1e5446865ba5adfdceba9,0.921915,1.376682,1351,50.0,10.0
GKO,hip,BiCGStab,none,25,1,09620bae17f1e5446865ba5adfdceba9,0.921915,1.381034,1351,50.0,10.0
GKO,hip,BiCGStab,none,25,1,09620bae17f1e5446865ba5adfdceba9,0.921915,1.364787,1351,50.0,10.0
GKO,hip,BiCGStab,none,25,1,09620bae17f1e5446865ba5adfdceba9,0.921915,1.38874,1351,50.0,10.0
GKO,hip,BiCGStab,none,25,1,09620bae17f1e5446865ba5adfdceba9,0.921915,1.396867,1351,50.0,10.0
GKO,hip,BiCGStab,none,25,1,09620bae17f1e5446865ba5adfdceba9,0.921915,1.39187,1351,50.0,10.0
GKO,hip,BiCGStab,none,25,1,09620bae17f1e5446865ba5adfdceba9,0.921915,1.401807,1351,50.0,10.0
GKO,hip,BiCGStab,none,25,1,09620bae17f1e5446865ba5adfdceba9,0.921915,1.390829,1351,50.0,10.0
GKO,hip,BiCGStab,none,25,1,09620bae17f1e5446865ba5adfdceba9,0.921915,1.383609,1351,50.0,10.0
GKO,hip,BiCGStab,none,25,1,09620bae17f1e5446865ba5adfdceba9,0.921915,1.391043,1351,50.0,10.0
GKO,hip,BiCGStab,none,25,1,09620bae17f1e5446865ba5adfdceba9,0.921915,1.387528,1351,50.0,10.0
GKO,hip,BiCGStab,none,25,1,09620bae17f1e5446865ba5adfdceba9,0.921915,1.391988,1351,50.0,10.0
GKO,hip,BiCGStab,none,25,1,09620bae17f1e5446865ba5adfdceba9,0.921915,1.396859,1351,50.0,10.0
GKO,hip,BiCGStab,none,25,1,09620bae17f1e5446865ba5adfdceba9,0.921915,1.394654,1351,50.0,10.0
GKO,hip,BiCGStab,none,25,1,09620bae17f1e5446865ba5adfdceba9,0.921915,1.377787,1351,50.0,10.0
GKO,hip,BiCGStab,none,25,1,09620bae17f1e5446865ba5adfdceba9,0.921915,1.388058,1351,50.0,10.0
GKO,hip,BiCGStab,none,25,1,09620bae17f1e5446865ba5adfdceba9,0.921915,1.388683,1351,50.0,10.0
GKO,hip,BiCGStab,none,25,1,09620bae17f1e5446865ba5adfdceba9,0.921915,1.390965,1351,50.0,10.0
GKO,hip,BiCGStab,none,25,1,09620bae17f1e5446865ba5adfdceba9,0.921915,1.399843,1351,50.0,10.0
GKO,hip,BiCGStab,none,25,1,09620bae17f1e5446865ba5adfdceba9,0.921915,1.393692,1351,50.0,10.0
GKO,hip,BiCGStab,none,25,1,09620bae17f1e5446865ba5adfdceba9,0.921915,1.392929,1351,50.0,10.0
GKO,hip,BiCGStab,none,25,1,09620bae17f1e5446865ba5adfdceba9,0.921915,1.390613,1351,50.0,10.0
GKO,hip,BiCGStab,none,25,1,09620bae17f1e5446865ba5adfdceba9,0.921915,1.393884,1351,50.0,10.0
GKO,hip,BiCGStab,none,25,1,09620bae17f1e5446865ba5adfdceba9,0.921915,1.381807,1351,50.0,10.0
GKO,hip,BiCGStab,BJ,25,1,21bd83a734c66760404b7d8b14eac68c,0.96624,1.323789,991,35.0,10.0
GKO,hip,BiCGStab,BJ,25,1,21bd83a734c66760404b7d8b14eac68c,0.96624,1.333977,991,35.0,10.0
GKO,hip,BiCGStab,BJ,25,1,21bd83a734c66760404b7d8b14eac68c,0.96624,1.346867,991,35.0,10.0
GKO,hip,BiCGStab,BJ,25,1,21bd83a734c66760404b7d8b14eac68c,0.96624,1.339871,991,35.0,10.0
GKO,hip,BiCGStab,BJ,25,1,21bd83a734c66760404b7d8b14eac68c,0.96624,1.326655,991,35.0,10.0
GKO,hip,BiCGStab,BJ,25,1,21bd83a734c66760404b7d8b14eac68c,0.96624,1.364009,991,35.0,10.0
GKO,hip,BiCGStab,BJ,25,1,21bd83a734c66760404b7d8b14eac68c,0.96624,1.333849,991,35.0,10.0
GKO,hip,BiCGStab,BJ,25,1,21bd83a734c66760404b7d8b14eac68c,0.96624,1.338846,991,35.0,10.0
GKO,hip,BiCGStab,BJ,25,1,21bd83a734c66760404b7d8b14eac68c,0.96624,1.348757,991,35.0,10.0
GKO,hip,BiCGStab,BJ,25,1,21bd83a734c66760404b7d8b14eac68c,0.96624,1.357416,991,35.0,10.0
GKO,hip,BiCGStab,BJ,25,1,21bd83a734c66760404b7d8b14eac68c,0.96624,1.345923,991,35.0,10.0
GKO,hip,BiCGStab,BJ,25,1,21bd83a734c66760404b7d8b14eac68c,0.96624,1.347752,991,35.0,10.0
GKO,hip,BiCGStab,BJ,25,1,21bd83a734c66760404b7d8b14eac68c,0.96624,1.348793,991,35.0,10.0
GKO,hip,BiCGStab,BJ,25,1,21bd83a734c66760404b7d8b14eac68c,0.96624,1.347816,991,35.0,10.0
GKO,hip,BiCGStab,BJ,25,1,21bd83a734c66760404b7d8b14eac68c,0.96624,1.342739,991,35.0,10.0
GKO,hip,BiCGStab,BJ,25,1,21bd83a734c66760404b7d8b14eac68c,0.96624,1.352862,991,35.0,10.0
GKO,hip,BiCGStab,BJ,25,1,21bd83a734c66760404b7d8b14eac68c,0.96624,1.337865,991,35.0,10.0
GKO,hip,BiCGStab,BJ,25,1,21bd83a734c66760404b7d8b14eac68c,0.96624,1.330783,991,35.0,10.0
GKO,hip,BiCGStab,BJ,25,1,21bd83a734c66760404b7d8b14eac68c,0.96624,1.3387,991,35.0,10.0
GKO,hip,BiCGStab,BJ,25,1,21bd83a734c66760404b7d8b14eac68c,0.96624,1.341923,991,35.0,10.0
GKO,hip,BiCGStab,BJ,25,1,21bd83a734c66760404b7d8b14eac68c,0.96624,1.338796,991,35.0,10.0
GKO,hip,BiCGStab,BJ,25,1,21bd83a734c66760404b7d8b14eac68c,0.96624,1.339831,991,35.0,10.0
GKO,hip,BiCGStab,BJ,25,1,21bd83a734c66760404b7d8b14eac68c,0.96624,1.335742,991,35.0,10.0
GKO,hip,BiCGStab,BJ,25,1,21bd83a734c66760404b7d8b14eac68c,0.96624,1.344802,991,35.0,10.0
GKO,hip,BiCGStab,BJ,25,1,21bd83a734c66760404b7d8b14eac68c,0.96624,1.446365,991,35.0,10.0
GKO,hip,BiCGStab,BJ,25,1,21bd83a734c66760404b7d8b14eac68c,0.96624,1.358526,991,35.0,10.0
GKO,hip,BiCGStab,BJ,25,1,21bd83a734c66760404b7d8b14eac68c,0.96624,1.346338,991,35.0,10.0
GKO,hip,BiCGStab,BJ,25,1,21bd83a734c66760404b7d8b14eac68c,0.96624,1.362011,991,35.0,10.0
GKO,hip,BiCGStab,BJ,25,1,21bd83a734c66760404b7d8b14eac68c,0.96624,1.375682,991,35.0,10.0
GKO,hip,BiCGStab,BJ,25,1,21bd83a734c66760404b7d8b14eac68c,0.96624,1.34842,991,35.0,10.0
GKO,hip,BiCGStab,BJ,25,1,21bd83a734c66760404b7d8b14eac68c,0.96624,1.353915,991,35.0,10.0
GKO,hip,BiCGStab,BJ,25,1,21bd83a734c66760404b7d8b14eac68c,0.96624,1.361683,991,35.0,10.0
GKO,hip,BiCGStab,BJ,25,1,21bd83a734c66760404b7d8b14eac68c,0.96624,1.349792,991,35.0,10.0
GKO,hip,BiCGStab,BJ,25,1,21bd83a734c66760404b7d8b14eac68c,0.96624,1.35086,991,35.0,10.0
GKO,hip,BiCGStab,BJ,25,1,21bd83a734c66760404b7d8b14eac68c,0.96624,1.337878,991,35.0,10.0
GKO,hip,BiCGStab,BJ,25,1,21bd83a734c66760404b7d8b14eac68c,0.96624,1.338742,991,35.0,10.0
GKO,hip,BiCGStab,BJ,25,1,21bd83a734c66760404b7d8b14eac68c,0.96624,1.348848,991,35.0,10.0
GKO,hip,BiCGStab,BJ,25,1,21bd83a734c66760404b7d8b14eac68c,0.96624,1.351672,991,35.0,10.0
GKO,hip,BiCGStab,BJ,25,1,21bd83a734c66760404b7d8b14eac68c,0.96624,1.344413,991,35.0,10.0
GKO,hip,BiCGStab,BJ,25,1,21bd83a734c66760404b7d8b14eac68c,0.96624,1.344659,991,35.0,10.0
GKO,hip,BiCGStab,BJ,25,1,21bd83a734c66760404b7d8b14eac68c,0.96624,1.348767,991,35.0,10.0
GKO,hip,BiCGStab,BJ,25,1,21bd83a734c66760404b7d8b14eac68c,0.96624,1.345082,991,35.0,10.0
GKO,hip,BiCGStab,BJ,25,1,21bd83a734c66760404b7d8b14eac68c,0.96624,1.330604,991,35.0,10.0
GKO,hip,BiCGStab,BJ,25,1,21bd83a734c66760404b7d8b14eac68c,0.96624,1.340852,991,35.0,10.0
GKO,hip,BiCGStab,BJ,25,1,21bd83a734c66760404b7d8b14eac68c,0.96624,1.336864,991,35.0,10.0
GKO,hip,IR,none,25,1,bb55ddfd9338d5a2628252dba2315302,0.897122,1.237349,27,32.0,11.0
GKO,hip,IR,none,25,1,bb55ddfd9338d5a2628252dba2315302,0.897122,1.246317,27,32.0,11.0
GKO,hip,IR,none,25,1,bb55ddfd9338d5a2628252dba2315302,0.897122,1.248906,27,32.0,11.0
GKO,hip,IR,none,25,1,bb55ddfd9338d5a2628252dba2315302,0.897122,1.245772,27,32.0,11.0
GKO,hip,IR,none,25,1,bb55ddfd9338d5a2628252dba2315302,0.897122,1.218768,27,32.0,11.0
GKO,hip,IR,none,25,1,bb55ddfd9338d5a2628252dba2315302,0.897122,1.257871,27,32.0,11.0
GKO,hip,IR,none,25,1,bb55ddfd9338d5a2628252dba2315302,0.897122,1.241791,27,32.0,11.0
GKO,hip,IR,none,25,1,bb55ddfd9338d5a2628252dba2315302,0.897122,1.238822,27,32.0,11.0
GKO,hip,IR,none,25,1,bb55ddfd9338d5a2628252dba2315302,0.897122,1.247895,27,32.0,11.0
GKO,hip,IR,none,25,1,bb55ddfd9338d5a2628252dba2315302,0.897122,1.241819,27,32.0,11.0
GKO,hip,IR,none,25,1,bb55ddfd9338d5a2628252dba2315302,0.897122,1.242825,27,32.0,11.0
GKO,hip,IR,none,25,1,bb55ddfd9338d5a2628252dba2315302,0.897122,1.256771,27,32.0,11.0
GKO,hip,IR,none,25,1,bb55ddfd9338d5a2628252dba2315302,0.897122,1.310884,27,32.0,11.0
GKO,hip,IR,none,25,1,bb55ddfd9338d5a2628252dba2315302,0.897122,1.243817,27,32.0,11.0
GKO,hip,IR,none,25,1,bb55ddfd9338d5a2628252dba2315302,0.897122,1.24785,27,32.0,11.0
GKO,hip,IR,none,25,1,bb55ddfd9338d5a2628252dba2315302,0.897122,1.239856,27,32.0,11.0
GKO,hip,IR,none,25,1,bb55ddfd9338d5a2628252dba2315302,0.897122,1.244758,27,32.0,11.0
GKO,hip,IR,none,25,1,bb55ddfd9338d5a2628252dba2315302,0.897122,1.247679,27,32.0,11.0
GKO,hip,IR,none,25,1,bb55ddfd9338d5a2628252dba2315302,0.897122,1.239922,27,32.0,11.0
GKO,hip,IR,none,25,1,bb55ddfd9338d5a2628252dba2315302,0.897122,1.240867,27,32.0,11.0
GKO,hip,IR,none,25,1,bb55ddfd9338d5a2628252dba2315302,0.897122,1.249873,27,32.0,11.0
GKO,hip,IR,none,25,1,bb55ddfd9338d5a2628252dba2315302,0.897122,1.250808,27,32.0,11.0
GKO,hip,IR,none,25,1,bb55ddfd9338d5a2628252dba2315302,0.897122,1.244851,27,32.0,11.0
GKO,hip,IR,none,25,1,bb55ddfd9338d5a2628252dba2315302,0.897122,1.248342,27,32.0,11.0
GKO,hip,IR,none,25,1,bb55ddfd9338d5a2628252dba2315302,0.897122,1.232216,27,32.0,11.0
GKO,hip,IR,none,25,1,bb55ddfd9338d5a2628252dba2315302,0.897122,1.235828,27,32.0,11.0
GKO,hip,IR,none,25,1,bb55ddfd9338d5a2628252dba2315302,0.897122,1.233877,27,32.0,11.0
GKO,hip,IR,none,25,1,bb55ddfd9338d5a2628252dba2315302,0.897122,1.232,27,32.0,11.0
GKO,hip,IR,none,25,1,bb55ddfd9338d5a2628252dba2315302,0.897122,1.231556,27,32.0,11.0
GKO,hip,IR,none,25,1,bb55ddfd9338d5a2628252dba2315302,0.897122,1.233839,27,32.0,11.0
GKO,hip,IR,none,25,1,bb55ddfd9338d5a2628252dba2315302,0.897122,1.232781,27,32.0,11.0
GKO,hip,IR,none,25,1,bb55ddfd9338d5a2628252dba2315302,0.897122,1.235902,27,32.0,11.0
GKO,hip,IR,none,25,1,bb55ddfd9338d5a2628252dba2315302,0.897122,1.225861,27,32.0,11.0
GKO,hip,IR,none,25,1,bb55ddfd9338d5a2628252dba2315302,0.897122,1.222698,27,32.0,11.0
GKO,hip,IR,none,25,1,bb55ddfd9338d5a2628252dba2315302,0.897122,1.231857,27,32.0,11.0
GKO,hip,IR,none,25,1,bb55ddfd9338d5a2628252dba2315302,0.897122,1.229743,27,32.0,11.0
GKO,hip,IR,none,25,1,bb55ddfd9338d5a2628252dba2315302,0.897122,1.229955,27,32.0,11.0
GKO,hip,IR,none,25,1,bb55ddfd9338d5a2628252dba2315302,0.897122,1.239705,27,32.0,11.0
GKO,hip,IR,none,25,1,bb55ddfd9338d5a2628252dba2315302,0.897122,1.232859,27,32.0,11.0
GKO,hip,IR,none,25,1,bb55ddfd9338d5a2628252dba2315302,0.897122,1.22882,27,32.0,11.0
GKO,hip,IR,none,25,1,bb55ddfd9338d5a2628252dba2315302,0.897122,1.259475,27,32.0,11.0
GKO,hip,IR,none,25,1,bb55ddfd9338d5a2628252dba2315302,0.897122,1.249224,27,32.0,11.0
GKO,hip,IR,none,25,1,bb55ddfd9338d5a2628252dba2315302,0.897122,1.246768,27,32.0,11.0
GKO,hip,IR,none,25,1,bb55ddfd9338d5a2628252dba2315302,0.897122,1.247788,27,32.0,11.0
GKO,hip,IR,none,25,1,bb55ddfd9338d5a2628252dba2315302,0.897122,1.246858,27,32.0,11.0
GKO,hip,IR,none,25,1,bb55ddfd9338d5a2628252dba2315302,0.897122,1.247793,27,32.0,11.0
GKO,hip,IR,none,25,1,bb55ddfd9338d5a2628252dba2315302,0.897122,1.245596,27,32.0,11.0
GKO,hip,IR,none,25,1,bb55ddfd9338d5a2628252dba2315302,0.897122,1.247051,27,32.0,11.0
GKO,hip,IR,none,25,1,bb55ddfd9338d5a2628252dba2315302,0.897122,1.248892,27,32.0,11.0
GKO,hip,CG,none,50,1,db22ebe312999a2be09d667bcc329f27,2.90747,3.845176,3442,80.0,92.0
GKO,hip,CG,none,50,1,db22ebe312999a2be09d667bcc329f27,2.90747,3.878509,3442,80.0,92.0
GKO,hip,CG,none,50,1,db22ebe312999a2be09d667bcc329f27,2.90747,3.841475,3442,80.0,92.0
GKO,hip,CG,none,50,1,db22ebe312999a2be09d667bcc329f27,2.90747,3.870424,3442,80.0,92.0
GKO,hip,CG,none,50,1,db22ebe312999a2be09d667bcc329f27,2.90747,3.896464,3442,80.0,92.0
GKO,hip,CG,none,50,1,db22ebe312999a2be09d667bcc329f27,2.90747,3.896697,3442,80.0,92.0
GKO,hip,CG,none,50,1,db22ebe312999a2be09d667bcc329f27,2.90747,4.127891,3442,80.0,92.0
GKO,hip,CG,none,50,1,db22ebe312999a2be09d667bcc329f27,2.90747,3.878551,3442,80.0,92.0
GKO,hip,CG,none,50,1,db22ebe312999a2be09d667bcc329f27,2.90747,3.801201,3442,80.0,92.0
GKO,hip,CG,none,50,1,db22ebe312999a2be09d667bcc329f27,2.90747,3.870406,3442,80.0,92.0
GKO,hip,CG,none,50,1,db22ebe312999a2be09d667bcc329f27,2.90747,3.827646,3442,80.0,92.0
GKO,hip,CG,none,50,1,db22ebe312999a2be09d667bcc329f27,2.90747,4.03155,3442,80.0,92.0
GKO,hip,CG,none,50,1,db22ebe312999a2be09d667bcc329f27,2.90747,4.019928,3442,80.0,92.0
GKO,hip,CG,none,50,1,db22ebe312999a2be09d667bcc329f27,2.90747,4.058065,3442,80.0,92.0
GKO,hip,CG,none,50,1,db22ebe312999a2be09d667bcc329f27,2.90747,4.000699,3442,80.0,92.0
GKO,hip,CG,none,50,1,db22ebe312999a2be09d667bcc329f27,2.90747,4.030743,3442,80.0,92.0
GKO,hip,CG,BJ,50,1,f58d5996f0d0f5ae2eb101155aaff21f,2.810091,4.07718,2973,92.0,91.0
GKO,hip,CG,BJ,50,1,f58d5996f0d0f5ae2eb101155aaff21f,2.810091,3.996061,2973,92.0,91.0
GKO,hip,CG,BJ,50,1,f58d5996f0d0f5ae2eb101155aaff21f,2.810091,4.003679,2973,92.0,91.0
GKO,hip,CG,BJ,50,1,f58d5996f0d0f5ae2eb101155aaff21f,2.810091,3.986133,2973,92.0,91.0
GKO,hip,CG,BJ,50,1,f58d5996f0d0f5ae2eb101155aaff21f,2.810091,3.98073,2973,92.0,91.0
GKO,hip,CG,BJ,50,1,f58d5996f0d0f5ae2eb101155aaff21f,2.810091,4.10795,2973,92.0,91.0
GKO,hip,CG,BJ,50,1,f58d5996f0d0f5ae2eb101155aaff21f,2.810091,4.093647,2973,92.0,91.0
GKO,hip,CG,BJ,50,1,f58d5996f0d0f5ae2eb101155aaff21f,2.810091,4.064909,2973,92.0,91.0
GKO,hip,CG,BJ,50,1,f58d5996f0d0f5ae2eb101155aaff21f,2.810091,4.113852,2973,92.0,91.0
GKO,hip,CG,BJ,50,1,f58d5996f0d0f5ae2eb101155aaff21f,2.810091,4.110771,2973,92.0,91.0
GKO,hip,CG,BJ,50,1,f58d5996f0d0f5ae2eb101155aaff21f,2.810091,4.244337,2973,92.0,91.0
GKO,hip,CG,BJ,50,1,f58d5996f0d0f5ae2eb101155aaff21f,2.810091,3.91639,2973,92.0,91.0
GKO,hip,CG,BJ,50,1,f58d5996f0d0f5ae2eb101155aaff21f,2.810091,3.995874,2973,92.0,91.0
GKO,hip,CG,BJ,50,1,f58d5996f0d0f5ae2eb101155aaff21f,2.810091,3.957601,2973,92.0,91.0
GKO,hip,CG,BJ,50,1,f58d5996f0d0f5ae2eb101155aaff21f,2.810091,4.002146,2973,92.0,91.0
GKO,hip,BiCGStab,none,50,1,1b73792af50e80efcbeb6f1a26e4c242,2.738985,4.309877,2767,124.0,94.0
GKO,hip,BiCGStab,none,50,1,1b73792af50e80efcbeb6f1a26e4c242,2.738985,4.293353,2767,124.0,94.0
GKO,hip,BiCGStab,none,50,1,1b73792af50e80efcbeb6f1a26e4c242,2.738985,4.265893,2767,124.0,94.0
GKO,hip,BiCGStab,none,50,1,1b73792af50e80efcbeb6f1a26e4c242,2.738985,4.296513,2767,124.0,94.0
GKO,hip,BiCGStab,none,50,1,1b73792af50e80efcbeb6f1a26e4c242,2.738985,4.269671,2767,124.0,94.0
GKO,hip,BiCGStab,none,50,1,1b73792af50e80efcbeb6f1a26e4c242,2.738985,4.294525,2767,124.0,94.0
GKO,hip,BiCGStab,none,50,1,1b73792af50e80efcbeb6f1a26e4c242,2.738985,4.321828,2767,124.0,94.0
GKO,hip,BiCGStab,none,50,1,1b73792af50e80efcbeb6f1a26e4c242,2.738985,4.333936,2767,124.0,94.0
GKO,hip,BiCGStab,none,50,1,1b73792af50e80efcbeb6f1a26e4c242,2.738985,4.352927,2767,124.0,94.0
GKO,hip,BiCGStab,none,50,1,1b73792af50e80efcbeb6f1a26e4c242,2.738985,4.360415,2767,124.0,94.0
GKO,hip,BiCGStab,none,50,1,1b73792af50e80efcbeb6f1a26e4c242,2.738985,4.329643,2767,124.0,94.0
GKO,hip,BiCGStab,none,50,1,1b73792af50e80efcbeb6f1a26e4c242,2.738985,4.323243,2767,124.0,94.0
GKO,hip,BiCGStab,none,50,1,1b73792af50e80efcbeb6f1a26e4c242,2.738985,4.305123,2767,124.0,94.0
GKO,hip,BiCGStab,none,50,1,1b73792af50e80efcbeb6f1a26e4c242,2.738985,4.313081,2767,124.0,94.0
GKO,hip,BiCGStab,BJ,50,1,f884a65687a615347cd149ce6a5ab9ee,2.886691,4.4855,2133,116.0,104.0
GKO,hip,BiCGStab,BJ,50,1,f884a65687a615347cd149ce6a5ab9ee,2.886691,4.245582,2133,116.0,104.0
GKO,hip,BiCGStab,BJ,50,1,f884a65687a615347cd149ce6a5ab9ee,2.886691,4.28178,2133,116.0,104.0
GKO,hip,BiCGStab,BJ,50,1,f884a65687a615347cd149ce6a5ab9ee,2.886691,4.323678,2133,116.0,104.0
GKO,hip,BiCGStab,BJ,50,1,f884a65687a615347cd149ce6a5ab9ee,2.886691,4.273916,2133,116.0,104.0
GKO,hip,BiCGStab,BJ,50,1,f884a65687a615347cd149ce6a5ab9ee,2.886691,4.287799,2133,116.0,104.0
GKO,hip,BiCGStab,BJ,50,1,f884a65687a615347cd149ce6a5ab9ee,2.886691,4.2557,2133,116.0,104.0
GKO,hip,BiCGStab,BJ,50,1,f884a65687a615347cd149ce6a5ab9ee,2.886691,4.286506,2133,116.0,104.0
GKO,hip,BiCGStab,BJ,50,1,f884a65687a615347cd149ce6a5ab9ee,2.886691,4.254052,2133,116.0,104.0
GKO,hip,BiCGStab,BJ,50,1,f884a65687a615347cd149ce6a5ab9ee,2.886691,4.536127,2133,116.0,104.0
GKO,hip,BiCGStab,BJ,50,1,f884a65687a615347cd149ce6a5ab9ee,2.886691,4.619502,2133,116.0,104.0
GKO,hip,BiCGStab,BJ,50,1,f884a65687a615347cd149ce6a5ab9ee,2.886691,4.254584,2133,116.0,104.0
GKO,hip,BiCGStab,BJ,50,1,f884a65687a615347cd149ce6a5ab9ee,2.886691,4.242588,2133,116.0,104.0
GKO,hip,BiCGStab,BJ,50,1,f884a65687a615347cd149ce6a5ab9ee,2.886691,4.251888,2133,116.0,104.0
GKO,hip,IR,none,50,1,11483b35fc6c86ec44effe47644302e0,2.700406,3.992811,30,79.0,92.0
GKO,hip,IR,none,50,1,11483b35fc6c86ec44effe47644302e0,2.700406,4.139544,30,79.0,92.0
GKO,hip,IR,none,50,1,11483b35fc6c86ec44effe47644302e0,2.700406,4.062583,30,79.0,92.0
GKO,hip,IR,none,50,1,11483b35fc6c86ec44effe47644302e0,2.700406,4.260993,30,79.0,92.0
GKO,hip,IR,none,50,1,11483b35fc6c86ec44effe47644302e0,2.700406,4.12431,30,79.0,92.0
GKO,hip,IR,none,50,1,11483b35fc6c86ec44effe47644302e0,2.700406,4.207873,30,79.0,92.0
GKO,hip,IR,none,50,1,11483b35fc6c86ec44effe47644302e0,2.700406,4.185519,30,79.0,92.0
GKO,hip,IR,none,50,1,11483b35fc6c86ec44effe47644302e0,2.700406,4.210827,30,79.0,92.0
GKO,hip,IR,none,50,1,11483b35fc6c86ec44effe47644302e0,2.700406,4.218156,30,79.0,92.0
GKO,hip,IR,none,50,1,11483b35fc6c86ec44effe47644302e0,2.700406,4.209452,30,79.0,92.0
GKO,hip,IR,none,50,1,11483b35fc6c86ec44effe47644302e0,2.700406,4.178105,30,79.0,92.0
GKO,hip,IR,none,50,1,11483b35fc6c86ec44effe47644302e0,2.700406,4.183577,30,79.0,92.0
GKO,hip,IR,none,50,1,11483b35fc6c86ec44effe47644302e0,2.700406,4.171613,30,79.0,92.0
GKO,hip,IR,none,50,1,11483b35fc6c86ec44effe47644302e0,2.700406,4.305272,30,79.0,92.0
GKO,hip,IR,none,50,1,11483b35fc6c86ec44effe47644302e0,2.700406,3.965664,30,79.0,92.0
GKO,hip,CG,none,75,1,a92655a467417a411c6957b88e7f4efc,8.115263,11.679397,5244,232.0,328.0
GKO,hip,CG,none,75,1,a92655a467417a411c6957b88e7f4efc,8.115263,11.485871,5244,232.0,328.0
GKO,hip,CG,none,75,1,a92655a467417a411c6957b88e7f4efc,8.115263,11.62462,5244,232.0,328.0
GKO,hip,CG,none,75,1,a92655a467417a411c6957b88e7f4efc,8.115263,11.774134,5244,232.0,328.0
GKO,hip,CG,none,75,1,a92655a467417a411c6957b88e7f4efc,8.115263,11.816848,5244,232.0,328.0
GKO,hip,CG,none,75,1,a92655a467417a411c6957b88e7f4efc,8.115263,11.229864,5244,232.0,328.0
GKO,hip,CG,BJ,75,1,97a89574c88528d6917dbaaa865ec95d,8.268838,11.983512,4554,223.0,331.0
GKO,hip,CG,BJ,75,1,97a89574c88528d6917dbaaa865ec95d,8.268838,12.081968,4554,223.0,331.0
GKO,hip,CG,BJ,75,1,97a89574c88528d6917dbaaa865ec95d,8.268838,11.897473,4554,223.0,331.0
GKO,hip,CG,BJ,75,1,97a89574c88528d6917dbaaa865ec95d,8.268838,11.916742,4554,223.0,331.0
GKO,hip,CG,BJ,75,1,97a89574c88528d6917dbaaa865ec95d,8.268838,11.887085,4554,223.0,331.0
GKO,hip,CG,BJ,75,1,97a89574c88528d6917dbaaa865ec95d,8.268838,11.953374,4554,223.0,331.0
GKO,hip,BiCGStab,none,75,1,48b182a93a48b90ac81870f57a82d71d,8.266446,12.864506,4392,336.0,328.0
GKO,hip,BiCGStab,none,75,1,48b182a93a48b90ac81870f57a82d71d,8.266446,12.747958,4392,336.0,328.0
GKO,hip,BiCGStab,none,75,1,48b182a93a48b90ac81870f57a82d71d,8.266446,12.697053,4392,336.0,328.0
GKO,hip,BiCGStab,none,75,1,48b182a93a48b90ac81870f57a82d71d,8.266446,12.641796,4392,336.0,328.0
GKO,hip,BiCGStab,none,75,1,48b182a93a48b90ac81870f57a82d71d,8.266446,13.00959,4392,336.0,328.0
GKO,hip,BiCGStab,BJ,75,1,354689c72942eccab4cbc8bcbaca922d,8.475299,12.907196,3270,294.0,337.0
GKO,hip,BiCGStab,BJ,75,1,354689c72942eccab4cbc8bcbaca922d,8.475299,12.893563,3270,294.0,337.0
GKO,hip,BiCGStab,BJ,75,1,354689c72942eccab4cbc8bcbaca922d,8.475299,12.575024,3270,294.0,337.0
GKO,hip,BiCGStab,BJ,75,1,354689c72942eccab4cbc8bcbaca922d,8.475299,13.082912,3270,294.0,337.0
GKO,hip,BiCGStab,BJ,75,1,354689c72942eccab4cbc8bcbaca922d,8.475299,12.648491,3270,294.0,337.0
GKO,hip,IR,none,75,1,6f72a1231d53daf73764633210c72c14,7.970673,12.131998,32,232.0,337.0
GKO,hip,IR,none,75,1,6f72a1231d53daf73764633210c72c14,7.970673,11.953988,32,232.0,337.0
GKO,hip,IR,none,75,1,6f72a1231d53daf73764633210c72c14,7.970673,12.112785,32,232.0,337.0
GKO,hip,IR,none,75,1,6f72a1231d53daf73764633210c72c14,7.970673,12.131648,32,232.0,337.0
GKO,hip,IR,none,75,1,6f72a1231d53daf73764633210c72c14,7.970673,11.963147,32,232.0,337.0
GKO,hip,CG,none,100,1,e61f6ca88f39ad0d4ccfcb8f41a7da7e,17.92832,27.184098,7075,521.0,815.0
GKO,hip,CG,none,100,1,e61f6ca88f39ad0d4ccfcb8f41a7da7e,17.92832,27.366266,7075,521.0,815.0
GKO,hip,CG,none,100,1,e61f6ca88f39ad0d4ccfcb8f41a7da7e,17.92832,27.609163,7075,521.0,815.0
GKO,hip,CG,none,100,1,e61f6ca88f39ad0d4ccfcb8f41a7da7e,17.92832,27.374265,7075,521.0,815.0
GKO,hip,CG,none,100,1,e61f6ca88f39ad0d4ccfcb8f41a7da7e,17.92832,27.079099,7075,521.0,815.0
GKO,hip,CG,BJ,100,1,b7fe216ade1b550576f3fdc2b5c0ea92,18.892807,27.914651,6356,572.0,817.0
GKO,hip,CG,BJ,100,1,b7fe216ade1b550576f3fdc2b5c0ea92,18.892807,27.862027,6356,572.0,817.0
GKO,hip,CG,BJ,100,1,b7fe216ade1b550576f3fdc2b5c0ea92,18.892807,29.221119,6356,572.0,817.0
GKO,hip,CG,BJ,100,1,b7fe216ade1b550576f3fdc2b5c0ea92,18.892807,28.980396,6356,572.0,817.0
GKO,hip,CG,BJ,100,1,b7fe216ade1b550576f3fdc2b5c0ea92,18.892807,28.841126,6356,572.0,817.0
GKO,hip,BiCGStab,none,100,1,4d3e1904964f75137303aaceae71490e,18.496559,29.521815,5689,751.0,808.0
GKO,hip,BiCGStab,none,100,1,4d3e1904964f75137303aaceae71490e,18.496559,30.154521,5689,751.0,808.0
GKO,hip,BiCGStab,none,100,1,4d3e1904964f75137303aaceae71490e,18.496559,29.540284,5689,751.0,808.0
GKO,hip,BiCGStab,none,100,1,4d3e1904964f75137303aaceae71490e,18.496559,30.483919,5689,751.0,808.0
GKO,hip,BiCGStab,none,100,1,4d3e1904964f75137303aaceae71490e,18.496559,30.240287,5689,751.0,808.0
GKO,hip,BiCGStab,BJ,100,1,d606e8ea8b05700497f394584d2f6cd9,19.126498,30.822201,4479,744.0,820.0
GKO,hip,BiCGStab,BJ,100,1,d606e8ea8b05700497f394584d2f6cd9,19.126498,30.623449,4479,744.0,820.0
GKO,hip,BiCGStab,BJ,100,1,d606e8ea8b05700497f394584d2f6cd9,19.126498,31.023026,4479,744.0,820.0
GKO,hip,BiCGStab,BJ,100,1,d606e8ea8b05700497f394584d2f6cd9,19.126498,30.498224,4479,744.0,820.0
GKO,hip,BiCGStab,BJ,100,1,d606e8ea8b05700497f394584d2f6cd9,19.126498,30.6973,4479,744.0,820.0
GKO,hip,IR,none,100,1,b51f87184c2e2d4329203614de34e9de,17.961852,28.676174,32,597.0,810.0
GKO,hip,IR,none,100,1,b51f87184c2e2d4329203614de34e9de,17.961852,28.178801,32,597.0,810.0
GKO,hip,IR,none,100,1,b51f87184c2e2d4329203614de34e9de,17.961852,28.505795,32,597.0,810.0
GKO,hip,IR,none,100,1,b51f87184c2e2d4329203614de34e9de,17.961852,28.186839,32,597.0,810.0
GKO,hip,IR,none,100,1,b51f87184c2e2d4329203614de34e9de,17.961852,28.247499,32,597.0,810.0
