backend,executor,solver_p,solver_U,preconditioner,resolution,processes,log_id,setup_time,run_time,number_of_iterations
#{'OBR_VERSION': '0.0.2', 'case': {'renumbered': True}, 'node_data': {'host': 'uc2n477.localdomain\n', 'uptime': ' 00:33:44 up 256 days, 23:45,  0 users,  load average: 3.07, 23.38, 33.70\n'}}
GKO,omp,CG,BiCGStab,BJ,25,1,ccd1e4af47c22355a605d71fe99c0e84,1.009515,4.073954,1866
GKO,omp,CG,BiCGStab,BJ,25,1,ccd1e4af47c22355a605d71fe99c0e84,1.009515,4.059875,1866
GKO,omp,CG,BiCGStab,BJ,25,1,ccd1e4af47c22355a605d71fe99c0e84,1.009515,4.061305,1866
GKO,omp,CG,BiCGStab,BJ,25,1,ccd1e4af47c22355a605d71fe99c0e84,1.009515,4.067963,1866
GKO,omp,CG,BiCGStab,BJ,25,1,ccd1e4af47c22355a605d71fe99c0e84,1.009515,4.059327,1866
GKO,omp,CG,BiCGStab,BJ,25,1,ccd1e4af47c22355a605d71fe99c0e84,1.009515,4.069487,1866
GKO,omp,CG,BiCGStab,BJ,25,1,ccd1e4af47c22355a605d71fe99c0e84,1.009515,4.070641,1866
GKO,omp,CG,BiCGStab,BJ,25,1,ccd1e4af47c22355a605d71fe99c0e84,1.009515,4.075962,1866
GKO,omp,CG,BiCGStab,BJ,25,1,ccd1e4af47c22355a605d71fe99c0e84,1.009515,4.064017,1866
GKO,omp,CG,BiCGStab,BJ,25,1,ccd1e4af47c22355a605d71fe99c0e84,1.009515,4.067035,1866
GKO,omp,CG,BiCGStab,BJ,25,1,ccd1e4af47c22355a605d71fe99c0e84,1.009515,4.078808,1866
GKO,omp,CG,BiCGStab,BJ,25,1,ccd1e4af47c22355a605d71fe99c0e84,1.009515,4.069393,1866
GKO,omp,CG,BiCGStab,BJ,25,1,ccd1e4af47c22355a605d71fe99c0e84,1.009515,4.059516,1866
GKO,omp,CG,BiCGStab,BJ,25,1,ccd1e4af47c22355a605d71fe99c0e84,1.009515,4.059823,1866
GKO,omp,CG,BiCGStab,BJ,25,1,ccd1e4af47c22355a605d71fe99c0e84,1.009515,4.055437,1866
GKO,omp,CG,BiCGStab,BJ,25,2,0f3b0d014fc20889b64340e585376334,0.734432,2.777298,1866
GKO,omp,CG,BiCGStab,BJ,25,2,0f3b0d014fc20889b64340e585376334,0.734432,2.776592,1866
GKO,omp,CG,BiCGStab,BJ,25,2,0f3b0d014fc20889b64340e585376334,0.734432,2.767856,1866
GKO,omp,CG,BiCGStab,BJ,25,2,0f3b0d014fc20889b64340e585376334,0.734432,2.719133,1866
GKO,omp,CG,BiCGStab,BJ,25,2,0f3b0d014fc20889b64340e585376334,0.734432,2.761914,1866
GKO,omp,CG,BiCGStab,BJ,25,2,0f3b0d014fc20889b64340e585376334,0.734432,2.698105,1866
GKO,omp,CG,BiCGStab,BJ,25,2,0f3b0d014fc20889b64340e585376334,0.734432,2.740075,1866
GKO,omp,CG,BiCGStab,BJ,25,2,0f3b0d014fc20889b64340e585376334,0.734432,2.725712,1866
GKO,omp,CG,BiCGStab,BJ,25,2,0f3b0d014fc20889b64340e585376334,0.734432,2.576907,1866
GKO,omp,CG,BiCGStab,BJ,25,2,0f3b0d014fc20889b64340e585376334,0.734432,2.748545,1866
GKO,omp,CG,BiCGStab,BJ,25,2,0f3b0d014fc20889b64340e585376334,0.734432,2.697463,1866
GKO,omp,CG,BiCGStab,BJ,25,2,0f3b0d014fc20889b64340e585376334,0.734432,2.539444,1866
GKO,omp,CG,BiCGStab,BJ,25,2,0f3b0d014fc20889b64340e585376334,0.734432,2.543233,1866
GKO,omp,CG,BiCGStab,BJ,25,2,0f3b0d014fc20889b64340e585376334,0.734432,2.696517,1866
GKO,omp,CG,BiCGStab,BJ,25,2,0f3b0d014fc20889b64340e585376334,0.734432,2.528359,1866
GKO,omp,CG,BiCGStab,BJ,25,2,0f3b0d014fc20889b64340e585376334,0.734432,2.703321,1866
GKO,omp,CG,BiCGStab,BJ,25,2,0f3b0d014fc20889b64340e585376334,0.734432,2.692972,1866
GKO,omp,CG,BiCGStab,BJ,25,2,0f3b0d014fc20889b64340e585376334,0.734432,2.740702,1866
GKO,omp,CG,BiCGStab,BJ,25,2,0f3b0d014fc20889b64340e585376334,0.734432,2.719729,1866
GKO,omp,CG,BiCGStab,BJ,25,2,0f3b0d014fc20889b64340e585376334,0.734432,2.742586,1866
GKO,omp,CG,BiCGStab,BJ,25,2,0f3b0d014fc20889b64340e585376334,0.734432,2.712666,1866
GKO,omp,CG,BiCGStab,BJ,25,2,0f3b0d014fc20889b64340e585376334,0.734432,2.697407,1866
GKO,omp,CG,BiCGStab,BJ,25,2,0f3b0d014fc20889b64340e585376334,0.734432,2.73896,1866
GKO,omp,CG,BiCGStab,BJ,25,4,3e21c559fb77b34b515a9035b910ab3d,0.570533,1.873723,1866
GKO,omp,CG,BiCGStab,BJ,25,4,3e21c559fb77b34b515a9035b910ab3d,0.570533,1.862826,1866
GKO,omp,CG,BiCGStab,BJ,25,4,3e21c559fb77b34b515a9035b910ab3d,0.570533,1.883633,1866
GKO,omp,CG,BiCGStab,BJ,25,4,3e21c559fb77b34b515a9035b910ab3d,0.570533,1.875675,1866
GKO,omp,CG,BiCGStab,BJ,25,4,3e21c559fb77b34b515a9035b910ab3d,0.570533,1.884326,1866
GKO,omp,CG,BiCGStab,BJ,25,4,3e21c559fb77b34b515a9035b910ab3d,0.570533,1.867248,1866
GKO,omp,CG,BiCGStab,BJ,25,4,3e21c559fb77b34b515a9035b910ab3d,0.570533,1.874287,1866
GKO,omp,CG,BiCGStab,BJ,25,4,3e21c559fb77b34b515a9035b910ab3d,0.570533,1.870873,1866
GKO,omp,CG,BiCGStab,BJ,25,4,3e21c559fb77b34b515a9035b910ab3d,0.570533,1.890648,1866
GKO,omp,CG,BiCGStab,BJ,25,4,3e21c559fb77b34b515a9035b910ab3d,0.570533,1.85652,1866
GKO,omp,CG,BiCGStab,BJ,25,4,3e21c559fb77b34b515a9035b910ab3d,0.570533,1.873679,1866
GKO,omp,CG,BiCGStab,BJ,25,4,3e21c559fb77b34b515a9035b910ab3d,0.570533,1.871505,1866
GKO,omp,CG,BiCGStab,BJ,25,4,3e21c559fb77b34b515a9035b910ab3d,0.570533,1.869289,1866
GKO,omp,CG,BiCGStab,BJ,25,4,3e21c559fb77b34b515a9035b910ab3d,0.570533,1.873036,1866
GKO,omp,CG,BiCGStab,BJ,25,4,3e21c559fb77b34b515a9035b910ab3d,0.570533,1.866052,1866
GKO,omp,CG,BiCGStab,BJ,25,4,3e21c559fb77b34b515a9035b910ab3d,0.570533,1.86515,1866
GKO,omp,CG,BiCGStab,BJ,25,4,3e21c559fb77b34b515a9035b910ab3d,0.570533,1.862555,1866
GKO,omp,CG,BiCGStab,BJ,25,4,3e21c559fb77b34b515a9035b910ab3d,0.570533,1.872182,1866
GKO,omp,CG,BiCGStab,BJ,25,4,3e21c559fb77b34b515a9035b910ab3d,0.570533,1.861253,1866
GKO,omp,CG,BiCGStab,BJ,25,4,3e21c559fb77b34b515a9035b910ab3d,0.570533,1.867095,1866
GKO,omp,CG,BiCGStab,BJ,25,4,3e21c559fb77b34b515a9035b910ab3d,0.570533,1.881201,1866
GKO,omp,CG,BiCGStab,BJ,25,4,3e21c559fb77b34b515a9035b910ab3d,0.570533,1.867275,1866
GKO,omp,CG,BiCGStab,BJ,25,4,3e21c559fb77b34b515a9035b910ab3d,0.570533,1.866759,1866
GKO,omp,CG,BiCGStab,BJ,25,4,3e21c559fb77b34b515a9035b910ab3d,0.570533,1.869361,1866
GKO,omp,CG,BiCGStab,BJ,25,4,3e21c559fb77b34b515a9035b910ab3d,0.570533,1.884901,1866
GKO,omp,CG,BiCGStab,BJ,25,4,3e21c559fb77b34b515a9035b910ab3d,0.570533,1.877522,1866
GKO,omp,CG,BiCGStab,BJ,25,4,3e21c559fb77b34b515a9035b910ab3d,0.570533,1.87277,1866
GKO,omp,CG,BiCGStab,BJ,25,4,3e21c559fb77b34b515a9035b910ab3d,0.570533,1.87726,1866
GKO,omp,CG,BiCGStab,BJ,25,4,3e21c559fb77b34b515a9035b910ab3d,0.570533,1.871085,1866
GKO,omp,CG,BiCGStab,BJ,25,4,3e21c559fb77b34b515a9035b910ab3d,0.570533,1.873284,1866
GKO,omp,CG,BiCGStab,BJ,25,4,3e21c559fb77b34b515a9035b910ab3d,0.570533,1.873734,1866
GKO,omp,CG,BiCGStab,BJ,25,4,3e21c559fb77b34b515a9035b910ab3d,0.570533,1.864714,1866
GKO,omp,CG,BiCGStab,BJ,25,4,3e21c559fb77b34b515a9035b910ab3d,0.570533,1.878716,1866
GKO,omp,CG,BiCGStab,BJ,25,8,eed6ee7a68d7959eeec79a72932c77f2,0.491625,1.478013,1866
GKO,omp,CG,BiCGStab,BJ,25,8,eed6ee7a68d7959eeec79a72932c77f2,0.491625,1.47596,1866
GKO,omp,CG,BiCGStab,BJ,25,8,eed6ee7a68d7959eeec79a72932c77f2,0.491625,1.499139,1866
GKO,omp,CG,BiCGStab,BJ,25,8,eed6ee7a68d7959eeec79a72932c77f2,0.491625,1.482152,1866
GKO,omp,CG,BiCGStab,BJ,25,8,eed6ee7a68d7959eeec79a72932c77f2,0.491625,1.440873,1866
GKO,omp,CG,BiCGStab,BJ,25,8,eed6ee7a68d7959eeec79a72932c77f2,0.491625,1.487959,1866
GKO,omp,CG,BiCGStab,BJ,25,8,eed6ee7a68d7959eeec79a72932c77f2,0.491625,1.477746,1866
GKO,omp,CG,BiCGStab,BJ,25,8,eed6ee7a68d7959eeec79a72932c77f2,0.491625,1.46955,1866
GKO,omp,CG,BiCGStab,BJ,25,8,eed6ee7a68d7959eeec79a72932c77f2,0.491625,1.457173,1866
GKO,omp,CG,BiCGStab,BJ,25,8,eed6ee7a68d7959eeec79a72932c77f2,0.491625,1.486994,1866
GKO,omp,CG,BiCGStab,BJ,25,8,eed6ee7a68d7959eeec79a72932c77f2,0.491625,1.479429,1866
GKO,omp,CG,BiCGStab,BJ,25,8,eed6ee7a68d7959eeec79a72932c77f2,0.491625,1.455014,1866
GKO,omp,CG,BiCGStab,BJ,25,8,eed6ee7a68d7959eeec79a72932c77f2,0.491625,1.557088,1866
GKO,omp,CG,BiCGStab,BJ,25,8,eed6ee7a68d7959eeec79a72932c77f2,0.491625,1.46876,1866
GKO,omp,CG,BiCGStab,BJ,25,8,eed6ee7a68d7959eeec79a72932c77f2,0.491625,1.524775,1866
GKO,omp,CG,BiCGStab,BJ,25,8,eed6ee7a68d7959eeec79a72932c77f2,0.491625,1.444156,1866
GKO,omp,CG,BiCGStab,BJ,25,8,eed6ee7a68d7959eeec79a72932c77f2,0.491625,1.491466,1866
GKO,omp,CG,BiCGStab,BJ,25,8,eed6ee7a68d7959eeec79a72932c77f2,0.491625,1.42415,1866
GKO,omp,CG,BiCGStab,BJ,25,8,eed6ee7a68d7959eeec79a72932c77f2,0.491625,1.489809,1866
GKO,omp,CG,BiCGStab,BJ,25,8,eed6ee7a68d7959eeec79a72932c77f2,0.491625,1.43341,1866
GKO,omp,CG,BiCGStab,BJ,25,8,eed6ee7a68d7959eeec79a72932c77f2,0.491625,1.488277,1866
GKO,omp,CG,BiCGStab,BJ,25,8,eed6ee7a68d7959eeec79a72932c77f2,0.491625,1.488296,1866
GKO,omp,CG,BiCGStab,BJ,25,8,eed6ee7a68d7959eeec79a72932c77f2,0.491625,1.474457,1866
GKO,omp,CG,BiCGStab,BJ,25,8,eed6ee7a68d7959eeec79a72932c77f2,0.491625,1.49858,1866
GKO,omp,CG,BiCGStab,BJ,25,8,eed6ee7a68d7959eeec79a72932c77f2,0.491625,1.467691,1866
GKO,omp,CG,BiCGStab,BJ,25,8,eed6ee7a68d7959eeec79a72932c77f2,0.491625,1.463337,1866
GKO,omp,CG,BiCGStab,BJ,25,8,eed6ee7a68d7959eeec79a72932c77f2,0.491625,1.473313,1866
GKO,omp,CG,BiCGStab,BJ,25,8,eed6ee7a68d7959eeec79a72932c77f2,0.491625,1.48884,1866
GKO,omp,CG,BiCGStab,BJ,25,8,eed6ee7a68d7959eeec79a72932c77f2,0.491625,1.494217,1866
GKO,omp,CG,BiCGStab,BJ,25,8,eed6ee7a68d7959eeec79a72932c77f2,0.491625,1.471653,1866
GKO,omp,CG,BiCGStab,BJ,25,8,eed6ee7a68d7959eeec79a72932c77f2,0.491625,1.498017,1866
GKO,omp,CG,BiCGStab,BJ,25,8,eed6ee7a68d7959eeec79a72932c77f2,0.491625,1.466972,1866
GKO,omp,CG,BiCGStab,BJ,25,8,eed6ee7a68d7959eeec79a72932c77f2,0.491625,1.480542,1866
GKO,omp,CG,BiCGStab,BJ,25,8,eed6ee7a68d7959eeec79a72932c77f2,0.491625,1.399645,1866
GKO,omp,CG,BiCGStab,BJ,25,8,eed6ee7a68d7959eeec79a72932c77f2,0.491625,1.488922,1866
GKO,omp,CG,BiCGStab,BJ,25,8,eed6ee7a68d7959eeec79a72932c77f2,0.491625,1.487332,1866
GKO,omp,CG,BiCGStab,BJ,25,8,eed6ee7a68d7959eeec79a72932c77f2,0.491625,1.502757,1866
GKO,omp,CG,BiCGStab,BJ,25,8,eed6ee7a68d7959eeec79a72932c77f2,0.491625,1.510891,1866
GKO,omp,CG,BiCGStab,BJ,25,8,eed6ee7a68d7959eeec79a72932c77f2,0.491625,1.476961,1866
GKO,omp,CG,BiCGStab,BJ,25,8,eed6ee7a68d7959eeec79a72932c77f2,0.491625,1.465787,1866
GKO,omp,CG,BiCGStab,BJ,25,8,eed6ee7a68d7959eeec79a72932c77f2,0.491625,1.484992,1866
GKO,omp,CG,BiCGStab,BJ,25,16,4aa58bc49c227def9161382c85f695c5,0.512816,1.521576,1866
GKO,omp,CG,BiCGStab,BJ,25,16,4aa58bc49c227def9161382c85f695c5,0.512816,1.483796,1866
GKO,omp,CG,BiCGStab,BJ,25,16,4aa58bc49c227def9161382c85f695c5,0.512816,1.553429,1866
GKO,omp,CG,BiCGStab,BJ,25,16,4aa58bc49c227def9161382c85f695c5,0.512816,1.561922,1866
GKO,omp,CG,BiCGStab,BJ,25,16,4aa58bc49c227def9161382c85f695c5,0.512816,1.597835,1866
GKO,omp,CG,BiCGStab,BJ,25,16,4aa58bc49c227def9161382c85f695c5,0.512816,1.570122,1866
GKO,omp,CG,BiCGStab,BJ,25,16,4aa58bc49c227def9161382c85f695c5,0.512816,1.55313,1866
GKO,omp,CG,BiCGStab,BJ,25,16,4aa58bc49c227def9161382c85f695c5,0.512816,1.510046,1866
GKO,omp,CG,BiCGStab,BJ,25,16,4aa58bc49c227def9161382c85f695c5,0.512816,1.544816,1866
GKO,omp,CG,BiCGStab,BJ,25,16,4aa58bc49c227def9161382c85f695c5,0.512816,1.536967,1866
GKO,omp,CG,BiCGStab,BJ,25,16,4aa58bc49c227def9161382c85f695c5,0.512816,1.522449,1866
GKO,omp,CG,BiCGStab,BJ,25,16,4aa58bc49c227def9161382c85f695c5,0.512816,1.486319,1866
GKO,omp,CG,BiCGStab,BJ,25,16,4aa58bc49c227def9161382c85f695c5,0.512816,1.580468,1866
GKO,omp,CG,BiCGStab,BJ,25,16,4aa58bc49c227def9161382c85f695c5,0.512816,1.588984,1866
GKO,omp,CG,BiCGStab,BJ,25,16,4aa58bc49c227def9161382c85f695c5,0.512816,1.566567,1866
GKO,omp,CG,BiCGStab,BJ,25,16,4aa58bc49c227def9161382c85f695c5,0.512816,1.569978,1866
GKO,omp,CG,BiCGStab,BJ,25,16,4aa58bc49c227def9161382c85f695c5,0.512816,1.464202,1866
GKO,omp,CG,BiCGStab,BJ,25,16,4aa58bc49c227def9161382c85f695c5,0.512816,1.567486,1866
GKO,omp,CG,BiCGStab,BJ,25,16,4aa58bc49c227def9161382c85f695c5,0.512816,1.604032,1866
GKO,omp,CG,BiCGStab,BJ,25,16,4aa58bc49c227def9161382c85f695c5,0.512816,1.536452,1866
GKO,omp,CG,BiCGStab,BJ,25,16,4aa58bc49c227def9161382c85f695c5,0.512816,1.557415,1866
GKO,omp,CG,BiCGStab,BJ,25,16,4aa58bc49c227def9161382c85f695c5,0.512816,1.589271,1866
GKO,omp,CG,BiCGStab,BJ,25,16,4aa58bc49c227def9161382c85f695c5,0.512816,1.528521,1866
GKO,omp,CG,BiCGStab,BJ,25,16,4aa58bc49c227def9161382c85f695c5,0.512816,1.550876,1866
GKO,omp,CG,BiCGStab,BJ,25,16,4aa58bc49c227def9161382c85f695c5,0.512816,1.478011,1866
GKO,omp,CG,BiCGStab,BJ,25,16,4aa58bc49c227def9161382c85f695c5,0.512816,1.614862,1866
GKO,omp,CG,BiCGStab,BJ,25,16,4aa58bc49c227def9161382c85f695c5,0.512816,1.566638,1866
GKO,omp,CG,BiCGStab,BJ,25,16,4aa58bc49c227def9161382c85f695c5,0.512816,1.59062,1866
GKO,omp,CG,BiCGStab,BJ,25,16,4aa58bc49c227def9161382c85f695c5,0.512816,1.525699,1866
GKO,omp,CG,BiCGStab,BJ,25,16,4aa58bc49c227def9161382c85f695c5,0.512816,1.517188,1866
GKO,omp,CG,BiCGStab,BJ,25,16,4aa58bc49c227def9161382c85f695c5,0.512816,1.540616,1866
GKO,omp,CG,BiCGStab,BJ,25,16,4aa58bc49c227def9161382c85f695c5,0.512816,1.564128,1866
GKO,omp,CG,BiCGStab,BJ,25,16,4aa58bc49c227def9161382c85f695c5,0.512816,1.55632,1866
GKO,omp,CG,BiCGStab,BJ,25,16,4aa58bc49c227def9161382c85f695c5,0.512816,1.577038,1866
GKO,omp,CG,BiCGStab,BJ,25,16,4aa58bc49c227def9161382c85f695c5,0.512816,1.551707,1866
GKO,omp,CG,BiCGStab,BJ,25,16,4aa58bc49c227def9161382c85f695c5,0.512816,1.555391,1866
GKO,omp,CG,BiCGStab,BJ,25,16,4aa58bc49c227def9161382c85f695c5,0.512816,1.506971,1866
GKO,omp,CG,BiCGStab,BJ,25,16,4aa58bc49c227def9161382c85f695c5,0.512816,1.475591,1866
GKO,omp,CG,BiCGStab,BJ,25,16,4aa58bc49c227def9161382c85f695c5,0.512816,1.574152,1866
GKO,omp,CG,BiCGStab,BJ,25,32,1b48ca2e145289f6c9e26993e108e5f7,0.559472,1.710845,1866
GKO,omp,CG,BiCGStab,BJ,25,32,1b48ca2e145289f6c9e26993e108e5f7,0.559472,1.697905,1866
GKO,omp,CG,BiCGStab,BJ,25,32,1b48ca2e145289f6c9e26993e108e5f7,0.559472,1.644773,1866
GKO,omp,CG,BiCGStab,BJ,25,32,1b48ca2e145289f6c9e26993e108e5f7,0.559472,1.635766,1866
GKO,omp,CG,BiCGStab,BJ,25,32,1b48ca2e145289f6c9e26993e108e5f7,0.559472,1.709011,1866
GKO,omp,CG,BiCGStab,BJ,25,32,1b48ca2e145289f6c9e26993e108e5f7,0.559472,1.576777,1866
GKO,omp,CG,BiCGStab,BJ,25,32,1b48ca2e145289f6c9e26993e108e5f7,0.559472,1.59282,1866
GKO,omp,CG,BiCGStab,BJ,25,32,1b48ca2e145289f6c9e26993e108e5f7,0.559472,1.704094,1866
GKO,omp,CG,BiCGStab,BJ,25,32,1b48ca2e145289f6c9e26993e108e5f7,0.559472,1.672229,1866
GKO,omp,CG,BiCGStab,BJ,25,32,1b48ca2e145289f6c9e26993e108e5f7,0.559472,1.72615,1866
GKO,omp,CG,BiCGStab,BJ,25,32,1b48ca2e145289f6c9e26993e108e5f7,0.559472,1.631626,1866
GKO,omp,CG,BiCGStab,BJ,25,32,1b48ca2e145289f6c9e26993e108e5f7,0.559472,1.754664,1866
GKO,omp,CG,BiCGStab,BJ,25,32,1b48ca2e145289f6c9e26993e108e5f7,0.559472,1.721443,1866
GKO,omp,CG,BiCGStab,BJ,25,32,1b48ca2e145289f6c9e26993e108e5f7,0.559472,1.784608,1866
GKO,omp,CG,BiCGStab,BJ,25,32,1b48ca2e145289f6c9e26993e108e5f7,0.559472,1.669901,1866
GKO,omp,CG,BiCGStab,BJ,25,32,1b48ca2e145289f6c9e26993e108e5f7,0.559472,1.665939,1866
GKO,omp,CG,BiCGStab,BJ,25,32,1b48ca2e145289f6c9e26993e108e5f7,0.559472,1.723428,1866
GKO,omp,CG,BiCGStab,BJ,25,32,1b48ca2e145289f6c9e26993e108e5f7,0.559472,1.700906,1866
GKO,omp,CG,BiCGStab,BJ,25,32,1b48ca2e145289f6c9e26993e108e5f7,0.559472,1.588058,1866
GKO,omp,CG,BiCGStab,BJ,25,32,1b48ca2e145289f6c9e26993e108e5f7,0.559472,1.646723,1866
GKO,omp,CG,BiCGStab,BJ,25,32,1b48ca2e145289f6c9e26993e108e5f7,0.559472,1.735338,1866
GKO,omp,CG,BiCGStab,BJ,25,32,1b48ca2e145289f6c9e26993e108e5f7,0.559472,1.618847,1866
GKO,omp,CG,BiCGStab,BJ,25,32,1b48ca2e145289f6c9e26993e108e5f7,0.559472,1.585597,1866
GKO,omp,CG,BiCGStab,BJ,25,32,1b48ca2e145289f6c9e26993e108e5f7,0.559472,1.671501,1866
GKO,omp,CG,BiCGStab,BJ,25,32,1b48ca2e145289f6c9e26993e108e5f7,0.559472,1.605736,1866
GKO,omp,CG,BiCGStab,BJ,25,32,1b48ca2e145289f6c9e26993e108e5f7,0.559472,1.643866,1866
GKO,omp,CG,BiCGStab,BJ,25,32,1b48ca2e145289f6c9e26993e108e5f7,0.559472,1.604917,1866
GKO,omp,CG,BiCGStab,BJ,25,32,1b48ca2e145289f6c9e26993e108e5f7,0.559472,1.8026,1866
GKO,omp,CG,BiCGStab,BJ,25,32,1b48ca2e145289f6c9e26993e108e5f7,0.559472,1.655916,1866
GKO,omp,CG,BiCGStab,BJ,25,32,1b48ca2e145289f6c9e26993e108e5f7,0.559472,1.57799,1866
GKO,omp,CG,BiCGStab,BJ,25,32,1b48ca2e145289f6c9e26993e108e5f7,0.559472,1.741442,1866
GKO,omp,CG,BiCGStab,BJ,25,32,1b48ca2e145289f6c9e26993e108e5f7,0.559472,1.795558,1866
GKO,omp,CG,BiCGStab,BJ,25,32,1b48ca2e145289f6c9e26993e108e5f7,0.559472,1.705209,1866
GKO,omp,CG,BiCGStab,BJ,25,32,1b48ca2e145289f6c9e26993e108e5f7,0.559472,1.625315,1866
GKO,omp,CG,BiCGStab,BJ,25,32,1b48ca2e145289f6c9e26993e108e5f7,0.559472,1.643246,1866
GKO,omp,CG,BiCGStab,BJ,25,32,1b48ca2e145289f6c9e26993e108e5f7,0.559472,1.699461,1866
GKO,omp,CG,BiCGStab,BJ,25,64,904130f006b34167c36f18816339231f,0.636034,1.996082,1866
GKO,omp,CG,BiCGStab,BJ,25,64,904130f006b34167c36f18816339231f,0.636034,1.998944,1866
GKO,omp,CG,BiCGStab,BJ,25,64,904130f006b34167c36f18816339231f,0.636034,1.930817,1866
GKO,omp,CG,BiCGStab,BJ,25,64,904130f006b34167c36f18816339231f,0.636034,2.100592,1866
GKO,omp,CG,BiCGStab,BJ,25,64,904130f006b34167c36f18816339231f,0.636034,2.006152,1866
GKO,omp,CG,BiCGStab,BJ,25,64,904130f006b34167c36f18816339231f,0.636034,2.039087,1866
GKO,omp,CG,BiCGStab,BJ,25,64,904130f006b34167c36f18816339231f,0.636034,1.964477,1866
GKO,omp,CG,BiCGStab,BJ,25,64,904130f006b34167c36f18816339231f,0.636034,2.047956,1866
GKO,omp,CG,BiCGStab,BJ,25,64,904130f006b34167c36f18816339231f,0.636034,1.931854,1866
GKO,omp,CG,BiCGStab,BJ,25,64,904130f006b34167c36f18816339231f,0.636034,1.918312,1866
GKO,omp,CG,BiCGStab,BJ,25,64,904130f006b34167c36f18816339231f,0.636034,2.001368,1866
GKO,omp,CG,BiCGStab,BJ,25,64,904130f006b34167c36f18816339231f,0.636034,2.070748,1866
GKO,omp,CG,BiCGStab,BJ,25,64,904130f006b34167c36f18816339231f,0.636034,2.107147,1866
GKO,omp,CG,BiCGStab,BJ,25,64,904130f006b34167c36f18816339231f,0.636034,2.063891,1866
GKO,omp,CG,BiCGStab,BJ,25,64,904130f006b34167c36f18816339231f,0.636034,1.96167,1866
GKO,omp,CG,BiCGStab,BJ,25,64,904130f006b34167c36f18816339231f,0.636034,2.219425,1866
GKO,omp,CG,BiCGStab,BJ,25,64,904130f006b34167c36f18816339231f,0.636034,2.08431,1866
GKO,omp,CG,BiCGStab,BJ,25,64,904130f006b34167c36f18816339231f,0.636034,2.078897,1866
GKO,omp,CG,BiCGStab,BJ,25,64,904130f006b34167c36f18816339231f,0.636034,1.954641,1866
GKO,omp,CG,BiCGStab,BJ,25,64,904130f006b34167c36f18816339231f,0.636034,2.196111,1866
GKO,omp,CG,BiCGStab,BJ,25,64,904130f006b34167c36f18816339231f,0.636034,1.940896,1866
GKO,omp,CG,BiCGStab,BJ,25,64,904130f006b34167c36f18816339231f,0.636034,2.162658,1866
GKO,omp,CG,BiCGStab,BJ,25,64,904130f006b34167c36f18816339231f,0.636034,2.100868,1866
GKO,omp,CG,BiCGStab,BJ,25,64,904130f006b34167c36f18816339231f,0.636034,2.029616,1866
GKO,omp,CG,BiCGStab,BJ,25,64,904130f006b34167c36f18816339231f,0.636034,2.107229,1866
GKO,omp,CG,BiCGStab,BJ,25,64,904130f006b34167c36f18816339231f,0.636034,2.035462,1866
GKO,omp,CG,BiCGStab,BJ,25,64,904130f006b34167c36f18816339231f,0.636034,2.061441,1866
GKO,omp,CG,BiCGStab,BJ,25,64,904130f006b34167c36f18816339231f,0.636034,1.879468,1866
GKO,omp,CG,BiCGStab,BJ,25,64,904130f006b34167c36f18816339231f,0.636034,2.087684,1866
GKO,omp,CG,BiCGStab,BJ,25,64,904130f006b34167c36f18816339231f,0.636034,1.888546,1866
GKO,omp,CG,BiCGStab,BJ,50,1,e71da813653ac72185a7e5c9af49e893,12.28117,59.301175,3764
GKO,omp,CG,BiCGStab,BJ,50,1,e71da813653ac72185a7e5c9af49e893,12.28117,59.307732,3764
GKO,omp,CG,BiCGStab,BJ,50,1,e71da813653ac72185a7e5c9af49e893,12.28117,58.927502,3764
GKO,omp,CG,BiCGStab,BJ,50,1,e71da813653ac72185a7e5c9af49e893,12.28117,58.980247,3764
GKO,omp,CG,BiCGStab,BJ,50,1,e71da813653ac72185a7e5c9af49e893,12.28117,58.944009,3764
GKO,omp,CG,BiCGStab,BJ,50,2,0738a6aa22f6ef6029f3bed7649cba9f,8.152441,36.446474,3762
GKO,omp,CG,BiCGStab,BJ,50,2,0738a6aa22f6ef6029f3bed7649cba9f,8.152441,34.192484,3762
GKO,omp,CG,BiCGStab,BJ,50,2,0738a6aa22f6ef6029f3bed7649cba9f,8.152441,36.566042,3762
GKO,omp,CG,BiCGStab,BJ,50,2,0738a6aa22f6ef6029f3bed7649cba9f,8.152441,36.385465,3762
GKO,omp,CG,BiCGStab,BJ,50,2,0738a6aa22f6ef6029f3bed7649cba9f,8.152441,34.034917,3762
GKO,omp,CG,BiCGStab,BJ,50,4,cfa2870d54e731febd41bb7e38b80d80,5.562751,23.207825,3764
GKO,omp,CG,BiCGStab,BJ,50,4,cfa2870d54e731febd41bb7e38b80d80,5.562751,23.174093,3764
GKO,omp,CG,BiCGStab,BJ,50,4,cfa2870d54e731febd41bb7e38b80d80,5.562751,22.967492,3764
GKO,omp,CG,BiCGStab,BJ,50,4,cfa2870d54e731febd41bb7e38b80d80,5.562751,23.289959,3764
GKO,omp,CG,BiCGStab,BJ,50,4,cfa2870d54e731febd41bb7e38b80d80,5.562751,22.824273,3764
GKO,omp,CG,BiCGStab,BJ,50,8,240dae58d10ab31b672f189c57ee04e0,4.499299,16.869634,3764
GKO,omp,CG,BiCGStab,BJ,50,8,240dae58d10ab31b672f189c57ee04e0,4.499299,16.864332,3764
GKO,omp,CG,BiCGStab,BJ,50,8,240dae58d10ab31b672f189c57ee04e0,4.499299,16.896381,3764
GKO,omp,CG,BiCGStab,BJ,50,8,240dae58d10ab31b672f189c57ee04e0,4.499299,16.728292,3764
GKO,omp,CG,BiCGStab,BJ,50,8,240dae58d10ab31b672f189c57ee04e0,4.499299,16.808951,3764
GKO,omp,CG,BiCGStab,BJ,50,16,3492d4a33c2b63372b40fc9fee1123d0,4.14522,13.862013,3764
GKO,omp,CG,BiCGStab,BJ,50,16,3492d4a33c2b63372b40fc9fee1123d0,4.14522,13.911402,3764
GKO,omp,CG,BiCGStab,BJ,50,16,3492d4a33c2b63372b40fc9fee1123d0,4.14522,13.834219,3764
GKO,omp,CG,BiCGStab,BJ,50,16,3492d4a33c2b63372b40fc9fee1123d0,4.14522,13.787842,3764
GKO,omp,CG,BiCGStab,BJ,50,16,3492d4a33c2b63372b40fc9fee1123d0,4.14522,13.986371,3764
GKO,omp,CG,BiCGStab,BJ,50,32,66463cad0364d916376ff75e3e793786,4.187277,13.688224,3763
GKO,omp,CG,BiCGStab,BJ,50,32,66463cad0364d916376ff75e3e793786,4.187277,13.636284,3763
GKO,omp,CG,BiCGStab,BJ,50,32,66463cad0364d916376ff75e3e793786,4.187277,13.524962,3763
GKO,omp,CG,BiCGStab,BJ,50,32,66463cad0364d916376ff75e3e793786,4.187277,13.76884,3763
GKO,omp,CG,BiCGStab,BJ,50,32,66463cad0364d916376ff75e3e793786,4.187277,14.168893,3763
GKO,omp,CG,BiCGStab,BJ,50,64,2589a3808ad5d0255ef466b4b05de87b,4.195393,14.589293,3765
GKO,omp,CG,BiCGStab,BJ,50,64,2589a3808ad5d0255ef466b4b05de87b,4.195393,14.138726,3765
GKO,omp,CG,BiCGStab,BJ,50,64,2589a3808ad5d0255ef466b4b05de87b,4.195393,14.981949,3765
GKO,omp,CG,BiCGStab,BJ,50,64,2589a3808ad5d0255ef466b4b05de87b,4.195393,13.993699,3765
GKO,omp,CG,BiCGStab,BJ,50,64,2589a3808ad5d0255ef466b4b05de87b,4.195393,15.124429,3765
GKO,omp,CG,BiCGStab,BJ,75,1,3bdb44a14f53297a8773b8b054c640e3,59.328564,294.202258,5655
GKO,omp,CG,BiCGStab,BJ,75,1,3bdb44a14f53297a8773b8b054c640e3,59.328564,293.308938,5655
GKO,omp,CG,BiCGStab,BJ,75,1,3bdb44a14f53297a8773b8b054c640e3,59.328564,292.461038,5655
GKO,omp,CG,BiCGStab,BJ,75,1,3bdb44a14f53297a8773b8b054c640e3,59.328564,292.956828,5655
GKO,omp,CG,BiCGStab,BJ,75,1,3bdb44a14f53297a8773b8b054c640e3,59.328564,294.198392,5655
GKO,omp,CG,BiCGStab,BJ,75,2,1135df8b336c760857520587954cac95,37.099031,174.373885,5655
GKO,omp,CG,BiCGStab,BJ,75,2,1135df8b336c760857520587954cac95,37.099031,175.811421,5655
GKO,omp,CG,BiCGStab,BJ,75,2,1135df8b336c760857520587954cac95,37.099031,181.244835,5655
GKO,omp,CG,BiCGStab,BJ,75,2,1135df8b336c760857520587954cac95,37.099031,167.595168,5655
GKO,omp,CG,BiCGStab,BJ,75,2,1135df8b336c760857520587954cac95,37.099031,174.241011,5655
GKO,omp,CG,BiCGStab,BJ,75,4,1171272c38f2cf18fdbeef36c1167eb6,25.62498,108.375389,5652
GKO,omp,CG,BiCGStab,BJ,75,4,1171272c38f2cf18fdbeef36c1167eb6,25.62498,107.780901,5652
GKO,omp,CG,BiCGStab,BJ,75,4,1171272c38f2cf18fdbeef36c1167eb6,25.62498,107.441417,5652
GKO,omp,CG,BiCGStab,BJ,75,4,1171272c38f2cf18fdbeef36c1167eb6,25.62498,106.635578,5652
GKO,omp,CG,BiCGStab,BJ,75,4,1171272c38f2cf18fdbeef36c1167eb6,25.62498,107.197013,5652
GKO,omp,CG,BiCGStab,BJ,75,8,db967cd71263fe8a0c8d54e58fb61909,18.988554,76.95799,5645
GKO,omp,CG,BiCGStab,BJ,75,8,db967cd71263fe8a0c8d54e58fb61909,18.988554,77.151732,5645
GKO,omp,CG,BiCGStab,BJ,75,8,db967cd71263fe8a0c8d54e58fb61909,18.988554,77.346154,5645
GKO,omp,CG,BiCGStab,BJ,75,8,db967cd71263fe8a0c8d54e58fb61909,18.988554,77.021552,5645
GKO,omp,CG,BiCGStab,BJ,75,8,db967cd71263fe8a0c8d54e58fb61909,18.988554,76.821765,5645
GKO,omp,CG,BiCGStab,BJ,75,16,be4ad7341033084c2bf2da142d56e8df,17.156879,62.289258,5646
GKO,omp,CG,BiCGStab,BJ,75,16,be4ad7341033084c2bf2da142d56e8df,17.156879,61.833219,5646
GKO,omp,CG,BiCGStab,BJ,75,16,be4ad7341033084c2bf2da142d56e8df,17.156879,61.225747,5646
GKO,omp,CG,BiCGStab,BJ,75,16,be4ad7341033084c2bf2da142d56e8df,17.156879,61.717659,5646
GKO,omp,CG,BiCGStab,BJ,75,16,be4ad7341033084c2bf2da142d56e8df,17.156879,63.368,5646
GKO,omp,CG,BiCGStab,BJ,75,32,911347fbf525d79c92081c1c77530f30,16.299583,59.406483,5641
GKO,omp,CG,BiCGStab,BJ,75,32,911347fbf525d79c92081c1c77530f30,16.299583,61.256797,5641
GKO,omp,CG,BiCGStab,BJ,75,32,911347fbf525d79c92081c1c77530f30,16.299583,60.637835,5641
GKO,omp,CG,BiCGStab,BJ,75,32,911347fbf525d79c92081c1c77530f30,16.299583,60.317911,5641
GKO,omp,CG,BiCGStab,BJ,75,32,911347fbf525d79c92081c1c77530f30,16.299583,58.742168,5641
GKO,omp,CG,BiCGStab,BJ,75,64,4180d1bc88f82146ded503a4bc6753fe,17.055288,67.660441,5650
GKO,omp,CG,BiCGStab,BJ,75,64,4180d1bc88f82146ded503a4bc6753fe,17.055288,64.7917,5650
GKO,omp,CG,BiCGStab,BJ,75,64,4180d1bc88f82146ded503a4bc6753fe,17.055288,65.990551,5650
GKO,omp,CG,BiCGStab,BJ,75,64,4180d1bc88f82146ded503a4bc6753fe,17.055288,62.223863,5650
GKO,omp,CG,BiCGStab,BJ,75,64,4180d1bc88f82146ded503a4bc6753fe,17.055288,66.433646,5650
GKO,omp,CG,BiCGStab,BJ,100,2,35c60835f6f8e1076c5be792d6664c3a,108.150989,516.829886,7543
GKO,omp,CG,BiCGStab,BJ,100,2,35c60835f6f8e1076c5be792d6664c3a,108.150989,538.152108,7543
GKO,omp,CG,BiCGStab,BJ,100,2,35c60835f6f8e1076c5be792d6664c3a,108.150989,516.335456,7543
GKO,omp,CG,BiCGStab,BJ,100,2,35c60835f6f8e1076c5be792d6664c3a,108.150989,540.613564,7543
GKO,omp,CG,BiCGStab,BJ,100,2,35c60835f6f8e1076c5be792d6664c3a,108.150989,545.532768,7543
GKO,omp,CG,BiCGStab,BJ,100,4,892feb79307b7f5b984fc560ff7481db,73.671162,329.909775,7542
GKO,omp,CG,BiCGStab,BJ,100,4,892feb79307b7f5b984fc560ff7481db,73.671162,332.372868,7542
GKO,omp,CG,BiCGStab,BJ,100,4,892feb79307b7f5b984fc560ff7481db,73.671162,327.00973,7542
GKO,omp,CG,BiCGStab,BJ,100,4,892feb79307b7f5b984fc560ff7481db,73.671162,331.115973,7542
GKO,omp,CG,BiCGStab,BJ,100,4,892feb79307b7f5b984fc560ff7481db,73.671162,335.313496,7542
GKO,omp,CG,BiCGStab,BJ,100,8,b91c9f300ed85b82802edceef3c9ab27,55.243246,232.324559,7538
GKO,omp,CG,BiCGStab,BJ,100,8,b91c9f300ed85b82802edceef3c9ab27,55.243246,235.643426,7538
GKO,omp,CG,BiCGStab,BJ,100,8,b91c9f300ed85b82802edceef3c9ab27,55.243246,238.274612,7538
GKO,omp,CG,BiCGStab,BJ,100,8,b91c9f300ed85b82802edceef3c9ab27,55.243246,236.627946,7538
GKO,omp,CG,BiCGStab,BJ,100,8,b91c9f300ed85b82802edceef3c9ab27,55.243246,234.936091,7538
GKO,omp,CG,BiCGStab,BJ,100,16,80c76daf962ff5701003914b34d5c03b,47.31979,185.4869,7541
GKO,omp,CG,BiCGStab,BJ,100,16,80c76daf962ff5701003914b34d5c03b,47.31979,188.299971,7541
GKO,omp,CG,BiCGStab,BJ,100,16,80c76daf962ff5701003914b34d5c03b,47.31979,188.765326,7541
GKO,omp,CG,BiCGStab,BJ,100,16,80c76daf962ff5701003914b34d5c03b,47.31979,187.873878,7541
GKO,omp,CG,BiCGStab,BJ,100,16,80c76daf962ff5701003914b34d5c03b,47.31979,185.923402,7541
