backend,executor,solver_p,preconditioner,resolution,processes,setup_timerun_time,number_of_iterations
#{'OBR_VERSION': '0.0.0'}
GKO,omp,CG,none,25,1,0.175112,1.382225,1668
GKO,omp,CG,none,25,1,0.175112,1.404309,1668
GKO,omp,CG,none,25,1,0.175112,1.399574,1668
GKO,omp,CG,none,25,1,0.175112,1.395288,1668
GKO,omp,CG,none,25,1,0.175112,1.392221,1668
GKO,omp,CG,none,25,1,0.175112,1.389708,1668
GKO,omp,CG,none,25,1,0.175112,1.387114,1668
GKO,omp,CG,none,25,1,0.175112,1.381166,1668
GKO,omp,CG,none,25,1,0.175112,1.390936,1668
GKO,omp,CG,none,25,1,0.175112,1.392286,1668
GKO,omp,CG,none,25,1,0.175112,1.393279,1668
GKO,omp,CG,none,25,1,0.175112,1.38729,1668
GKO,omp,CG,none,25,1,0.175112,1.398243,1668
GKO,omp,CG,none,25,1,0.175112,1.395467,1668
GKO,omp,CG,none,25,1,0.175112,1.410577,1668
GKO,omp,CG,none,25,1,0.175112,1.397333,1668
GKO,omp,CG,none,25,1,0.175112,1.392477,1668
GKO,omp,CG,none,25,1,0.175112,1.408614,1668
GKO,omp,CG,none,25,1,0.175112,1.395449,1668
GKO,omp,CG,none,25,1,0.175112,1.395725,1668
GKO,omp,CG,none,25,1,0.175112,1.395891,1668
GKO,omp,CG,none,25,1,0.175112,1.402795,1668
GKO,omp,CG,none,25,1,0.175112,1.405154,1668
GKO,omp,CG,none,25,1,0.175112,1.391679,1668
GKO,omp,CG,none,25,1,0.175112,1.375852,1668
GKO,omp,CG,none,25,1,0.175112,1.393258,1668
GKO,omp,CG,none,25,1,0.175112,1.386818,1668
GKO,omp,CG,none,25,1,0.175112,1.392414,1668
GKO,omp,CG,none,25,1,0.175112,1.392577,1668
GKO,omp,CG,none,25,1,0.175112,1.389458,1668
GKO,omp,CG,none,25,1,0.175112,1.398553,1668
GKO,omp,CG,none,25,1,0.175112,1.401209,1668
GKO,omp,CG,none,25,1,0.175112,1.388488,1668
GKO,omp,CG,none,25,1,0.175112,1.381765,1668
GKO,omp,CG,none,25,1,0.175112,1.389555,1668
GKO,omp,CG,none,25,1,0.175112,1.397747,1668
GKO,omp,CG,none,25,1,0.175112,1.400078,1668
GKO,omp,CG,none,25,1,0.175112,1.410918,1668
GKO,omp,CG,none,25,1,0.175112,1.393215,1668
GKO,omp,CG,none,25,1,0.175112,1.397977,1668
GKO,omp,CG,none,25,1,0.175112,1.395034,1668
GKO,omp,CG,none,25,1,0.175112,1.389291,1668
GKO,omp,CG,none,25,1,0.175112,1.399615,1668
GKO,omp,CG,none,25,1,0.175112,1.381314,1668
GKO,omp,CG,none,25,2,0.171153,1.147885,1668
GKO,omp,CG,none,25,2,0.171153,1.157429,1668
GKO,omp,CG,none,25,2,0.171153,1.159381,1668
GKO,omp,CG,none,25,2,0.171153,1.059044,1668
GKO,omp,CG,none,25,2,0.171153,1.061859,1668
GKO,omp,CG,none,25,2,0.171153,1.053302,1668
GKO,omp,CG,none,25,2,0.171153,1.124575,1668
GKO,omp,CG,none,25,2,0.171153,1.162743,1668
GKO,omp,CG,none,25,2,0.171153,1.12591,1668
GKO,omp,CG,none,25,2,0.171153,1.170173,1668
GKO,omp,CG,none,25,2,0.171153,1.049428,1668
GKO,omp,CG,none,25,2,0.171153,1.155228,1668
GKO,omp,CG,none,25,2,0.171153,1.175276,1668
GKO,omp,CG,none,25,2,0.171153,1.057149,1668
GKO,omp,CG,none,25,2,0.171153,1.153021,1668
GKO,omp,CG,none,25,2,0.171153,1.168533,1668
GKO,omp,CG,none,25,2,0.171153,1.112773,1668
GKO,omp,CG,none,25,2,0.171153,1.051097,1668
GKO,omp,CG,none,25,2,0.171153,1.166154,1668
GKO,omp,CG,none,25,2,0.171153,1.170346,1668
GKO,omp,CG,none,25,2,0.171153,1.123555,1668
GKO,omp,CG,none,25,2,0.171153,1.174002,1668
GKO,omp,CG,none,25,2,0.171153,1.192524,1668
GKO,omp,CG,none,25,2,0.171153,1.160042,1668
GKO,omp,CG,none,25,2,0.171153,1.158719,1668
GKO,omp,CG,none,25,2,0.171153,1.12679,1668
GKO,omp,CG,none,25,2,0.171153,1.167233,1668
GKO,omp,CG,none,25,2,0.171153,1.121945,1668
GKO,omp,CG,none,25,2,0.171153,1.154421,1668
GKO,omp,CG,none,25,2,0.171153,1.15952,1668
GKO,omp,CG,none,25,2,0.171153,1.160942,1668
GKO,omp,CG,none,25,2,0.171153,1.164626,1668
GKO,omp,CG,none,25,2,0.171153,1.160203,1668
GKO,omp,CG,none,25,2,0.171153,1.151875,1668
GKO,omp,CG,none,25,2,0.171153,1.061705,1668
GKO,omp,CG,none,25,2,0.171153,1.057435,1668
GKO,omp,CG,none,25,2,0.171153,1.176321,1668
GKO,omp,CG,none,25,2,0.171153,1.133835,1668
GKO,omp,CG,none,25,2,0.171153,1.180237,1668
GKO,omp,CG,none,25,2,0.171153,1.057991,1668
GKO,omp,CG,none,25,2,0.171153,1.121579,1668
GKO,omp,CG,none,25,2,0.171153,1.163958,1668
GKO,omp,CG,none,25,2,0.171153,1.124896,1668
GKO,omp,CG,none,25,2,0.171153,1.162551,1668
GKO,omp,CG,none,25,2,0.171153,1.122506,1668
GKO,omp,CG,none,25,2,0.171153,1.162626,1668
GKO,omp,CG,none,25,2,0.171153,1.060262,1668
GKO,omp,CG,none,25,2,0.171153,1.163258,1668
GKO,omp,CG,none,25,2,0.171153,1.053503,1668
GKO,omp,CG,none,25,2,0.171153,1.065768,1668
GKO,omp,CG,none,25,2,0.171153,1.184865,1668
GKO,omp,CG,none,25,2,0.171153,1.156737,1668
GKO,omp,CG,none,25,2,0.171153,1.165898,1668
GKO,omp,CG,none,25,4,0.171532,0.90485,1668
GKO,omp,CG,none,25,4,0.171532,0.921427,1668
GKO,omp,CG,none,25,4,0.171532,0.860194,1668
GKO,omp,CG,none,25,4,0.171532,0.887205,1668
GKO,omp,CG,none,25,4,0.171532,0.903254,1668
GKO,omp,CG,none,25,4,0.171532,0.918065,1668
GKO,omp,CG,none,25,4,0.171532,0.909268,1668
GKO,omp,CG,none,25,4,0.171532,0.915817,1668
GKO,omp,CG,none,25,4,0.171532,0.915285,1668
GKO,omp,CG,none,25,4,0.171532,0.917921,1668
GKO,omp,CG,none,25,4,0.171532,0.914058,1668
GKO,omp,CG,none,25,4,0.171532,0.915215,1668
GKO,omp,CG,none,25,4,0.171532,0.916519,1668
GKO,omp,CG,none,25,4,0.171532,0.908553,1668
GKO,omp,CG,none,25,4,0.171532,0.912529,1668
GKO,omp,CG,none,25,4,0.171532,0.91579,1668
GKO,omp,CG,none,25,4,0.171532,0.903159,1668
GKO,omp,CG,none,25,4,0.171532,0.909788,1668
GKO,omp,CG,none,25,4,0.171532,0.915388,1668
GKO,omp,CG,none,25,4,0.171532,0.908305,1668
GKO,omp,CG,none,25,4,0.171532,0.913598,1668
GKO,omp,CG,none,25,4,0.171532,0.934638,1668
GKO,omp,CG,none,25,4,0.171532,0.917959,1668
GKO,omp,CG,none,25,4,0.171532,0.90588,1668
GKO,omp,CG,none,25,4,0.171532,0.916973,1668
GKO,omp,CG,none,25,4,0.171532,0.919956,1668
GKO,omp,CG,none,25,4,0.171532,0.922504,1668
GKO,omp,CG,none,25,4,0.171532,0.905343,1668
GKO,omp,CG,none,25,4,0.171532,0.913625,1668
GKO,omp,CG,none,25,4,0.171532,0.900223,1668
GKO,omp,CG,none,25,4,0.171532,0.931193,1668
GKO,omp,CG,none,25,4,0.171532,0.901774,1668
GKO,omp,CG,none,25,4,0.171532,0.921034,1668
GKO,omp,CG,none,25,4,0.171532,0.917134,1668
GKO,omp,CG,none,25,4,0.171532,0.901251,1668
GKO,omp,CG,none,25,4,0.171532,0.909092,1668
GKO,omp,CG,none,25,4,0.171532,0.917584,1668
GKO,omp,CG,none,25,4,0.171532,0.905803,1668
GKO,omp,CG,none,25,4,0.171532,0.928607,1668
GKO,omp,CG,none,25,4,0.171532,0.893746,1668
GKO,omp,CG,none,25,4,0.171532,0.903266,1668
GKO,omp,CG,none,25,4,0.171532,0.92019,1668
GKO,omp,CG,none,25,4,0.171532,0.909842,1668
GKO,omp,CG,none,25,4,0.171532,0.924424,1668
GKO,omp,CG,none,25,4,0.171532,0.914107,1668
GKO,omp,CG,none,25,4,0.171532,0.908241,1668
GKO,omp,CG,none,25,4,0.171532,0.915129,1668
GKO,omp,CG,none,25,4,0.171532,0.914214,1668
GKO,omp,CG,none,25,4,0.171532,0.904911,1668
GKO,omp,CG,none,25,4,0.171532,0.917911,1668
GKO,omp,CG,none,25,4,0.171532,0.914726,1668
GKO,omp,CG,none,25,4,0.171532,0.91121,1668
GKO,omp,CG,none,25,4,0.171532,0.88394,1668
GKO,omp,CG,none,25,4,0.171532,0.941682,1668
GKO,omp,CG,none,25,4,0.171532,0.918442,1668
GKO,omp,CG,none,25,4,0.171532,0.917153,1668
GKO,omp,CG,none,25,4,0.171532,0.917061,1668
GKO,omp,CG,none,25,4,0.171532,0.917489,1668
GKO,omp,CG,none,25,4,0.171532,0.914817,1668
GKO,omp,CG,none,25,4,0.171532,0.915822,1668
GKO,omp,CG,none,25,4,0.171532,0.913723,1668
GKO,omp,CG,none,25,4,0.171532,0.883505,1668
GKO,omp,CG,none,25,4,0.171532,0.910777,1668
GKO,omp,CG,none,25,4,0.171532,0.924812,1668
GKO,omp,CG,none,25,4,0.171532,0.90415,1668
GKO,omp,CG,none,25,4,0.171532,0.917271,1668
GKO,omp,CG,none,25,8,0.169804,0.822804,1668
GKO,omp,CG,none,25,8,0.169804,0.835702,1668
GKO,omp,CG,none,25,8,0.169804,0.848601,1668
GKO,omp,CG,none,25,8,0.169804,0.818287,1668
GKO,omp,CG,none,25,8,0.169804,0.845867,1668
GKO,omp,CG,none,25,8,0.169804,0.828289,1668
GKO,omp,CG,none,25,8,0.169804,0.835208,1668
GKO,omp,CG,none,25,8,0.169804,0.838908,1668
GKO,omp,CG,none,25,8,0.169804,0.925496,1668
GKO,omp,CG,none,25,8,0.169804,0.827208,1668
GKO,omp,CG,none,25,8,0.169804,0.859004,1668
GKO,omp,CG,none,25,8,0.169804,0.843923,1668
GKO,omp,CG,none,25,8,0.169804,0.8467,1668
GKO,omp,CG,none,25,8,0.169804,0.848818,1668
GKO,omp,CG,none,25,8,0.169804,0.828455,1668
GKO,omp,CG,none,25,8,0.169804,0.809876,1668
GKO,omp,CG,none,25,8,0.169804,0.858754,1668
GKO,omp,CG,none,25,8,0.169804,0.835628,1668
GKO,omp,CG,none,25,8,0.169804,0.826508,1668
GKO,omp,CG,none,25,8,0.169804,0.835807,1668
GKO,omp,CG,none,25,8,0.169804,0.835298,1668
GKO,omp,CG,none,25,8,0.169804,0.847869,1668
GKO,omp,CG,none,25,8,0.169804,0.836765,1668
GKO,omp,CG,none,25,8,0.169804,0.839618,1668
GKO,omp,CG,none,25,8,0.169804,0.816514,1668
GKO,omp,CG,none,25,8,0.169804,0.846848,1668
GKO,omp,CG,none,25,8,0.169804,0.802981,1668
GKO,omp,CG,none,25,8,0.169804,0.850331,1668
GKO,omp,CG,none,25,8,0.169804,0.841456,1668
GKO,omp,CG,none,25,8,0.169804,0.83729,1668
GKO,omp,CG,none,25,8,0.169804,0.811766,1668
GKO,omp,CG,none,25,8,0.169804,0.824343,1668
GKO,omp,CG,none,25,8,0.169804,0.82107,1668
GKO,omp,CG,none,25,8,0.169804,0.835861,1668
GKO,omp,CG,none,25,8,0.169804,0.823046,1668
GKO,omp,CG,none,25,8,0.169804,0.839264,1668
GKO,omp,CG,none,25,8,0.169804,0.833311,1668
GKO,omp,CG,none,25,8,0.169804,0.859299,1668
GKO,omp,CG,none,25,8,0.169804,0.832043,1668
GKO,omp,CG,none,25,8,0.169804,0.856109,1668
GKO,omp,CG,none,25,8,0.169804,0.821125,1668
GKO,omp,CG,none,25,8,0.169804,0.818122,1668
GKO,omp,CG,none,25,8,0.169804,0.838649,1668
GKO,omp,CG,none,25,8,0.169804,0.837717,1668
GKO,omp,CG,none,25,8,0.169804,0.824343,1668
GKO,omp,CG,none,25,8,0.169804,0.849676,1668
GKO,omp,CG,none,25,8,0.169804,0.822471,1668
GKO,omp,CG,none,25,8,0.169804,0.83116,1668
GKO,omp,CG,none,25,8,0.169804,0.831976,1668
GKO,omp,CG,none,25,8,0.169804,0.822415,1668
GKO,omp,CG,none,25,8,0.169804,0.835228,1668
GKO,omp,CG,none,25,8,0.169804,0.837908,1668
GKO,omp,CG,none,25,8,0.169804,0.837433,1668
GKO,omp,CG,none,25,8,0.169804,0.822031,1668
GKO,omp,CG,none,25,8,0.169804,0.841014,1668
GKO,omp,CG,none,25,8,0.169804,0.837102,1668
GKO,omp,CG,none,25,8,0.169804,0.855831,1668
GKO,omp,CG,none,25,8,0.169804,0.838724,1668
GKO,omp,CG,none,25,8,0.169804,0.851764,1668
GKO,omp,CG,none,25,8,0.169804,0.803167,1668
GKO,omp,CG,none,25,8,0.169804,0.83816,1668
GKO,omp,CG,none,25,8,0.169804,0.831785,1668
GKO,omp,CG,none,25,8,0.169804,0.837611,1668
GKO,omp,CG,none,25,8,0.169804,0.86228,1668
GKO,omp,CG,none,25,8,0.169804,0.844974,1668
GKO,omp,CG,none,25,8,0.169804,0.841532,1668
GKO,omp,CG,none,25,8,0.169804,0.844192,1668
GKO,omp,CG,none,25,8,0.169804,0.859859,1668
GKO,omp,CG,none,25,8,0.169804,0.838343,1668
GKO,omp,CG,none,25,8,0.169804,0.837527,1668
GKO,omp,CG,none,25,8,0.169804,0.839297,1668
GKO,omp,CG,none,25,8,0.169804,0.842977,1668
GKO,omp,CG,none,25,16,0.168363,0.907491,1668
GKO,omp,CG,none,25,16,0.168363,0.934929,1668
GKO,omp,CG,none,25,16,0.168363,0.8956,1668
GKO,omp,CG,none,25,16,0.168363,0.891612,1668
GKO,omp,CG,none,25,16,0.168363,0.888449,1668
GKO,omp,CG,none,25,16,0.168363,0.864541,1668
GKO,omp,CG,none,25,16,0.168363,0.866028,1668
GKO,omp,CG,none,25,16,0.168363,0.86183,1668
GKO,omp,CG,none,25,16,0.168363,0.896692,1668
GKO,omp,CG,none,25,16,0.168363,0.897434,1668
GKO,omp,CG,none,25,16,0.168363,0.841099,1668
GKO,omp,CG,none,25,16,0.168363,0.951515,1668
GKO,omp,CG,none,25,16,0.168363,0.862508,1668
GKO,omp,CG,none,25,16,0.168363,0.899932,1668
GKO,omp,CG,none,25,16,0.168363,0.891839,1668
GKO,omp,CG,none,25,16,0.168363,0.835254,1668
GKO,omp,CG,none,25,16,0.168363,0.902075,1668
GKO,omp,CG,none,25,16,0.168363,0.888957,1668
GKO,omp,CG,none,25,16,0.168363,0.894175,1668
GKO,omp,CG,none,25,16,0.168363,0.898247,1668
GKO,omp,CG,none,25,16,0.168363,0.851733,1668
GKO,omp,CG,none,25,16,0.168363,0.945015,1668
GKO,omp,CG,none,25,16,0.168363,0.862315,1668
GKO,omp,CG,none,25,16,0.168363,0.920293,1668
GKO,omp,CG,none,25,16,0.168363,0.941413,1668
GKO,omp,CG,none,25,16,0.168363,0.897896,1668
GKO,omp,CG,none,25,16,0.168363,0.893415,1668
GKO,omp,CG,none,25,16,0.168363,0.893793,1668
GKO,omp,CG,none,25,16,0.168363,0.92355,1668
GKO,omp,CG,none,25,16,0.168363,0.941029,1668
GKO,omp,CG,none,25,16,0.168363,0.878125,1668
GKO,omp,CG,none,25,16,0.168363,0.862489,1668
GKO,omp,CG,none,25,16,0.168363,0.940829,1668
GKO,omp,CG,none,25,16,0.168363,0.902156,1668
GKO,omp,CG,none,25,16,0.168363,0.890636,1668
GKO,omp,CG,none,25,16,0.168363,0.896786,1668
GKO,omp,CG,none,25,16,0.168363,0.885761,1668
GKO,omp,CG,none,25,16,0.168363,0.908825,1668
GKO,omp,CG,none,25,16,0.168363,0.894786,1668
GKO,omp,CG,none,25,16,0.168363,0.894548,1668
GKO,omp,CG,none,25,16,0.168363,0.894674,1668
GKO,omp,CG,none,25,16,0.168363,0.906664,1668
GKO,omp,CG,none,25,16,0.168363,0.927155,1668
GKO,omp,CG,none,25,16,0.168363,0.870264,1668
GKO,omp,CG,none,25,16,0.168363,0.904962,1668
GKO,omp,CG,none,25,16,0.168363,0.898196,1668
GKO,omp,CG,none,25,16,0.168363,0.939277,1668
GKO,omp,CG,none,25,16,0.168363,0.900579,1668
GKO,omp,CG,none,25,16,0.168363,0.898133,1668
GKO,omp,CG,none,25,16,0.168363,0.912691,1668
GKO,omp,CG,none,25,16,0.168363,0.868515,1668
GKO,omp,CG,none,25,16,0.168363,0.852544,1668
GKO,omp,CG,none,25,16,0.168363,0.885833,1668
GKO,omp,CG,none,25,16,0.168363,0.893148,1668
GKO,omp,CG,none,25,16,0.168363,0.874072,1668
GKO,omp,CG,none,25,16,0.168363,0.88531,1668
GKO,omp,CG,none,25,16,0.168363,0.901054,1668
GKO,omp,CG,none,25,16,0.168363,0.887483,1668
GKO,omp,CG,none,25,16,0.168363,0.960563,1668
GKO,omp,CG,none,25,16,0.168363,0.837491,1668
GKO,omp,CG,none,25,16,0.168363,0.918204,1668
GKO,omp,CG,none,25,16,0.168363,0.90127,1668
GKO,omp,CG,none,25,16,0.168363,0.866859,1668
GKO,omp,CG,none,25,16,0.168363,0.922635,1668
GKO,omp,CG,none,25,16,0.168363,0.886702,1668
GKO,omp,CG,none,25,16,0.168363,0.855992,1668
GKO,omp,CG,none,25,16,0.168363,0.938978,1668
GKO,omp,CG,none,25,16,0.168363,0.892473,1668
GKO,omp,CG,none,25,32,0.171207,1.117749,1668
GKO,omp,CG,none,25,32,0.171207,1.13141,1668
GKO,omp,CG,none,25,32,0.171207,1.11188,1668
GKO,omp,CG,none,25,32,0.171207,1.138892,1668
GKO,omp,CG,none,25,32,0.171207,1.127539,1668
GKO,omp,CG,none,25,32,0.171207,1.085919,1668
GKO,omp,CG,none,25,32,0.171207,1.019696,1668
GKO,omp,CG,none,25,32,0.171207,1.104803,1668
GKO,omp,CG,none,25,32,0.171207,1.106694,1668
GKO,omp,CG,none,25,32,0.171207,1.082099,1668
GKO,omp,CG,none,25,32,0.171207,1.066934,1668
GKO,omp,CG,none,25,32,0.171207,1.139824,1668
GKO,omp,CG,none,25,32,0.171207,1.090895,1668
GKO,omp,CG,none,25,32,0.171207,1.1166,1668
GKO,omp,CG,none,25,32,0.171207,1.087811,1668
GKO,omp,CG,none,25,32,0.171207,1.145644,1668
GKO,omp,CG,none,25,32,0.171207,1.040468,1668
GKO,omp,CG,none,25,32,0.171207,1.131919,1668
GKO,omp,CG,none,25,32,0.171207,1.101719,1668
GKO,omp,CG,none,25,32,0.171207,1.136636,1668
GKO,omp,CG,none,25,32,0.171207,1.098211,1668
GKO,omp,CG,none,25,32,0.171207,1.11784,1668
GKO,omp,CG,none,25,32,0.171207,1.089219,1668
GKO,omp,CG,none,25,32,0.171207,1.128122,1668
GKO,omp,CG,none,25,32,0.171207,1.133687,1668
GKO,omp,CG,none,25,32,0.171207,1.110147,1668
GKO,omp,CG,none,25,32,0.171207,1.087181,1668
GKO,omp,CG,none,25,32,0.171207,1.160843,1668
GKO,omp,CG,none,25,32,0.171207,1.033064,1668
GKO,omp,CG,none,25,32,0.171207,1.089139,1668
GKO,omp,CG,none,25,32,0.171207,1.078707,1668
GKO,omp,CG,none,25,32,0.171207,1.087097,1668
GKO,omp,CG,none,25,32,0.171207,1.079755,1668
GKO,omp,CG,none,25,32,0.171207,1.097159,1668
GKO,omp,CG,none,25,32,0.171207,1.135832,1668
GKO,omp,CG,none,25,32,0.171207,1.071662,1668
GKO,omp,CG,none,25,32,0.171207,1.15807,1668
GKO,omp,CG,none,25,32,0.171207,1.0623,1668
GKO,omp,CG,none,25,32,0.171207,1.125528,1668
GKO,omp,CG,none,25,32,0.171207,1.113695,1668
GKO,omp,CG,none,25,32,0.171207,1.080374,1668
GKO,omp,CG,none,25,32,0.171207,1.04366,1668
GKO,omp,CG,none,25,32,0.171207,1.148095,1668
GKO,omp,CG,none,25,32,0.171207,1.099739,1668
GKO,omp,CG,none,25,32,0.171207,1.120518,1668
GKO,omp,CG,none,25,32,0.171207,1.09347,1668
GKO,omp,CG,none,25,32,0.171207,1.124465,1668
GKO,omp,CG,none,25,32,0.171207,1.042138,1668
GKO,omp,CG,none,25,32,0.171207,1.074385,1668
GKO,omp,CG,none,25,32,0.171207,1.02969,1668
GKO,omp,CG,none,25,32,0.171207,1.1247,1668
GKO,omp,CG,none,25,32,0.171207,1.048453,1668
GKO,omp,CG,none,25,32,0.171207,0.986722,1668
GKO,omp,CG,none,25,32,0.171207,1.100918,1668
GKO,omp,CG,none,25,32,0.171207,1.128122,1668
GKO,omp,CG,none,25,64,0.167326,1.326647,1668
GKO,omp,CG,none,25,64,0.167326,1.440641,1668
GKO,omp,CG,none,25,64,0.167326,1.362275,1668
GKO,omp,CG,none,25,64,0.167326,1.453459,1668
GKO,omp,CG,none,25,64,0.167326,1.42307,1668
GKO,omp,CG,none,25,64,0.167326,1.366666,1668
GKO,omp,CG,none,25,64,0.167326,1.425484,1668
GKO,omp,CG,none,25,64,0.167326,1.598815,1668
GKO,omp,CG,none,25,64,0.167326,1.466542,1668
GKO,omp,CG,none,25,64,0.167326,1.332496,1668
GKO,omp,CG,none,25,64,0.167326,1.424398,1668
GKO,omp,CG,none,25,64,0.167326,1.434532,1668
GKO,omp,CG,none,25,64,0.167326,1.30747,1668
GKO,omp,CG,none,25,64,0.167326,1.440187,1668
GKO,omp,CG,none,25,64,0.167326,1.406366,1668
GKO,omp,CG,none,25,64,0.167326,1.431174,1668
GKO,omp,CG,none,25,64,0.167326,1.330711,1668
GKO,omp,CG,none,25,64,0.167326,1.532515,1668
GKO,omp,CG,none,25,64,0.167326,1.344754,1668
GKO,omp,CG,none,25,64,0.167326,1.443374,1668
GKO,omp,CG,none,25,64,0.167326,1.450365,1668
GKO,omp,CG,none,25,64,0.167326,1.349342,1668
GKO,omp,CG,none,25,64,0.167326,1.472224,1668
GKO,omp,CG,none,25,64,0.167326,1.318074,1668
GKO,omp,CG,none,25,64,0.167326,1.443936,1668
GKO,omp,CG,none,25,64,0.167326,1.343101,1668
GKO,omp,CG,none,25,64,0.167326,1.441252,1668
GKO,omp,CG,none,25,64,0.167326,1.42469,1668
GKO,omp,CG,none,25,64,0.167326,1.294427,1668
GKO,omp,CG,none,25,64,0.167326,1.395463,1668
GKO,omp,CG,none,25,64,0.167326,1.506331,1668
GKO,omp,CG,none,25,64,0.167326,1.626484,1668
GKO,omp,CG,none,25,64,0.167326,1.343166,1668
GKO,omp,CG,none,25,64,0.167326,1.47309,1668
GKO,omp,CG,none,25,64,0.167326,1.492105,1668
GKO,omp,CG,none,25,64,0.167326,1.350524,1668
GKO,omp,CG,none,25,64,0.167326,1.371895,1668
GKO,omp,CG,none,25,64,0.167326,1.502922,1668
GKO,omp,CG,none,25,64,0.167326,1.424098,1668
GKO,omp,CG,none,25,64,0.167326,1.328546,1668
GKO,omp,CG,none,25,64,0.167326,1.432943,1668
GKO,omp,CG,none,25,64,0.167326,1.414627,1668
GKO,omp,CG,none,25,64,0.167326,1.407419,1668
GKO,omp,BiCGStab,none,25,1,0.170774,2.005182,1345
GKO,omp,BiCGStab,none,25,1,0.170774,2.008552,1345
GKO,omp,BiCGStab,none,25,1,0.170774,2.02802,1345
GKO,omp,BiCGStab,none,25,1,0.170774,2.006537,1345
GKO,omp,BiCGStab,none,25,1,0.170774,2.011272,1345
GKO,omp,BiCGStab,none,25,1,0.170774,2.00892,1345
GKO,omp,BiCGStab,none,25,1,0.170774,2.012496,1345
GKO,omp,BiCGStab,none,25,1,0.170774,2.019569,1345
GKO,omp,BiCGStab,none,25,1,0.170774,1.99627,1345
GKO,omp,BiCGStab,none,25,1,0.170774,2.027511,1345
GKO,omp,BiCGStab,none,25,1,0.170774,2.018119,1345
GKO,omp,BiCGStab,none,25,1,0.170774,1.993133,1345
GKO,omp,BiCGStab,none,25,1,0.170774,2.005631,1345
GKO,omp,BiCGStab,none,25,1,0.170774,2.013133,1345
GKO,omp,BiCGStab,none,25,1,0.170774,2.039731,1345
GKO,omp,BiCGStab,none,25,1,0.170774,2.026868,1345
GKO,omp,BiCGStab,none,25,1,0.170774,1.992182,1345
GKO,omp,BiCGStab,none,25,1,0.170774,2.013141,1345
GKO,omp,BiCGStab,none,25,1,0.170774,2.007875,1345
GKO,omp,BiCGStab,none,25,1,0.170774,2.02596,1345
GKO,omp,BiCGStab,none,25,1,0.170774,2.020912,1345
GKO,omp,BiCGStab,none,25,1,0.170774,2.034626,1345
GKO,omp,BiCGStab,none,25,1,0.170774,2.017746,1345
GKO,omp,BiCGStab,none,25,1,0.170774,2.019706,1345
GKO,omp,BiCGStab,none,25,1,0.170774,2.025691,1345
GKO,omp,BiCGStab,none,25,1,0.170774,2.02846,1345
GKO,omp,BiCGStab,none,25,1,0.170774,2.032647,1345
GKO,omp,BiCGStab,none,25,1,0.170774,1.974587,1345
GKO,omp,BiCGStab,none,25,1,0.170774,2.01252,1345
GKO,omp,BiCGStab,none,25,1,0.170774,2.023364,1345
GKO,omp,BiCGStab,none,25,2,0.170474,1.569872,1358
GKO,omp,BiCGStab,none,25,2,0.170474,1.415788,1358
GKO,omp,BiCGStab,none,25,2,0.170474,1.570077,1358
GKO,omp,BiCGStab,none,25,2,0.170474,1.586843,1358
GKO,omp,BiCGStab,none,25,2,0.170474,1.608042,1358
GKO,omp,BiCGStab,none,25,2,0.170474,1.598697,1358
GKO,omp,BiCGStab,none,25,2,0.170474,1.584189,1358
GKO,omp,BiCGStab,none,25,2,0.170474,1.584552,1358
GKO,omp,BiCGStab,none,25,2,0.170474,1.566273,1358
GKO,omp,BiCGStab,none,25,2,0.170474,1.454343,1358
GKO,omp,BiCGStab,none,25,2,0.170474,1.545088,1358
GKO,omp,BiCGStab,none,25,2,0.170474,1.585655,1358
GKO,omp,BiCGStab,none,25,2,0.170474,1.604993,1358
GKO,omp,BiCGStab,none,25,2,0.170474,1.404299,1358
GKO,omp,BiCGStab,none,25,2,0.170474,1.467923,1358
GKO,omp,BiCGStab,none,25,2,0.170474,1.585102,1358
GKO,omp,BiCGStab,none,25,2,0.170474,1.452857,1358
GKO,omp,BiCGStab,none,25,2,0.170474,1.557506,1358
GKO,omp,BiCGStab,none,25,2,0.170474,1.429215,1358
GKO,omp,BiCGStab,none,25,2,0.170474,1.599882,1358
GKO,omp,BiCGStab,none,25,2,0.170474,1.602168,1358
GKO,omp,BiCGStab,none,25,2,0.170474,1.584595,1358
GKO,omp,BiCGStab,none,25,2,0.170474,1.42992,1358
GKO,omp,BiCGStab,none,25,2,0.170474,1.602455,1358
GKO,omp,BiCGStab,none,25,2,0.170474,1.446316,1358
GKO,omp,BiCGStab,none,25,2,0.170474,1.579246,1358
GKO,omp,BiCGStab,none,25,2,0.170474,1.454202,1358
GKO,omp,BiCGStab,none,25,2,0.170474,1.599329,1358
GKO,omp,BiCGStab,none,25,2,0.170474,1.546571,1358
GKO,omp,BiCGStab,none,25,2,0.170474,1.580349,1358
GKO,omp,BiCGStab,none,25,2,0.170474,1.587313,1358
GKO,omp,BiCGStab,none,25,2,0.170474,1.601865,1358
GKO,omp,BiCGStab,none,25,2,0.170474,1.453644,1358
GKO,omp,BiCGStab,none,25,2,0.170474,1.602781,1358
GKO,omp,BiCGStab,none,25,2,0.170474,1.57859,1358
GKO,omp,BiCGStab,none,25,2,0.170474,1.432792,1358
GKO,omp,BiCGStab,none,25,2,0.170474,1.580281,1358
GKO,omp,BiCGStab,none,25,2,0.170474,1.586078,1358
GKO,omp,BiCGStab,none,25,2,0.170474,1.570975,1358
GKO,omp,BiCGStab,none,25,4,0.169059,1.215767,1325
GKO,omp,BiCGStab,none,25,4,0.169059,1.238973,1325
GKO,omp,BiCGStab,none,25,4,0.169059,1.228356,1325
GKO,omp,BiCGStab,none,25,4,0.169059,1.226169,1325
GKO,omp,BiCGStab,none,25,4,0.169059,1.249818,1325
GKO,omp,BiCGStab,none,25,4,0.169059,1.237668,1325
GKO,omp,BiCGStab,none,25,4,0.169059,1.247294,1325
GKO,omp,BiCGStab,none,25,4,0.169059,1.227951,1325
GKO,omp,BiCGStab,none,25,4,0.169059,1.239635,1325
GKO,omp,BiCGStab,none,25,4,0.169059,1.24255,1325
GKO,omp,BiCGStab,none,25,4,0.169059,1.239025,1325
GKO,omp,BiCGStab,none,25,4,0.169059,1.222675,1325
GKO,omp,BiCGStab,none,25,4,0.169059,1.233597,1325
GKO,omp,BiCGStab,none,25,4,0.169059,1.230752,1325
GKO,omp,BiCGStab,none,25,4,0.169059,1.245682,1325
GKO,omp,BiCGStab,none,25,4,0.169059,1.242469,1325
GKO,omp,BiCGStab,none,25,4,0.169059,1.23696,1325
GKO,omp,BiCGStab,none,25,4,0.169059,1.245638,1325
GKO,omp,BiCGStab,none,25,4,0.169059,1.24704,1325
GKO,omp,BiCGStab,none,25,4,0.169059,1.253799,1325
GKO,omp,BiCGStab,none,25,4,0.169059,1.241133,1325
GKO,omp,BiCGStab,none,25,4,0.169059,1.24075,1325
GKO,omp,BiCGStab,none,25,4,0.169059,1.25,1325
GKO,omp,BiCGStab,none,25,4,0.169059,1.243236,1325
GKO,omp,BiCGStab,none,25,4,0.169059,1.270571,1325
GKO,omp,BiCGStab,none,25,4,0.169059,1.236611,1325
GKO,omp,BiCGStab,none,25,4,0.169059,1.244917,1325
GKO,omp,BiCGStab,none,25,4,0.169059,1.237233,1325
GKO,omp,BiCGStab,none,25,4,0.169059,1.234251,1325
GKO,omp,BiCGStab,none,25,4,0.169059,1.242804,1325
GKO,omp,BiCGStab,none,25,4,0.169059,1.237654,1325
GKO,omp,BiCGStab,none,25,4,0.169059,1.236038,1325
GKO,omp,BiCGStab,none,25,4,0.169059,1.233202,1325
GKO,omp,BiCGStab,none,25,4,0.169059,1.24794,1325
GKO,omp,BiCGStab,none,25,4,0.169059,1.261195,1325
GKO,omp,BiCGStab,none,25,4,0.169059,1.254161,1325
GKO,omp,BiCGStab,none,25,4,0.169059,1.245978,1325
GKO,omp,BiCGStab,none,25,4,0.169059,1.237752,1325
GKO,omp,BiCGStab,none,25,4,0.169059,1.242159,1325
GKO,omp,BiCGStab,none,25,4,0.169059,1.228375,1325
GKO,omp,BiCGStab,none,25,4,0.169059,1.247572,1325
GKO,omp,BiCGStab,none,25,4,0.169059,1.242109,1325
GKO,omp,BiCGStab,none,25,4,0.169059,1.244154,1325
GKO,omp,BiCGStab,none,25,4,0.169059,1.252999,1325
GKO,omp,BiCGStab,none,25,4,0.169059,1.243493,1325
GKO,omp,BiCGStab,none,25,4,0.169059,1.234862,1325
GKO,omp,BiCGStab,none,25,4,0.169059,1.231421,1325
GKO,omp,BiCGStab,none,25,4,0.169059,1.24217,1325
GKO,omp,BiCGStab,none,25,4,0.169059,1.232736,1325
GKO,omp,BiCGStab,none,25,8,0.167458,1.117627,1334
GKO,omp,BiCGStab,none,25,8,0.167458,1.142946,1334
GKO,omp,BiCGStab,none,25,8,0.167458,1.11171,1334
GKO,omp,BiCGStab,none,25,8,0.167458,1.12401,1334
GKO,omp,BiCGStab,none,25,8,0.167458,1.141753,1334
GKO,omp,BiCGStab,none,25,8,0.167458,1.128135,1334
GKO,omp,BiCGStab,none,25,8,0.167458,1.13044,1334
GKO,omp,BiCGStab,none,25,8,0.167458,1.132625,1334
GKO,omp,BiCGStab,none,25,8,0.167458,1.12036,1334
GKO,omp,BiCGStab,none,25,8,0.167458,1.140206,1334
GKO,omp,BiCGStab,none,25,8,0.167458,1.134915,1334
GKO,omp,BiCGStab,none,25,8,0.167458,1.126398,1334
GKO,omp,BiCGStab,none,25,8,0.167458,1.131964,1334
GKO,omp,BiCGStab,none,25,8,0.167458,1.094758,1334
GKO,omp,BiCGStab,none,25,8,0.167458,1.103032,1334
GKO,omp,BiCGStab,none,25,8,0.167458,1.136907,1334
GKO,omp,BiCGStab,none,25,8,0.167458,1.149216,1334
GKO,omp,BiCGStab,none,25,8,0.167458,1.107723,1334
GKO,omp,BiCGStab,none,25,8,0.167458,1.102845,1334
GKO,omp,BiCGStab,none,25,8,0.167458,1.108393,1334
GKO,omp,BiCGStab,none,25,8,0.167458,1.111581,1334
GKO,omp,BiCGStab,none,25,8,0.167458,1.128217,1334
GKO,omp,BiCGStab,none,25,8,0.167458,1.110675,1334
GKO,omp,BiCGStab,none,25,8,0.167458,1.135508,1334
GKO,omp,BiCGStab,none,25,8,0.167458,1.101837,1334
GKO,omp,BiCGStab,none,25,8,0.167458,1.125811,1334
GKO,omp,BiCGStab,none,25,8,0.167458,1.138965,1334
GKO,omp,BiCGStab,none,25,8,0.167458,1.134845,1334
GKO,omp,BiCGStab,none,25,8,0.167458,1.166843,1334
GKO,omp,BiCGStab,none,25,8,0.167458,1.127607,1334
GKO,omp,BiCGStab,none,25,8,0.167458,1.088688,1334
GKO,omp,BiCGStab,none,25,8,0.167458,1.093567,1334
GKO,omp,BiCGStab,none,25,8,0.167458,1.122175,1334
GKO,omp,BiCGStab,none,25,8,0.167458,1.134216,1334
GKO,omp,BiCGStab,none,25,8,0.167458,1.141348,1334
GKO,omp,BiCGStab,none,25,8,0.167458,1.116053,1334
GKO,omp,BiCGStab,none,25,8,0.167458,1.15559,1334
GKO,omp,BiCGStab,none,25,8,0.167458,1.107357,1334
GKO,omp,BiCGStab,none,25,8,0.167458,1.141129,1334
GKO,omp,BiCGStab,none,25,8,0.167458,1.137215,1334
GKO,omp,BiCGStab,none,25,8,0.167458,1.145102,1334
GKO,omp,BiCGStab,none,25,8,0.167458,1.120484,1334
GKO,omp,BiCGStab,none,25,8,0.167458,1.130851,1334
GKO,omp,BiCGStab,none,25,8,0.167458,1.133912,1334
GKO,omp,BiCGStab,none,25,8,0.167458,1.126801,1334
GKO,omp,BiCGStab,none,25,8,0.167458,1.132203,1334
GKO,omp,BiCGStab,none,25,8,0.167458,1.100909,1334
GKO,omp,BiCGStab,none,25,8,0.167458,1.128164,1334
GKO,omp,BiCGStab,none,25,8,0.167458,1.133982,1334
GKO,omp,BiCGStab,none,25,8,0.167458,1.123687,1334
GKO,omp,BiCGStab,none,25,8,0.167458,1.109363,1334
GKO,omp,BiCGStab,none,25,8,0.167458,1.111057,1334
GKO,omp,BiCGStab,none,25,8,0.167458,1.121324,1334
GKO,omp,BiCGStab,none,25,8,0.167458,1.085256,1334
GKO,omp,BiCGStab,none,25,16,0.169442,1.253158,1341
GKO,omp,BiCGStab,none,25,16,0.169442,1.14953,1341
GKO,omp,BiCGStab,none,25,16,0.169442,1.141678,1341
GKO,omp,BiCGStab,none,25,16,0.169442,1.104021,1341
GKO,omp,BiCGStab,none,25,16,0.169442,1.156268,1341
GKO,omp,BiCGStab,none,25,16,0.169442,1.220255,1341
GKO,omp,BiCGStab,none,25,16,0.169442,1.232144,1341
GKO,omp,BiCGStab,none,25,16,0.169442,1.241395,1341
GKO,omp,BiCGStab,none,25,16,0.169442,1.24215,1341
GKO,omp,BiCGStab,none,25,16,0.169442,1.215928,1341
GKO,omp,BiCGStab,none,25,16,0.169442,1.226739,1341
GKO,omp,BiCGStab,none,25,16,0.169442,1.222208,1341
GKO,omp,BiCGStab,none,25,16,0.169442,1.16619,1341
GKO,omp,BiCGStab,none,25,16,0.169442,1.255809,1341
GKO,omp,BiCGStab,none,25,16,0.169442,1.271364,1341
GKO,omp,BiCGStab,none,25,16,0.169442,1.100782,1341
GKO,omp,BiCGStab,none,25,16,0.169442,1.158207,1341
GKO,omp,BiCGStab,none,25,16,0.169442,1.264772,1341
GKO,omp,BiCGStab,none,25,16,0.169442,1.15802,1341
GKO,omp,BiCGStab,none,25,16,0.169442,1.234512,1341
GKO,omp,BiCGStab,none,25,16,0.169442,1.214225,1341
GKO,omp,BiCGStab,none,25,16,0.169442,1.220319,1341
GKO,omp,BiCGStab,none,25,16,0.169442,1.245238,1341
GKO,omp,BiCGStab,none,25,16,0.169442,1.287372,1341
GKO,omp,BiCGStab,none,25,16,0.169442,1.268224,1341
GKO,omp,BiCGStab,none,25,16,0.169442,1.136959,1341
GKO,omp,BiCGStab,none,25,16,0.169442,1.224867,1341
GKO,omp,BiCGStab,none,25,16,0.169442,1.267667,1341
GKO,omp,BiCGStab,none,25,16,0.169442,1.209733,1341
GKO,omp,BiCGStab,none,25,16,0.169442,1.217746,1341
GKO,omp,BiCGStab,none,25,16,0.169442,1.195893,1341
GKO,omp,BiCGStab,none,25,16,0.169442,1.207333,1341
GKO,omp,BiCGStab,none,25,16,0.169442,1.20047,1341
GKO,omp,BiCGStab,none,25,16,0.169442,1.226277,1341
GKO,omp,BiCGStab,none,25,16,0.169442,1.198465,1341
GKO,omp,BiCGStab,none,25,16,0.169442,1.144228,1341
GKO,omp,BiCGStab,none,25,16,0.169442,1.230662,1341
GKO,omp,BiCGStab,none,25,16,0.169442,1.208442,1341
GKO,omp,BiCGStab,none,25,16,0.169442,1.230633,1341
GKO,omp,BiCGStab,none,25,16,0.169442,1.248448,1341
GKO,omp,BiCGStab,none,25,16,0.169442,1.22911,1341
GKO,omp,BiCGStab,none,25,16,0.169442,1.201791,1341
GKO,omp,BiCGStab,none,25,16,0.169442,1.272255,1341
GKO,omp,BiCGStab,none,25,16,0.169442,1.212481,1341
GKO,omp,BiCGStab,none,25,16,0.169442,1.160018,1341
GKO,omp,BiCGStab,none,25,16,0.169442,1.190567,1341
GKO,omp,BiCGStab,none,25,16,0.169442,1.197849,1341
GKO,omp,BiCGStab,none,25,16,0.169442,1.226093,1341
GKO,omp,BiCGStab,none,25,16,0.169442,1.202473,1341
GKO,omp,BiCGStab,none,25,16,0.169442,1.229039,1341
GKO,omp,BiCGStab,none,25,32,0.166284,1.52848,1341
GKO,omp,BiCGStab,none,25,32,0.166284,1.52907,1341
GKO,omp,BiCGStab,none,25,32,0.166284,1.492288,1341
GKO,omp,BiCGStab,none,25,32,0.166284,1.55025,1341
GKO,omp,BiCGStab,none,25,32,0.166284,1.565287,1341
GKO,omp,BiCGStab,none,25,32,0.166284,1.565355,1341
GKO,omp,BiCGStab,none,25,32,0.166284,1.525641,1341
GKO,omp,BiCGStab,none,25,32,0.166284,1.46448,1341
GKO,omp,BiCGStab,none,25,32,0.166284,1.486922,1341
GKO,omp,BiCGStab,none,25,32,0.166284,1.53544,1341
GKO,omp,BiCGStab,none,25,32,0.166284,1.47589,1341
GKO,omp,BiCGStab,none,25,32,0.166284,1.531753,1341
GKO,omp,BiCGStab,none,25,32,0.166284,1.468351,1341
GKO,omp,BiCGStab,none,25,32,0.166284,1.563179,1341
GKO,omp,BiCGStab,none,25,32,0.166284,1.514406,1341
GKO,omp,BiCGStab,none,25,32,0.166284,1.569928,1341
GKO,omp,BiCGStab,none,25,32,0.166284,1.538056,1341
GKO,omp,BiCGStab,none,25,32,0.166284,1.555529,1341
GKO,omp,BiCGStab,none,25,32,0.166284,1.520458,1341
GKO,omp,BiCGStab,none,25,32,0.166284,1.478214,1341
GKO,omp,BiCGStab,none,25,32,0.166284,1.519731,1341
GKO,omp,BiCGStab,none,25,32,0.166284,1.491449,1341
GKO,omp,BiCGStab,none,25,32,0.166284,1.519385,1341
GKO,omp,BiCGStab,none,25,32,0.166284,1.509522,1341
GKO,omp,BiCGStab,none,25,32,0.166284,1.419338,1341
GKO,omp,BiCGStab,none,25,32,0.166284,1.556789,1341
GKO,omp,BiCGStab,none,25,32,0.166284,1.428991,1341
GKO,omp,BiCGStab,none,25,32,0.166284,1.558558,1341
GKO,omp,BiCGStab,none,25,32,0.166284,1.449318,1341
GKO,omp,BiCGStab,none,25,32,0.166284,1.532012,1341
GKO,omp,BiCGStab,none,25,32,0.166284,1.453705,1341
GKO,omp,BiCGStab,none,25,32,0.166284,1.502684,1341
GKO,omp,BiCGStab,none,25,32,0.166284,1.551979,1341
GKO,omp,BiCGStab,none,25,32,0.166284,1.510295,1341
GKO,omp,BiCGStab,none,25,32,0.166284,1.524418,1341
GKO,omp,BiCGStab,none,25,32,0.166284,1.523102,1341
GKO,omp,BiCGStab,none,25,32,0.166284,1.517134,1341
GKO,omp,BiCGStab,none,25,32,0.166284,1.616289,1341
GKO,omp,BiCGStab,none,25,32,0.166284,1.497655,1341
GKO,omp,BiCGStab,none,25,32,0.166284,1.586148,1341
GKO,omp,BiCGStab,none,25,64,0.170261,1.94594,1335
GKO,omp,BiCGStab,none,25,64,0.170261,1.852598,1335
GKO,omp,BiCGStab,none,25,64,0.170261,1.975828,1335
GKO,omp,BiCGStab,none,25,64,0.170261,1.856667,1335
GKO,omp,BiCGStab,none,25,64,0.170261,2.08738,1335
GKO,omp,BiCGStab,none,25,64,0.170261,1.831597,1335
GKO,omp,BiCGStab,none,25,64,0.170261,2.08254,1335
GKO,omp,BiCGStab,none,25,64,0.170261,1.910344,1335
GKO,omp,BiCGStab,none,25,64,0.170261,2.027557,1335
GKO,omp,BiCGStab,none,25,64,0.170261,2.125942,1335
GKO,omp,BiCGStab,none,25,64,0.170261,1.973532,1335
GKO,omp,BiCGStab,none,25,64,0.170261,2.032992,1335
GKO,omp,BiCGStab,none,25,64,0.170261,1.885129,1335
GKO,omp,BiCGStab,none,25,64,0.170261,1.914399,1335
GKO,omp,BiCGStab,none,25,64,0.170261,1.988773,1335
GKO,omp,BiCGStab,none,25,64,0.170261,1.994185,1335
GKO,omp,BiCGStab,none,25,64,0.170261,1.904105,1335
GKO,omp,BiCGStab,none,25,64,0.170261,2.005665,1335
GKO,omp,BiCGStab,none,25,64,0.170261,1.859519,1335
GKO,omp,BiCGStab,none,25,64,0.170261,2.044634,1335
GKO,omp,BiCGStab,none,25,64,0.170261,2.043298,1335
GKO,omp,BiCGStab,none,25,64,0.170261,1.921027,1335
GKO,omp,BiCGStab,none,25,64,0.170261,2.013587,1335
GKO,omp,BiCGStab,none,25,64,0.170261,1.824194,1335
GKO,omp,BiCGStab,none,25,64,0.170261,1.901167,1335
GKO,omp,BiCGStab,none,25,64,0.170261,1.985638,1335
GKO,omp,BiCGStab,none,25,64,0.170261,2.060079,1335
GKO,omp,BiCGStab,none,25,64,0.170261,2.05459,1335
GKO,omp,BiCGStab,none,25,64,0.170261,2.029866,1335
GKO,omp,BiCGStab,none,25,64,0.170261,2.051899,1335
GKO,omp,BiCGStab,none,25,64,0.170261,1.931343,1335
GKO,omp,CG,none,50,1,0.538947,18.148544,3424
GKO,omp,CG,none,50,1,0.538947,18.184055,3424
GKO,omp,CG,none,50,1,0.538947,18.296913,3424
GKO,omp,CG,none,50,1,0.538947,18.293648,3424
GKO,omp,CG,none,50,1,0.538947,18.286548,3424
GKO,omp,CG,none,50,2,0.541514,12.617417,3424
GKO,omp,CG,none,50,2,0.541514,14.450973,3424
GKO,omp,CG,none,50,2,0.541514,14.64231,3424
GKO,omp,CG,none,50,2,0.541514,14.609802,3424
GKO,omp,CG,none,50,2,0.541514,14.55969,3424
GKO,omp,CG,none,50,4,0.538465,10.532087,3424
GKO,omp,CG,none,50,4,0.538465,10.5267,3424
GKO,omp,CG,none,50,4,0.538465,10.558312,3424
GKO,omp,CG,none,50,4,0.538465,10.396176,3424
GKO,omp,CG,none,50,4,0.538465,10.539374,3424
GKO,omp,CG,none,50,4,0.538465,10.810787,3424
GKO,omp,CG,none,50,8,0.543347,8.926924,3424
GKO,omp,CG,none,50,8,0.543347,9.188639,3424
GKO,omp,CG,none,50,8,0.543347,9.231357,3424
GKO,omp,CG,none,50,8,0.543347,8.958122,3424
GKO,omp,CG,none,50,8,0.543347,8.958488,3424
GKO,omp,CG,none,50,8,0.543347,8.874036,3424
GKO,omp,CG,none,50,8,0.543347,8.89013,3424
GKO,omp,CG,none,50,16,0.540197,8.594686,3424
GKO,omp,CG,none,50,16,0.540197,8.8403,3424
GKO,omp,CG,none,50,16,0.540197,8.4788,3424
GKO,omp,CG,none,50,16,0.540197,8.517854,3424
GKO,omp,CG,none,50,16,0.540197,8.450647,3424
GKO,omp,CG,none,50,16,0.540197,8.787312,3424
GKO,omp,CG,none,50,16,0.540197,8.36398,3424
GKO,omp,CG,none,50,32,0.539131,8.82273,3424
GKO,omp,CG,none,50,32,0.539131,8.940333,3424
GKO,omp,CG,none,50,32,0.539131,8.91759,3424
GKO,omp,CG,none,50,32,0.539131,9.034785,3424
GKO,omp,CG,none,50,32,0.539131,9.10343,3424
GKO,omp,CG,none,50,32,0.539131,9.048102,3424
GKO,omp,CG,none,50,32,0.539131,9.095276,3424
GKO,omp,CG,none,50,64,0.540737,10.206403,3424
GKO,omp,CG,none,50,64,0.540737,9.417892,3424
GKO,omp,CG,none,50,64,0.540737,9.545887,3424
GKO,omp,CG,none,50,64,0.540737,9.152469,3424
GKO,omp,CG,none,50,64,0.540737,10.256738,3424
GKO,omp,CG,none,50,64,0.540737,9.907188,3424
GKO,omp,CG,none,50,64,0.540737,10.544593,3424
GKO,omp,BiCGStab,none,50,1,0.535048,28.715579,2776
GKO,omp,BiCGStab,none,50,1,0.535048,28.312854,2776
GKO,omp,BiCGStab,none,50,1,0.535048,28.579986,2776
GKO,omp,BiCGStab,none,50,1,0.535048,28.388727,2776
GKO,omp,BiCGStab,none,50,1,0.535048,28.759634,2776
GKO,omp,BiCGStab,none,50,2,0.542074,18.636078,2787
GKO,omp,BiCGStab,none,50,2,0.542074,20.076308,2787
GKO,omp,BiCGStab,none,50,2,0.542074,20.695293,2787
GKO,omp,BiCGStab,none,50,2,0.542074,20.118054,2787
GKO,omp,BiCGStab,none,50,2,0.542074,20.67276,2787
GKO,omp,BiCGStab,none,50,4,0.53773,14.721125,2789
GKO,omp,BiCGStab,none,50,4,0.53773,14.745783,2789
GKO,omp,BiCGStab,none,50,4,0.53773,14.940214,2789
GKO,omp,BiCGStab,none,50,4,0.53773,14.714928,2789
GKO,omp,BiCGStab,none,50,4,0.53773,14.894595,2789
GKO,omp,BiCGStab,none,50,8,0.542286,12.427141,2792
GKO,omp,BiCGStab,none,50,8,0.542286,12.578559,2792
GKO,omp,BiCGStab,none,50,8,0.542286,12.652668,2792
GKO,omp,BiCGStab,none,50,8,0.542286,12.315495,2792
GKO,omp,BiCGStab,none,50,8,0.542286,12.491064,2792
GKO,omp,BiCGStab,none,50,16,0.545523,11.614256,2791
GKO,omp,BiCGStab,none,50,16,0.545523,11.703607,2791
GKO,omp,BiCGStab,none,50,16,0.545523,11.551133,2791
GKO,omp,BiCGStab,none,50,16,0.545523,11.791534,2791
GKO,omp,BiCGStab,none,50,16,0.545523,11.718686,2791
GKO,omp,BiCGStab,none,50,16,0.545523,11.72509,2791
GKO,omp,BiCGStab,none,50,32,0.537408,12.299593,2811
GKO,omp,BiCGStab,none,50,32,0.537408,12.397745,2811
GKO,omp,BiCGStab,none,50,32,0.537408,12.611796,2811
GKO,omp,BiCGStab,none,50,32,0.537408,12.061477,2811
GKO,omp,BiCGStab,none,50,32,0.537408,12.400508,2811
GKO,omp,BiCGStab,none,50,64,0.53912,13.238191,2781
GKO,omp,BiCGStab,none,50,64,0.53912,14.504138,2781
GKO,omp,BiCGStab,none,50,64,0.53912,14.950883,2781
GKO,omp,BiCGStab,none,50,64,0.53912,14.920229,2781
GKO,omp,BiCGStab,none,50,64,0.53912,13.511776,2781
GKO,omp,CG,none,75,1,1.672472,94.526039,5199
GKO,omp,CG,none,75,1,1.672472,94.515201,5199
GKO,omp,CG,none,75,1,1.672472,94.980637,5199
GKO,omp,CG,none,75,1,1.672472,95.0234,5199
GKO,omp,CG,none,75,1,1.672472,94.430666,5199
GKO,omp,CG,none,75,2,1.946937,61.297019,5199
GKO,omp,CG,none,75,2,1.946937,69.87277,5199
GKO,omp,CG,none,75,2,1.946937,70.501529,5199
GKO,omp,CG,none,75,2,1.946937,70.164516,5199
GKO,omp,CG,none,75,2,1.946937,61.671541,5199
GKO,omp,CG,none,75,4,1.683118,51.53591,5199
GKO,omp,CG,none,75,4,1.683118,51.876533,5199
GKO,omp,CG,none,75,4,1.683118,51.179453,5199
GKO,omp,CG,none,75,4,1.683118,50.881742,5199
GKO,omp,CG,none,75,4,1.683118,51.759628,5199
GKO,omp,CG,none,75,8,1.67624,43.662283,5199
GKO,omp,CG,none,75,8,1.67624,43.565633,5199
GKO,omp,CG,none,75,8,1.67624,43.424623,5199
GKO,omp,CG,none,75,8,1.67624,43.348651,5199
GKO,omp,CG,none,75,8,1.67624,43.274787,5199
GKO,omp,CG,none,75,16,1.670667,39.848959,5199
GKO,omp,CG,none,75,16,1.670667,39.646117,5199
GKO,omp,CG,none,75,16,1.670667,39.859716,5199
GKO,omp,CG,none,75,16,1.670667,39.878969,5199
GKO,omp,CG,none,75,16,1.670667,39.625543,5199
GKO,omp,CG,none,75,32,1.686286,40.97953,5199
GKO,omp,CG,none,75,32,1.686286,40.780247,5199
GKO,omp,CG,none,75,32,1.686286,40.809225,5199
GKO,omp,CG,none,75,32,1.686286,40.492843,5199
GKO,omp,CG,none,75,32,1.686286,40.685949,5199
GKO,omp,CG,none,75,64,1.683227,44.585341,5199
GKO,omp,CG,none,75,64,1.683227,44.957824,5199
GKO,omp,CG,none,75,64,1.683227,44.987053,5199
GKO,omp,CG,none,75,64,1.683227,46.798412,5199
GKO,omp,CG,none,75,64,1.683227,44.362962,5199
GKO,omp,BiCGStab,none,75,1,1.676042,140.987084,3992
GKO,omp,BiCGStab,none,75,1,1.676042,140.936588,3992
GKO,omp,BiCGStab,none,75,1,1.676042,141.804355,3992
GKO,omp,BiCGStab,none,75,1,1.676042,141.376196,3992
GKO,omp,BiCGStab,none,75,1,1.676042,141.039183,3992
GKO,omp,BiCGStab,none,75,2,1.686701,94.881374,3820
GKO,omp,BiCGStab,none,75,2,1.686701,99.267159,3820
GKO,omp,BiCGStab,none,75,2,1.686701,97.326773,3820
GKO,omp,BiCGStab,none,75,2,1.686701,97.215525,3820
GKO,omp,BiCGStab,none,75,2,1.686701,97.939244,3820
GKO,omp,BiCGStab,none,75,4,1.680506,70.802695,3992
GKO,omp,BiCGStab,none,75,4,1.680506,71.499044,3992
GKO,omp,BiCGStab,none,75,4,1.680506,70.650276,3992
GKO,omp,BiCGStab,none,75,4,1.680506,71.104072,3992
GKO,omp,BiCGStab,none,75,4,1.680506,70.654963,3992
GKO,omp,BiCGStab,none,75,8,1.681842,59.253561,3992
GKO,omp,BiCGStab,none,75,8,1.681842,58.619456,3992
GKO,omp,BiCGStab,none,75,8,1.681842,58.986828,3992
GKO,omp,BiCGStab,none,75,8,1.681842,58.660665,3992
GKO,omp,BiCGStab,none,75,8,1.681842,59.485276,3992
GKO,omp,BiCGStab,none,75,16,1.678955,53.871438,3992
GKO,omp,BiCGStab,none,75,16,1.678955,53.873553,3992
GKO,omp,BiCGStab,none,75,16,1.678955,54.052224,3992
GKO,omp,BiCGStab,none,75,16,1.678955,53.648872,3992
GKO,omp,BiCGStab,none,75,16,1.678955,54.086907,3992
GKO,omp,BiCGStab,none,75,32,1.677295,55.974526,3992
GKO,omp,BiCGStab,none,75,32,1.677295,56.111551,3992
GKO,omp,BiCGStab,none,75,32,1.677295,55.367479,3992
GKO,omp,BiCGStab,none,75,32,1.677295,56.453437,3992
GKO,omp,BiCGStab,none,75,32,1.677295,55.938475,3992
GKO,omp,BiCGStab,none,75,64,1.676473,62.473993,3992
GKO,omp,BiCGStab,none,75,64,1.676473,63.011707,3992
GKO,omp,BiCGStab,none,75,64,1.676473,63.929307,3992
GKO,omp,BiCGStab,none,75,64,1.676473,63.083484,3992
GKO,omp,BiCGStab,none,75,64,1.676473,63.350984,3992
GKO,omp,CG,none,100,1,3.618556,302.06722,6987
GKO,omp,CG,none,100,1,3.618556,302.728175,6987
GKO,omp,CG,none,100,1,3.618556,302.612531,6987
GKO,omp,CG,none,100,1,3.618556,304.687597,6987
GKO,omp,CG,none,100,1,3.618556,304.282109,6987
GKO,omp,CG,none,100,2,3.609157,192.239526,6987
GKO,omp,CG,none,100,2,3.609157,213.334781,6987
GKO,omp,CG,none,100,2,3.609157,191.509762,6987
GKO,omp,CG,none,100,2,3.609157,215.180572,6987
GKO,omp,CG,none,100,2,3.609157,212.024698,6987
GKO,omp,CG,none,100,4,3.614406,152.532502,6987
GKO,omp,CG,none,100,4,3.614406,152.768727,6987
GKO,omp,CG,none,100,4,3.614406,152.488854,6987
GKO,omp,CG,none,100,4,3.614406,150.329834,6987
GKO,omp,CG,none,100,4,3.614406,153.834895,6987
GKO,omp,CG,none,100,8,3.601552,129.055516,6987
GKO,omp,CG,none,100,8,3.601552,125.765519,6987
GKO,omp,CG,none,100,8,3.601552,127.172777,6987
GKO,omp,CG,none,100,8,3.601552,128.620874,6987
GKO,omp,CG,none,100,8,3.601552,128.156232,6987
GKO,omp,CG,none,100,16,3.612833,114.711723,6987
GKO,omp,CG,none,100,16,3.612833,113.844144,6987
GKO,omp,CG,none,100,16,3.612833,117.865116,6987
GKO,omp,CG,none,100,16,3.612833,115.457034,6987
GKO,omp,CG,none,100,16,3.612833,116.10458,6987
GKO,omp,CG,none,100,32,3.639256,118.032298,6987
GKO,omp,CG,none,100,32,3.639256,122.224554,6987
GKO,omp,CG,none,100,32,3.639256,120.533454,6987
GKO,omp,CG,none,100,32,3.639256,117.832149,6987
GKO,omp,CG,none,100,32,3.639256,117.884037,6987
GKO,omp,CG,none,100,64,3.613069,122.23631,6987
GKO,omp,CG,none,100,64,3.613069,124.189172,6987
GKO,omp,CG,none,100,64,3.613069,126.307517,6987
GKO,omp,CG,none,100,64,3.613069,126.585924,6987
GKO,omp,CG,none,100,64,3.613069,128.988737,6987
GKO,omp,BiCGStab,none,100,1,3.621897,342.107688,3992
GKO,omp,BiCGStab,none,100,1,3.621897,341.938907,3992
GKO,omp,BiCGStab,none,100,1,3.621897,341.480353,3992
GKO,omp,BiCGStab,none,100,1,3.621897,343.855889,3992
GKO,omp,BiCGStab,none,100,1,3.621897,342.032462,3992
GKO,omp,BiCGStab,none,100,2,3.585685,230.441372,3992
