executor_p,solver_p,preconditioner_p,resolution,omp_threads,mpi_ranks,node,processes,maxBlockSize,innerReductionFactor,log_id,setup_time,run_time,number_iterations_p,number_iterations_U,init_linear_solve_p,linear_solve_p,init_linear_solve_U,linear_solve_U
#{'node_data': {'host': 'guyot.icl.utk.edu\n', 'top': ['top - 09:44:07 up  7:35,  2 users,  load average: 2.85, 1.65, 1.47', 'Tasks: 2146 total,   1 running, 2145 sleeping,   0 stopped,   0 zombie', '%Cpu(s):  0.0 us,  0.1 sy,  0.0 ni, 99.9 id,  0.0 wa,  0.0 hi,  0.0 si,  0.0 st', 'KiB Mem : 21134055+total, 20798229+free, 29336180 used,  4246452 buff/cache', 'KiB Swap:  4194300 total,  4194300 free,        0 used. 20821591+avail Mem ', '', '   PID USER      PR  NI    VIRT    RES    SHR S  %CPU %MEM     TIME+ COMMAND', '105228 greole    20   0  174900   4280   1572 R  16.7  0.0   0:00.04 top', '     1 root      20   0  126296   4892   2636 S   0.0  0.0   0:10.59 systemd', '     2 root      20   0       0      0      0 S   0.0  0.0   0:01.20 kthreadd', '     4 root       0 -20       0      0      0 S   0.0  0.0   0:00.00 kworker/0:0H', '     6 root      20   0       0      0      0 S   0.0  0.0   0:00.00 ksoftirqd/0', '     7 root      rt   0       0      0      0 S   0.0  0.0   0:00.51 migration/0', '     8 root      20   0       0      0      0 S   0.0  0.0   0:00.00 rcu_bh', '     9 root      20   0       0      0      0 S   0.0  0.0   3:02.83 rcu_sched'], 'uptime': ' 09:44:07 up  7:35,  2 users,  load average: 2.85, 1.65, 1.47\n', 'libOGL.so': '84374645f9e75c431b683c6a5e37a3cf  /home/greole/OpenFOAM/greole-8/platforms/linux64GccDPInt32Opt/lib/libOGL.so\n'}, 'OBR_REPORT_VERSION': '0.3.0', 'OBR_VERSION': '0.2.1'}
CUDA,CG,BJ,50,None,0,guyot.icl.utk.edu,1,16,None,38167555ee68395ab26b84337df4a26b,4.403061,6.725036,6121.0,135.0,99028.0,810505.0,2911040.0,4064323.0
CUDA,CG,BJ,50,None,0,guyot.icl.utk.edu,1,4,None,cd7b3ca34d08d491881d10f0166c06fb,5.692544,6.881907,6225.0,135.0,98050.0,815954.0,2989772.0,4247509.0
CUDA,CG,BJ,50,None,0,guyot.icl.utk.edu,1,2,None,caba3752060fb1c06a09157e7e9edf7f,4.412223,8.329979,6353.0,135.0,98786.0,825422.0,2994821.0,4270254.0
CUDA,CG,BJ,50,None,0,guyot.icl.utk.edu,1,8,None,64727c4450624c58ce89d670d4cb60b7,4.410003,7.072144,6144.0,135.0,97887.0,843977.0,3200885.0,4376870.0
CUDA,CG,BJ,50,None,0,guyot.icl.utk.edu,1,1,None,48aae1eee52811fdc16010d33b8921d8,4.413825,6.931936,6942.0,135.0,98900.0,814739.0,2948122.0,4297575.0
CUDA,BiCGStab,NoPrecond,50,None,0,guyot.icl.utk.edu,1,None,None,9c32230c367addefd2b452df62e8f495,5.620036,7.662878,5073.0,135.0,97171.0,795446.0,3047855.0,4955952.0
CUDA,CG,NoPrecond,50,None,0,guyot.icl.utk.edu,1,None,None,abc46988f03f8bd7c58b1ec728804e07,4.364788,8.590349,7113.0,135.0,98709.0,838361.0,3153976.0,4573111.0
CUDA,BiCGStab,ILU,50,None,0,guyot.icl.utk.edu,1,None,None,5aa7b8736cf45eb686ae971e576c4925,4.79406,11.424636,1633.0,135.0,97098.0,824481.0,3396441.0,7154366.0
CUDA,BiCGStab,BJ,50,None,0,guyot.icl.utk.edu,1,None,None,9e341f1284ff669c5f94c56c99b8d656,4.530119,7.409337,4050.0,135.0,98548.0,805086.0,3176349.0,4702264.0
CUDA,CG,ILU,50,None,0,guyot.icl.utk.edu,1,None,None,e25977b65516c4d8db37ce86e7f414b0,4.633781,8.951733,2242.0,135.0,101526.0,842274.0,3382054.0,6004791.0
CUDA,IR,NoPrecond,50,None,0,guyot.icl.utk.edu,1,None,0.1,b303ea57307c9ee9f3e5f700db5937df,4.394681,7.319934,101.0,135.0,97095.0,815227.0,3102211.0,4617799.0
CUDA,IR,NoPrecond,50,None,0,guyot.icl.utk.edu,1,None,0.01,12e4a90b82f8af4706c616629a96b17b,5.499208,7.351169,56.0,135.0,96949.0,797916.0,3195724.0,4650849.0
CUDA,IR,NoPrecond,50,None,0,guyot.icl.utk.edu,1,None,0.05,0f2582bb8740dd266d58664a86c5ad09,4.377146,8.803405,80.0,135.0,98771.0,823461.0,3112784.0,4642435.0
CUDA,IR,NoPrecond,50,None,0,guyot.icl.utk.edu,1,None,0.001,02158844c8c97f9b449dec4f75a75a64,4.494346,7.26315,38.0,135.0,98353.0,808632.0,3226601.0,4597667.0
CUDA,CG,BJ,45,None,0,guyot.icl.utk.edu,1,16,None,6792987c621d1e059007a250ebe1405b,3.841936,5.807027,5172.0,135.0,68981.0,562551.0,2687804.0,3727313.0
CUDA,CG,BJ,45,None,0,guyot.icl.utk.edu,1,4,None,643b3f2da848dae15b19193c4586131b,3.823564,7.14698,5218.0,135.0,69584.0,584126.0,2730362.0,3761806.0
CUDA,CG,BJ,45,None,0,guyot.icl.utk.edu,1,2,None,3b248c9776a3d1f1c2214438af609ff0,3.800087,5.825011,5333.0,135.0,69953.0,569748.0,2689340.0,3743272.0
CUDA,CG,BJ,45,None,0,guyot.icl.utk.edu,1,8,None,134f74f3af591d8b9c2d3cea54446973,5.093882,5.665003,5183.0,135.0,70515.0,574478.0,2580033.0,3606210.0
CUDA,CG,BJ,45,None,0,guyot.icl.utk.edu,1,1,None,eed38883c8086261ea1fbf047d9cc7ab,3.621828,7.32253,6075.0,135.0,70023.0,587472.0,2698183.0,3887233.0
CUDA,BiCGStab,NoPrecond,45,None,0,guyot.icl.utk.edu,1,None,None,f23141666ab8d311d3f1df8af014fecb,3.950646,6.415524,4042.0,135.0,71201.0,583077.0,2841692.0,4358130.0
CUDA,CG,NoPrecond,45,None,0,guyot.icl.utk.edu,1,None,None,f6492c6e7f152964504d5989b3e81725,5.049746,6.080943,6261.0,135.0,70655.0,577823.0,2734299.0,3982458.0
CUDA,BiCGStab,ILU,45,None,0,guyot.icl.utk.edu,1,None,None,03b4fe06478e374ecfb9096d8b2950ad,4.166772,9.431292,1387.0,135.0,69860.0,590353.0,3074552.0,5697996.0
CUDA,BiCGStab,BJ,45,None,0,guyot.icl.utk.edu,1,None,None,79e4c6a5b5d06a56fa073e939e21e4f2,3.772002,6.181025,3595.0,135.0,70643.0,578513.0,2724961.0,4082329.0
CUDA,CG,ILU,45,None,0,guyot.icl.utk.edu,1,None,None,8fea7f0612c7993af3bb8eaf9b83b85e,4.01337,6.839313,1969.0,135.0,68900.0,595153.0,2698207.0,4594808.0
CUDA,IR,NoPrecond,45,None,0,guyot.icl.utk.edu,1,None,0.1,fdaad29aa1e56405ae3d9b67eeeb4661,3.864924,7.648142,93.0,135.0,69575.0,598619.0,2788005.0,4093584.0
CUDA,IR,NoPrecond,45,None,0,guyot.icl.utk.edu,1,None,0.01,7da268aab5ae8bad27ee05c8407e8ba8,3.677492,6.193074,51.0,135.0,69513.0,605824.0,2785530.0,3996824.0
CUDA,IR,NoPrecond,45,None,0,guyot.icl.utk.edu,1,None,0.05,d50c5980e175ff13ac96f656247bd3ed,5.209026,6.234657,75.0,135.0,69667.0,583617.0,2798627.0,4080214.0
CUDA,IR,NoPrecond,45,None,0,guyot.icl.utk.edu,1,None,0.001,56ccd82a3fd9d5962d3044d56d074d34,3.86459,7.382957,36.0,135.0,70205.0,587856.0,2708769.0,3930520.0
CUDA,CG,BJ,95,None,0,guyot.icl.utk.edu,1,16,None,19ced665fefea3aac1b8f16ae17b4679,19.898767,35.015547,12031.0,135.0,713102.0,6017652.0,12430960.0,17212254.0
CUDA,CG,BJ,95,None,0,guyot.icl.utk.edu,1,4,None,34c7180ba25a6beb23434a941a7423fc,20.130946,33.430722,11998.0,135.0,707042.0,6046387.0,11432059.0,15655099.0
CUDA,CG,BJ,95,None,0,guyot.icl.utk.edu,1,2,None,3ab3d72e0387b9cfd2714aa2022102e8,18.160473,32.301553,12349.0,135.0,706830.0,6024316.0,10524440.0,14679045.0
CUDA,CG,BJ,95,None,0,guyot.icl.utk.edu,1,8,None,e93687088b996647a6dfca658cd14387,16.346276,36.152501,12030.0,135.0,707979.0,6382892.0,12097505.0,16650698.0
CUDA,CG,BJ,95,None,0,guyot.icl.utk.edu,1,1,None,9eae04bf7a11b7e4e87386044b50dd7d,19.506649,36.077,14063.0,135.0,711173.0,6333273.0,12281973.0,16971806.0
CUDA,BiCGStab,NoPrecond,95,None,0,guyot.icl.utk.edu,1,None,None,e0af1f7479dfee506c4a45e7b1ce896e,16.672731,37.524824,11017.0,135.0,704626.0,6024003.0,12472803.0,19418439.0
CUDA,CG,NoPrecond,95,None,0,guyot.icl.utk.edu,1,None,None,af478f835086318782497c213f0e8212,19.88407,33.029087,14245.0,135.0,711968.0,6105986.0,10374302.0,14931054.0
CUDA,BiCGStab,ILU,95,None,0,guyot.icl.utk.edu,1,None,None,c50f1b63f88ac6c634690c74de1dc2b5,22.568575,69.87284,3243.0,135.0,710584.0,6191510.0,14072302.0,47790582.0
CUDA,BiCGStab,BJ,95,None,0,guyot.icl.utk.edu,1,None,None,a7c500982ee052b9bd7a9a6e261f363e,20.174725,38.799992,8859.0,135.0,708872.0,6368991.0,12671295.0,19539479.0
CUDA,CG,ILU,95,None,0,guyot.icl.utk.edu,1,None,None,16cee04a6c4752793ce82e59ddff42a4,22.665272,58.871055,4508.0,135.0,705781.0,6043223.0,14742614.0,38555713.0
CUDA,IR,NoPrecond,95,None,0,guyot.icl.utk.edu,1,None,0.1,560d1be5077783f3b6a2d5e8c8531ebe,20.041926,34.625478,109.0,135.0,706458.0,6087164.0,10695845.0,16574232.0
CUDA,IR,NoPrecond,95,None,0,guyot.icl.utk.edu,1,None,0.01,5bbbc2d4b3813dc25b74163a8e9f8d2f,19.848076,35.826325,55.0,135.0,708678.0,6041564.0,12595065.0,17892792.0
CUDA,IR,NoPrecond,95,None,0,guyot.icl.utk.edu,1,None,0.05,8133d7eef3234f7f18db3d3844f5d956,19.953662,36.120288,90.0,135.0,709280.0,6073782.0,11855490.0,17784821.0
CUDA,IR,NoPrecond,95,None,0,guyot.icl.utk.edu,1,None,0.001,836f0a614ff0723326be090974d15202,16.607162,34.599205,37.0,135.0,706083.0,6388685.0,10209058.0,15163062.0
CUDA,CG,BJ,55,None,0,guyot.icl.utk.edu,1,16,None,952ce724086a1b897b3e2344a4775ad8,5.180573,9.387755,6482.0,135.0,131472.0,1101993.0,3308469.0,4622263.0
CUDA,CG,BJ,55,None,0,guyot.icl.utk.edu,1,4,None,97728b881b1fbfca80eda3232416b55b,5.156178,10.059295,6532.0,135.0,134030.0,1206238.0,3649669.0,4985688.0
CUDA,CG,BJ,55,None,0,guyot.icl.utk.edu,1,2,None,6556bf3bd957cafb9384e86eef4861c8,5.282054,11.009348,6721.0,135.0,131357.0,1140042.0,4708706.0,6030515.0
CUDA,CG,BJ,55,None,0,guyot.icl.utk.edu,1,8,None,f55476d622d19df66808568534a1592e,5.175607,9.819226,6525.0,135.0,133764.0,1172467.0,3651037.0,4968377.0
CUDA,CG,BJ,55,None,0,guyot.icl.utk.edu,1,1,None,501eec88e17a469424dc795158cbe6b9,5.21219,10.245616,7597.0,135.0,130677.0,1157179.0,3675115.0,5212384.0
CUDA,BiCGStab,NoPrecond,55,None,0,guyot.icl.utk.edu,1,None,None,5f4d66ed03ecac70ffb78e58d3648706,5.230395,11.215104,6129.0,135.0,133246.0,1170385.0,3771653.0,6168762.0
CUDA,CG,NoPrecond,55,None,0,guyot.icl.utk.edu,1,None,None,732a2318269d4c4506ea647aa69fcd2c,4.881397,9.766861,7780.0,135.0,132906.0,1089264.0,3379273.0,4913870.0
CUDA,BiCGStab,ILU,55,None,0,guyot.icl.utk.edu,1,None,None,42afe5cf7dcb1c6fd9ee10d64631cf1a,5.620724,13.827572,1650.0,135.0,131896.0,1082689.0,4125557.0,8701399.0
CUDA,BiCGStab,BJ,55,None,0,guyot.icl.utk.edu,1,None,None,ec4452746aa8b0d192b7c1ddac0194c0,5.242873,10.545107,4685.0,135.0,132361.0,1156592.0,3793979.0,5561476.0
CUDA,CG,ILU,55,None,0,guyot.icl.utk.edu,1,None,None,38c1d0ee5d4bf824bf23a8c307931913,5.298703,12.598392,2465.0,135.0,133203.0,1152978.0,3950648.0,7420011.0
CUDA,IR,NoPrecond,55,None,0,guyot.icl.utk.edu,1,None,0.1,7758101d6cd2ae61b34514259c267717,5.319441,10.112071,101.0,135.0,133152.0,1097212.0,3641479.0,5291366.0
CUDA,IR,NoPrecond,55,None,0,guyot.icl.utk.edu,1,None,0.01,31aecedef1fd165d4bdca73f8e184dfa,4.907744,10.141615,56.0,135.0,132912.0,1083602.0,3719087.0,5330712.0
CUDA,IR,NoPrecond,55,None,0,guyot.icl.utk.edu,1,None,0.05,feae62f718e5879876651a5d330f5d11,5.121909,9.906479,81.0,135.0,132648.0,1153459.0,3278489.0,4971316.0
CUDA,IR,NoPrecond,55,None,0,guyot.icl.utk.edu,1,None,0.001,7799a783b8f005ad7d94c88fd8d5bbd4,5.293144,10.188737,38.0,135.0,133035.0,1155910.0,3705862.0,5213899.0
CUDA,CG,BJ,60,None,0,guyot.icl.utk.edu,1,16,None,e7da2064e1c707eaa10c67e301a0a29c,6.174002,11.595357,6930.0,135.0,174142.0,1553428.0,4180352.0,5656522.0
CUDA,CG,BJ,60,None,0,guyot.icl.utk.edu,1,4,None,d02839fda72919d323990fdb70ad4efd,6.058636,11.533387,7142.0,135.0,173438.0,1521974.0,4283396.0,5758267.0
CUDA,CG,BJ,60,None,0,guyot.icl.utk.edu,1,2,None,bb50a270224302f49fb64efcfc184e77,6.086483,10.773841,7533.0,135.0,172729.0,1416534.0,3739756.0,5213699.0
CUDA,CG,BJ,60,None,0,guyot.icl.utk.edu,1,8,None,9f853239c5314ceb7f5a3137e491eea2,5.937046,11.438226,6987.0,135.0,171463.0,1465343.0,4271652.0,5691577.0
CUDA,CG,BJ,60,None,0,guyot.icl.utk.edu,1,1,None,62068d5ca854bf91a58635d576c5c847,6.03732,11.962526,8241.0,135.0,175837.0,1532402.0,4262954.0,5924376.0
CUDA,BiCGStab,NoPrecond,60,None,0,guyot.icl.utk.edu,1,None,None,e25e6a9ba3e8aa61c41b5d770fb5bc39,6.17664,12.27266,6002.0,135.0,172214.0,1555248.0,3896268.0,6219887.0
CUDA,CG,NoPrecond,60,None,0,guyot.icl.utk.edu,1,None,None,d48781ac96f1d86481c2c1c9c2c9947d,5.681817,11.283692,8426.0,135.0,172004.0,1514373.0,3719410.0,5390663.0
CUDA,BiCGStab,ILU,60,None,0,guyot.icl.utk.edu,1,None,None,834cb435db1e5bd19d2f63cd14228510,6.827987,17.490289,1861.0,135.0,174015.0,1527698.0,4774497.0,10958302.0
CUDA,BiCGStab,BJ,60,None,0,guyot.icl.utk.edu,1,None,None,c39784ba3df12e206c8c520fbf911a5c,6.125398,11.729103,4123.0,135.0,171823.0,1480941.0,4185889.0,5861941.0
CUDA,CG,ILU,60,None,0,guyot.icl.utk.edu,1,None,None,e9bcfea92340e4ec593bfa6ac1581a65,6.642013,14.657968,2682.0,135.0,173882.0,1458178.0,4214102.0,8658542.0
CUDA,IR,NoPrecond,60,None,0,guyot.icl.utk.edu,1,None,0.1,0fd93a6c58ea89ac3dc15653fe9a312f,6.117685,11.345403,99.0,135.0,174284.0,1436101.0,3811281.0,5614076.0
CUDA,IR,NoPrecond,60,None,0,guyot.icl.utk.edu,1,None,0.01,74d99bd1f9c35f00d26e4c6e5ff99d44,6.139903,11.646653,56.0,135.0,174245.0,1429223.0,4190600.0,5960013.0
CUDA,IR,NoPrecond,60,None,0,guyot.icl.utk.edu,1,None,0.05,f20330cc01c9962b8c40b6042edb4316,6.095764,12.140433,78.0,135.0,175320.0,1501529.0,4335317.0,6190739.0
CUDA,IR,NoPrecond,60,None,0,guyot.icl.utk.edu,1,None,0.001,29dd875875fd4e6e6083fd39f360392e,5.68791,11.715174,38.0,135.0,173784.0,1555973.0,3973376.0,5669662.0
CUDA,CG,BJ,5,None,0,guyot.icl.utk.edu,1,16,None,b5d1fe293305f0b1ef0644ddec80b589,2.167352,2.258577,315.0,135.0,218.0,1106.0,1624846.0,1691012.0
CUDA,CG,BJ,5,None,0,guyot.icl.utk.edu,1,4,None,cf84fb550dd87335e97f340b2e4c81cb,2.121379,2.269764,384.0,135.0,218.0,1133.0,1676213.0,1752701.0
CUDA,CG,BJ,5,None,0,guyot.icl.utk.edu,1,2,None,11669a2d3d9c50d8c6e274829517333a,3.518322,2.312797,386.0,135.0,218.0,1110.0,1716328.0,1791425.0
CUDA,CG,BJ,5,None,0,guyot.icl.utk.edu,1,8,None,14ef85d5cf7d9790feb027f13f5e209f,2.213557,2.216753,361.0,135.0,199.0,1145.0,1643481.0,1713844.0
CUDA,CG,BJ,5,None,0,guyot.icl.utk.edu,1,1,None,f6a63126323d4da7a5ca5d20649722c0,2.147648,2.237855,404.0,135.0,229.0,1132.0,1632207.0,1713697.0
CUDA,BiCGStab,NoPrecond,5,None,0,guyot.icl.utk.edu,1,None,None,35ca283f4ba6e19a52f845080a0d85d0,3.51359,2.319423,303.0,135.0,192.0,1080.0,1699054.0,1811094.0
CUDA,CG,NoPrecond,5,None,0,guyot.icl.utk.edu,1,None,None,a65a0dc48ad5eae11125bdbe832c8e62,2.16788,2.330638,441.0,135.0,226.0,1165.0,1665631.0,1752940.0
CUDA,BiCGStab,ILU,5,None,0,guyot.icl.utk.edu,1,None,None,0b4b0225ce79a3fa9f5d37b46d8d7d6d,2.163699,2.196873,85.0,135.0,216.0,1110.0,1623410.0,1678482.0
CUDA,BiCGStab,BJ,5,None,0,guyot.icl.utk.edu,1,None,None,c680a0e3f6cd84ec426d1ccd967a7924,2.137942,2.2599,196.0,135.0,227.0,1109.0,1656598.0,1734107.0
CUDA,CG,ILU,5,None,0,guyot.icl.utk.edu,1,None,None,c97e8849c104e31e614b21eaa492914a,2.192077,2.214176,156.0,135.0,187.0,1070.0,1662004.0,1710025.0
CUDA,IR,NoPrecond,5,None,0,guyot.icl.utk.edu,1,None,0.1,c9a1d455adcbc72b081655c970b213fb,2.21781,2.34357,64.0,135.0,218.0,1110.0,1631768.0,1770138.0
CUDA,IR,NoPrecond,5,None,0,guyot.icl.utk.edu,1,None,0.01,38709167c93524e886a3a9d5f5d23a61,2.190187,2.342408,36.0,135.0,205.0,1104.0,1660752.0,1774160.0
CUDA,IR,NoPrecond,5,None,0,guyot.icl.utk.edu,1,None,0.05,115bd0a833c5f614e61949c0c65c95ef,2.285267,2.314274,51.0,135.0,193.0,1089.0,1677891.0,1805647.0
CUDA,IR,NoPrecond,5,None,0,guyot.icl.utk.edu,1,None,0.001,725f8ee15dfa3837f4a94d814004cb49,2.157665,3.523141,26.0,135.0,199.0,1108.0,1655607.0,1773681.0
CUDA,CG,BJ,25,None,0,guyot.icl.utk.edu,1,16,None,c379c2ec193ed4202b76e3e225ce082a,2.497515,3.178206,2820.0,135.0,11180.0,90974.0,1853931.0,2389288.0
CUDA,CG,BJ,25,None,0,guyot.icl.utk.edu,1,4,None,3612382ccf514c01293148f55a7e5686,2.535321,3.208867,2799.0,135.0,11256.0,92755.0,1857022.0,2384911.0
CUDA,CG,BJ,25,None,0,guyot.icl.utk.edu,1,2,None,0c371e4a81c0b9dd59a15876fee8372f,2.51718,3.199961,2839.0,135.0,11243.0,91011.0,1852172.0,2386844.0
CUDA,CG,BJ,25,None,0,guyot.icl.utk.edu,1,8,None,f3279d78674e10d980d5486b07502c43,2.473787,3.164366,2823.0,135.0,11362.0,90996.0,1863104.0,2383135.0
CUDA,CG,BJ,25,None,0,guyot.icl.utk.edu,1,1,None,94e461eba8f8192d33009db356c94de0,3.697203,3.231814,3120.0,135.0,11287.0,92162.0,1844948.0,2423379.0
CUDA,BiCGStab,NoPrecond,25,None,0,guyot.icl.utk.edu,1,None,None,38af502a0856a92e220a65ed785ed4f1,2.57586,3.698456,2530.0,135.0,11324.0,91292.0,1903515.0,2816673.0
CUDA,CG,NoPrecond,25,None,0,guyot.icl.utk.edu,1,None,None,176b5206924dfa77d2c00082c5d6b966,2.49157,4.621168,3249.0,135.0,11287.0,90714.0,1877837.0,2501436.0
CUDA,BiCGStab,ILU,25,None,0,guyot.icl.utk.edu,1,None,None,2eaae997e8d007e1229f32d2e91c9c66,2.502459,3.525762,745.0,135.0,11530.0,90692.0,1908133.0,2649246.0
CUDA,BiCGStab,BJ,25,None,0,guyot.icl.utk.edu,1,None,None,aac4f30e64dea5e965e962ae4981aba2,2.527878,3.38698,1902.0,135.0,11520.0,91974.0,1886497.0,2582415.0
CUDA,CG,ILU,25,None,0,guyot.icl.utk.edu,1,None,None,872ec4723de63b58d8e1c1836af66510,2.481867,3.263498,1032.0,135.0,11211.0,92569.0,1877308.0,2413825.0
CUDA,IR,NoPrecond,25,None,0,guyot.icl.utk.edu,1,None,0.1,a50d26e574366c457daac1266628ab95,2.532996,3.420405,85.0,135.0,11226.0,91502.0,1894185.0,2583925.0
CUDA,IR,NoPrecond,25,None,0,guyot.icl.utk.edu,1,None,0.01,dfa479040fb2e0316ccf64af36324aba,3.69264,3.321478,46.0,135.0,11148.0,92782.0,1892161.0,2526108.0
CUDA,IR,NoPrecond,25,None,0,guyot.icl.utk.edu,1,None,0.05,919895d4b982a92d423837f867fe9766,2.505254,3.339585,67.0,135.0,11929.0,92149.0,1858953.0,2492975.0
CUDA,IR,NoPrecond,25,None,0,guyot.icl.utk.edu,1,None,0.001,0a97e2d3f3dd66e458e4469bdbad9baa,2.517586,4.574481,37.0,135.0,11130.0,90568.0,1856173.0,2511619.0
CUDA,CG,BJ,100,None,0,guyot.icl.utk.edu,1,16,None,ba865443a0a3a9b9e8278e4b036f7c4b,22.949071,41.341759,12032.0,135.0,832532.0,7483671.0,14013730.0,19461485.0
CUDA,CG,BJ,100,None,0,guyot.icl.utk.edu,1,4,None,e7ed7f27e594b328a42c6b81a8fbd380,22.268464,39.851978,12533.0,135.0,832115.0,7272086.0,14038777.0,18868927.0
CUDA,CG,BJ,100,None,0,guyot.icl.utk.edu,1,2,None,fd5dbcd51623fbc9d3a2ec19289a50aa,20.333316,40.409231,13220.0,135.0,836916.0,7457478.0,13673645.0,18647183.0
CUDA,CG,BJ,100,None,0,guyot.icl.utk.edu,1,8,None,aa9b6a80fd090994d2a3d9122ed08135,22.547334,40.746758,12151.0,135.0,832908.0,7481230.0,13513208.0,18576242.0
CUDA,CG,BJ,100,None,0,guyot.icl.utk.edu,1,1,None,15dfec96d927013393fd10d594a98b2e,22.457572,40.693639,14481.0,135.0,837068.0,7454096.0,13438365.0,18724578.0
CUDA,BiCGStab,NoPrecond,100,None,0,guyot.icl.utk.edu,1,None,None,84889206dd2f0a2113586aa85c9e1ace,19.851579,40.929993,11618.0,135.0,834763.0,7092080.0,12189026.0,20222079.0
CUDA,CG,NoPrecond,100,None,0,guyot.icl.utk.edu,1,None,None,ddf753449420fa146116ffe41a79562c,22.350514,41.076229,14598.0,135.0,837185.0,7497165.0,13924727.0,19191128.0
CUDA,BiCGStab,ILU,100,None,0,guyot.icl.utk.edu,1,None,None,1d0fca741b65d58400f361d401c2a43c,27.730795,86.255414,3481.0,135.0,831179.0,7109443.0,18538856.0,60973474.0
CUDA,BiCGStab,BJ,100,None,0,guyot.icl.utk.edu,1,None,None,293635cb038864e7a9e78c90dce45d70,22.863793,42.321804,9184.0,135.0,832579.0,7046529.0,13627680.0,21379945.0
CUDA,CG,ILU,100,None,0,guyot.icl.utk.edu,1,None,None,bf5a7a66474eb2ca846129a6c93a189b,25.184971,69.047384,4654.0,135.0,828231.0,7135831.0,17240056.0,45585039.0
CUDA,IR,NoPrecond,100,None,0,guyot.icl.utk.edu,1,None,0.1,822d8532ad2837d595a5927755003cb5,22.473253,40.728595,105.0,135.0,833631.0,7135349.0,13636278.0,20258616.0
CUDA,IR,NoPrecond,100,None,0,guyot.icl.utk.edu,1,None,0.01,dc2557a3014d3e2ab21ea76379ebd906,22.305338,41.050912,54.0,135.0,837701.0,7060546.0,14175084.0,20515226.0
CUDA,IR,NoPrecond,100,None,0,guyot.icl.utk.edu,1,None,0.05,dcad60d76b97bc1a66db5db646c6d259,22.736769,41.298316,79.0,135.0,832497.0,7407386.0,13136620.0,19337856.0
CUDA,IR,NoPrecond,100,None,0,guyot.icl.utk.edu,1,None,0.001,bcac3d08422a8c911f59fe46e82ae804,22.045625,40.114088,36.0,135.0,837224.0,7164517.0,13971144.0,19645185.0
CUDA,CG,BJ,80,None,0,guyot.icl.utk.edu,1,16,None,48f58536afd6bffff2948af278c83ab4,12.160128,21.970606,9462.0,135.0,421544.0,3522431.0,7896466.0,10789957.0
CUDA,CG,BJ,80,None,0,guyot.icl.utk.edu,1,4,None,820daeb9de1ecb2d2bff8cf234236494,13.317241,21.624216,9889.0,135.0,414464.0,3563277.0,7806135.0,10478134.0
CUDA,CG,BJ,80,None,0,guyot.icl.utk.edu,1,2,None,43c8a447fae0bb85b233a96d4784fb9a,13.097536,22.002604,10439.0,135.0,418057.0,3714344.0,7333684.0,10164439.0
CUDA,CG,BJ,80,None,0,guyot.icl.utk.edu,1,8,None,ae6e49125ec18bc16696abb491767ad2,13.243909,21.326611,9607.0,135.0,421908.0,3821871.0,6715855.0,9468776.0
CUDA,CG,BJ,80,None,0,guyot.icl.utk.edu,1,1,None,9ac069853871150c8eb2acf8ae7473b2,12.859247,22.677532,11429.0,135.0,418735.0,3700156.0,7831926.0,10799205.0
CUDA,BiCGStab,NoPrecond,80,None,0,guyot.icl.utk.edu,1,None,None,add370a377e151962f104e7acccb6209,13.299597,24.744195,8812.0,135.0,419791.0,3826082.0,8071868.0,12492111.0
CUDA,CG,NoPrecond,80,None,0,guyot.icl.utk.edu,1,None,None,98df1bf6e5d580883914082309509592,13.365534,21.783474,11532.0,135.0,424127.0,3486657.0,7955294.0,10859872.0
CUDA,BiCGStab,ILU,80,None,0,guyot.icl.utk.edu,1,None,None,6cb004bf33b62b7d2d2c78b4c584d8c3,15.148666,38.906133,2443.0,135.0,418285.0,3540676.0,9962382.0,25843634.0
CUDA,BiCGStab,BJ,80,None,0,guyot.icl.utk.edu,1,None,None,acca4c4e06abfe821136785c3cf436b6,13.193555,23.160666,7013.0,135.0,419756.0,3771486.0,6918685.0,11037087.0
CUDA,CG,ILU,80,None,0,guyot.icl.utk.edu,1,None,None,5d89211086d4fdadafdcc42a2ed9811a,14.361663,32.04986,3679.0,135.0,414598.0,3497690.0,8085559.0,20307282.0
CUDA,IR,NoPrecond,80,None,0,guyot.icl.utk.edu,1,None,0.1,57bb406f097bde78aaa614da0d0ce375,13.097977,23.883627,106.0,135.0,418329.0,3749269.0,8090943.0,11809664.0
CUDA,IR,NoPrecond,80,None,0,guyot.icl.utk.edu,1,None,0.01,9f260183461ce2fcc316df046b69a85d,13.35115,21.134882,57.0,135.0,417233.0,3489629.0,6550193.0,9957627.0
CUDA,IR,NoPrecond,80,None,0,guyot.icl.utk.edu,1,None,0.05,ba1b08548c83e814a77b0ccf1d285140,11.761434,23.336689,84.0,135.0,424302.0,3676912.0,7714616.0,11237156.0
CUDA,IR,NoPrecond,80,None,0,guyot.icl.utk.edu,1,None,0.001,c4451e5210cc998275c082979cf56bb8,13.226515,23.370122,39.0,135.0,421215.0,3737299.0,8024427.0,11271733.0
CUDA,CG,BJ,85,None,0,guyot.icl.utk.edu,1,16,None,cdd14b2f94d64aba5657e3c86eddfc5d,15.478594,25.693218,10301.0,135.0,507287.0,4357483.0,8982584.0,12378619.0
CUDA,CG,BJ,85,None,0,guyot.icl.utk.edu,1,4,None,df6063492db9931765508501c2b859a5,15.427794,24.329038,10416.0,135.0,502198.0,4368550.0,7970960.0,11020179.0
CUDA,CG,BJ,85,None,0,guyot.icl.utk.edu,1,2,None,6e4c415b6f51fd0152a6fa93754f51d6,14.152314,26.027939,10775.0,135.0,504202.0,4686955.0,8546811.0,11684561.0
CUDA,CG,BJ,85,None,0,guyot.icl.utk.edu,1,8,None,18c5c9a977c5bfa7b41daf803dfbcfc3,13.740425,26.193576,10322.0,135.0,502590.0,4374644.0,9590968.0,12756753.0
CUDA,CG,BJ,85,None,0,guyot.icl.utk.edu,1,1,None,abedff155de81236d4c7302b172b6fec,15.379775,25.481425,12322.0,135.0,500199.0,4570033.0,8112308.0,11522961.0
CUDA,BiCGStab,NoPrecond,85,None,0,guyot.icl.utk.edu,1,None,None,931d834e767a77fbc1b662cb6af5c1c8,15.268936,28.907349,9484.0,135.0,504846.0,4597120.0,9014562.0,14228374.0
CUDA,CG,NoPrecond,85,None,0,guyot.icl.utk.edu,1,None,None,b6fabcfd2ea9b53858450168fcb68995,14.207167,25.450657,12485.0,135.0,509932.0,4282356.0,8940646.0,12323323.0
CUDA,BiCGStab,ILU,85,None,0,guyot.icl.utk.edu,1,None,None,3cd1e28b49f730debf4070cb3209c0b6,17.882542,49.015791,2933.0,135.0,509229.0,4368941.0,10575730.0,33175634.0
CUDA,BiCGStab,BJ,85,None,0,guyot.icl.utk.edu,1,None,None,863425a1d2d507621d33613b6c41f995,15.549675,26.354822,7720.0,135.0,505304.0,4291759.0,8153751.0,13032682.0
CUDA,CG,ILU,85,None,0,guyot.icl.utk.edu,1,None,None,20f508dc6f754329153dfbf7256a7182,16.700395,40.891304,3976.0,135.0,508927.0,4262528.0,10825074.0,26314908.0
CUDA,IR,NoPrecond,85,None,0,guyot.icl.utk.edu,1,None,0.1,c388f2d648916b8dddb4e0b987aaa5e1,14.501011,26.692942,110.0,135.0,505848.0,4284471.0,9055100.0,13287147.0
CUDA,IR,NoPrecond,85,None,0,guyot.icl.utk.edu,1,None,0.01,d2afa54dc1e675815171c1af0b710f21,14.267468,26.440586,57.0,135.0,508381.0,4316027.0,9173611.0,13096079.0
CUDA,IR,NoPrecond,85,None,0,guyot.icl.utk.edu,1,None,0.05,5919c626d5dd24e0cc6d6a7d461f0ac2,15.375283,24.860825,86.0,135.0,499886.0,4279467.0,7565670.0,11653643.0
CUDA,IR,NoPrecond,85,None,0,guyot.icl.utk.edu,1,None,0.001,0125faf943f1f9d806277b1817697402,15.520622,27.510409,39.0,135.0,507032.0,4659840.0,9454673.0,13129317.0
CUDA,CG,BJ,90,None,0,guyot.icl.utk.edu,1,16,None,7822cc517bf9ee82dead71f835a8445e,17.581622,28.264101,11043.0,135.0,597494.0,5048933.0,8986734.0,13031793.0
CUDA,CG,BJ,90,None,0,guyot.icl.utk.edu,1,4,None,54745f460615e2abda30ef9ecfe528a1,17.657313,29.404907,11264.0,135.0,600032.0,5102970.0,10437198.0,14032091.0
CUDA,CG,BJ,90,None,0,guyot.icl.utk.edu,1,2,None,3e13c6fcee1c0e152e7c1d5f4651738d,15.729413,31.038521,12051.0,135.0,593769.0,5392942.0,10481732.0,14293316.0
CUDA,CG,BJ,90,None,0,guyot.icl.utk.edu,1,8,None,d1b4ec58daf9239000994bd838b1badc,17.475234,29.807873,11092.0,135.0,602656.0,5225646.0,10291929.0,14029414.0
CUDA,CG,BJ,90,None,0,guyot.icl.utk.edu,1,1,None,aa72b78940d7a5bad0fcf1151e1f3a0b,17.701649,30.642477,13195.0,135.0,599771.0,5238161.0,10708331.0,14661631.0
CUDA,BiCGStab,NoPrecond,90,None,0,guyot.icl.utk.edu,1,None,None,167b48164044826cc74a281fe00aae27,17.372407,32.320329,10102.0,135.0,595466.0,5041989.0,10769387.0,16679946.0
CUDA,CG,NoPrecond,90,None,0,guyot.icl.utk.edu,1,None,None,a0bf818f820c470833ff8078348ecbe5,17.308396,29.85588,13372.0,135.0,599753.0,5157398.0,10202828.0,14144818.0
CUDA,BiCGStab,ILU,90,None,0,guyot.icl.utk.edu,1,None,None,4e18b4101311cf5562a78e52efd22c6f,21.022475,61.019657,3203.0,135.0,597181.0,5068744.0,13744252.0,42791228.0
CUDA,BiCGStab,BJ,90,None,0,guyot.icl.utk.edu,1,None,None,298a884aea54c944a69ef483742cd302,17.701071,31.823679,8505.0,135.0,594949.0,5112284.0,10381310.0,16243944.0
CUDA,CG,ILU,90,None,0,guyot.icl.utk.edu,1,None,None,9edaf4774cf1a0b6736f7746cc7e84f9,17.985549,48.691979,4244.0,135.0,594984.0,5100981.0,12058149.0,31360391.0
CUDA,IR,NoPrecond,90,None,0,guyot.icl.utk.edu,1,None,0.1,9538add81c05bc7eb76ce8c998c4299f,17.764783,29.616662,111.0,135.0,594235.0,5040424.0,9246182.0,14288860.0
CUDA,IR,NoPrecond,90,None,0,guyot.icl.utk.edu,1,None,0.01,86c7f1904bce479d09d3b10354be7d65,17.113766,32.331381,57.0,135.0,594795.0,5456894.0,10824016.0,15387060.0
CUDA,IR,NoPrecond,90,None,0,guyot.icl.utk.edu,1,None,0.05,3d3f67c6f305059ef2e2389c64ad48e6,16.462522,31.458511,90.0,135.0,601016.0,5075622.0,10940239.0,15967939.0
CUDA,IR,NoPrecond,90,None,0,guyot.icl.utk.edu,1,None,0.001,295a9af7d1230df8c80541967bf6f2e5,17.953445,30.440028,39.0,135.0,601279.0,5118779.0,10708342.0,14935653.0
CUDA,CG,BJ,40,None,0,guyot.icl.utk.edu,1,16,None,17db75beb736b16b8735ee34fc52664f,3.330883,4.919613,4503.0,135.0,50505.0,398522.0,2450116.0,3325788.0
CUDA,CG,BJ,40,None,0,guyot.icl.utk.edu,1,4,None,25c8faee44579b80b8b36d028b6921b3,4.616638,4.875847,4613.0,135.0,49043.0,394045.0,2360392.0,3264860.0
CUDA,CG,BJ,40,None,0,guyot.icl.utk.edu,1,2,None,e1bd008fa92c2c675fd6473af1413f05,3.373831,5.056872,4861.0,135.0,48044.0,394272.0,2467258.0,3415481.0
CUDA,CG,BJ,40,None,0,guyot.icl.utk.edu,1,8,None,eb6d05a7ed43a0ac130599aa0fe5bbe5,3.316295,4.840426,4477.0,135.0,48948.0,401841.0,2322121.0,3185227.0
CUDA,CG,BJ,40,None,0,guyot.icl.utk.edu,1,1,None,99f60391ad4797c7856eeb9cc43ae098,3.368759,6.24693,5305.0,135.0,48011.0,404834.0,2275558.0,3309073.0
CUDA,BiCGStab,NoPrecond,40,None,0,guyot.icl.utk.edu,1,None,None,67c7c1d2a8f98442ee374960ab8026e2,3.203158,5.378098,3336.0,135.0,49295.0,393648.0,2532925.0,3748103.0
CUDA,CG,NoPrecond,40,None,0,guyot.icl.utk.edu,1,None,None,7565ea2f5c8f7d320e0f2cc9e63dbb42,4.637137,5.141989,5440.0,135.0,47980.0,398954.0,2431078.0,3488340.0
CUDA,BiCGStab,ILU,40,None,0,guyot.icl.utk.edu,1,None,None,0caa2b705664bcc0a458ef3accd078a7,3.333618,7.321663,1207.0,135.0,47731.0,391452.0,2495183.0,4315568.0
CUDA,BiCGStab,BJ,40,None,0,guyot.icl.utk.edu,1,None,None,cdb9afe08917813b592ef35e0635a4cc,3.34589,5.097148,2682.0,135.0,48259.0,394631.0,2465441.0,3455937.0
CUDA,CG,ILU,40,None,0,guyot.icl.utk.edu,1,None,None,d8fafde5162400b1d0369352c44dae9c,4.540977,5.612571,1739.0,135.0,51121.0,397901.0,2518703.0,3897345.0
CUDA,IR,NoPrecond,40,None,0,guyot.icl.utk.edu,1,None,0.1,668f4339bc79679979753c2f0b7fc3a0,3.286709,5.268139,91.0,135.0,49041.0,398372.0,2477118.0,3615681.0
CUDA,IR,NoPrecond,40,None,0,guyot.icl.utk.edu,1,None,0.01,47982c3ebed83bd4b2852dc23eb6626e,3.415118,5.148368,50.0,135.0,49465.0,397777.0,2482709.0,3506152.0
CUDA,IR,NoPrecond,40,None,0,guyot.icl.utk.edu,1,None,0.05,6f138aa388ab9071a8b8d1d910e956b1,3.378509,6.514387,72.0,135.0,48800.0,392042.0,2495974.0,3593344.0
CUDA,IR,NoPrecond,40,None,0,guyot.icl.utk.edu,1,None,0.001,e522eb3cc7f41e869bb526d2d032da39,3.231889,5.100135,37.0,135.0,49451.0,393919.0,2323662.0,3429675.0
CUDA,CG,BJ,20,None,0,guyot.icl.utk.edu,1,16,None,2e4f6b644b59d26b830d39ce2c3148c9,2.313858,4.118992,2223.0,135.0,5996.0,46508.0,1762205.0,2167898.0
CUDA,CG,BJ,20,None,0,guyot.icl.utk.edu,1,4,None,6de0e5d6e461b67e2fb4efe6a7334d6b,2.377922,2.818318,2107.0,135.0,5773.0,45874.0,1745401.0,2128556.0
CUDA,CG,BJ,20,None,0,guyot.icl.utk.edu,1,2,None,7e15b5ebf5b0583d3f72d7b00d8f6107,2.307717,2.83423,2225.0,135.0,5698.0,46404.0,1767095.0,2179431.0
CUDA,CG,BJ,20,None,0,guyot.icl.utk.edu,1,8,None,8b12c69339c46e0b93cb0a5b18d966f2,3.588035,2.863447,2152.0,135.0,5726.0,46928.0,1774055.0,2160582.0
CUDA,CG,BJ,20,None,0,guyot.icl.utk.edu,1,1,None,d36cb807e4db66f75cdad6bf0e7d2bc8,2.298714,2.887839,2400.0,135.0,5738.0,46011.0,1782954.0,2226272.0
CUDA,BiCGStab,NoPrecond,20,None,0,guyot.icl.utk.edu,1,None,None,ab5686e21d5a162f30d30315958ef03e,2.435224,4.407349,1873.0,135.0,6125.0,46205.0,1804733.0,2491475.0
CUDA,CG,NoPrecond,20,None,0,guyot.icl.utk.edu,1,None,None,027bc685c4bf2a082d2fd8804be5db1a,2.363172,2.934748,2530.0,135.0,5704.0,46801.0,1785101.0,2265061.0
CUDA,BiCGStab,ILU,20,None,0,guyot.icl.utk.edu,1,None,None,95523241301958f81f2480fe5826dc07,2.34825,3.014865,589.0,135.0,5754.0,45883.0,1784101.0,2283181.0
CUDA,BiCGStab,BJ,20,None,0,guyot.icl.utk.edu,1,None,None,526c4a40a0db755e087b4e0115a3a6b6,2.391388,2.907471,1349.0,135.0,5766.0,46233.0,1764086.0,2245548.0
CUDA,CG,ILU,20,None,0,guyot.icl.utk.edu,1,None,None,db73437ef266db88f1c2723b2ba6b8a8,2.623513,2.798933,803.0,135.0,5761.0,46866.0,1759780.0,2116813.0
CUDA,IR,NoPrecond,20,None,0,guyot.icl.utk.edu,1,None,0.1,10d2131338d797127790d190114f8d1d,2.366703,4.345535,84.0,135.0,5771.0,45892.0,1789172.0,2339965.0
CUDA,IR,NoPrecond,20,None,0,guyot.icl.utk.edu,1,None,0.01,925ee08c7a50388604a802425eb8bf1c,2.367079,3.022792,45.0,135.0,5785.0,46793.0,1784370.0,2277177.0
CUDA,IR,NoPrecond,20,None,0,guyot.icl.utk.edu,1,None,0.05,f3ae5ebe3d858dbaa9b1f2f017d1351a,2.32936,2.950824,66.0,135.0,5691.0,46315.0,1786427.0,2289307.0
CUDA,IR,NoPrecond,20,None,0,guyot.icl.utk.edu,1,None,0.001,63ef48763ecfdd91af93f909f80e37d1,2.334731,2.997748,37.0,135.0,5852.0,45957.0,1785758.0,2321678.0
CUDA,CG,BJ,75,None,0,guyot.icl.utk.edu,1,16,None,54907d387f64f6b835c3b166c595590e,11.608647,16.850792,8577.0,135.0,339790.0,3036102.0,5843411.0,8212090.0
CUDA,CG,BJ,75,None,0,guyot.icl.utk.edu,1,4,None,5ffa49fe9e3b1e214c11bd9043591796,9.964482,17.747415,8665.0,135.0,339031.0,2847080.0,6106710.0,8282504.0
CUDA,CG,BJ,75,None,0,guyot.icl.utk.edu,1,2,None,85cadf751ce594e5e952e9675a091d0f,10.671595,16.588145,8911.0,135.0,337681.0,3050157.0,5820530.0,8059663.0
CUDA,CG,BJ,75,None,0,guyot.icl.utk.edu,1,8,None,2818c1118147a1d0c8a806906515800b,9.85807,19.258707,8598.0,135.0,341673.0,3028225.0,6757068.0,9040659.0
CUDA,CG,BJ,75,None,0,guyot.icl.utk.edu,1,1,None,9288d012a0f8bdce64cb69ad693198b7,11.299247,17.788969,10180.0,135.0,340117.0,3075281.0,6657162.0,9120901.0
CUDA,BiCGStab,NoPrecond,75,None,0,guyot.icl.utk.edu,1,None,None,623ae089ca8f96fda26d7703b0428fcf,9.23649,19.489316,8374.0,135.0,342485.0,2930949.0,5767850.0,9627065.0
CUDA,CG,NoPrecond,75,None,0,guyot.icl.utk.edu,1,None,None,af20aa5dd004f994d9014f4a4605c5e3,11.28084,17.250007,10348.0,135.0,340769.0,2926652.0,6634719.0,9106547.0
CUDA,BiCGStab,ILU,75,None,0,guyot.icl.utk.edu,1,None,None,fe0071fae8094ff0cf1b8fa5959ee1aa,11.279716,33.491985,2536.0,135.0,341051.0,2876164.0,8329580.0,22498191.0
CUDA,BiCGStab,BJ,75,None,0,guyot.icl.utk.edu,1,None,None,84bd9aa021a3e02e6514cb06035d7150,10.53551,20.953244,6613.0,135.0,339956.0,3101235.0,6907525.0,10437004.0
CUDA,CG,ILU,75,None,0,guyot.icl.utk.edu,1,None,None,e61dc6e7b7e494575be091d8ec46edc6,12.215492,27.365401,3279.0,135.0,343155.0,2862677.0,7729067.0,16897681.0
CUDA,IR,NoPrecond,75,None,0,guyot.icl.utk.edu,1,None,0.1,ab226151b2374c67082e99f632ba2fea,11.60928,20.020913,105.0,135.0,341797.0,3089840.0,6687552.0,9728317.0
CUDA,IR,NoPrecond,75,None,0,guyot.icl.utk.edu,1,None,0.01,516e51980f7eaefed238b74e6dcede0a,11.342387,18.19431,56.0,135.0,338321.0,3091445.0,6592195.0,9514429.0
CUDA,IR,NoPrecond,75,None,0,guyot.icl.utk.edu,1,None,0.05,0812700104046f6639fcd46596db2956,10.131339,19.361588,82.0,135.0,342390.0,3098642.0,6052815.0,9043096.0
CUDA,IR,NoPrecond,75,None,0,guyot.icl.utk.edu,1,None,0.001,62da8200e857e7ccbdc4641f726c9b38,10.752222,19.931119,38.0,135.0,342252.0,3011545.0,7029985.0,9767384.0
CUDA,CG,BJ,10,None,0,guyot.icl.utk.edu,1,16,None,455fcc99bddad6596899c599eda9afe3,2.204141,2.374418,875.0,135.0,815.0,5871.0,1670826.0,1827364.0
CUDA,CG,BJ,10,None,0,guyot.icl.utk.edu,1,4,None,7dfce31352c3f5e059971663fcefe413,2.170079,2.415714,991.0,135.0,811.0,5886.0,1694219.0,1872294.0
CUDA,CG,BJ,10,None,0,guyot.icl.utk.edu,1,2,None,b69840c2c8ffc9ffcc8ea73f9d20f27a,3.364433,2.401446,1016.0,135.0,820.0,5890.0,1671933.0,1856665.0
CUDA,CG,BJ,10,None,0,guyot.icl.utk.edu,1,8,None,bb0565c67fad304c24b5215f6b11c595,2.213848,2.360174,970.0,135.0,825.0,6071.0,1645877.0,1818040.0
CUDA,CG,BJ,10,None,0,guyot.icl.utk.edu,1,1,None,2168c4ae8850bce17719de8d9ea10a18,2.197144,2.398528,1086.0,135.0,790.0,5863.0,1681142.0,1876684.0
CUDA,BiCGStab,NoPrecond,10,None,0,guyot.icl.utk.edu,1,None,None,fdf62a9abfc5898831ad33e5c04c7cdf,2.197246,2.487335,817.0,135.0,790.0,5861.0,1692691.0,1965800.0
CUDA,CG,NoPrecond,10,None,0,guyot.icl.utk.edu,1,None,None,9b5c350214ed0fda31cf043b6e9dee4e,2.214011,2.505273,1206.0,135.0,790.0,5888.0,1695698.0,1922010.0
CUDA,BiCGStab,ILU,10,None,0,guyot.icl.utk.edu,1,None,None,d9df2dcc68399e789a0853f0756aac8f,2.293167,3.557862,216.0,135.0,831.0,5906.0,1652476.0,1789660.0
CUDA,BiCGStab,BJ,10,None,0,guyot.icl.utk.edu,1,None,None,5fbbde8797cb13228ae20373b2d204a2,2.218723,2.508487,612.0,135.0,834.0,5897.0,1682171.0,1909893.0
CUDA,CG,ILU,10,None,0,guyot.icl.utk.edu,1,None,None,cf10ff2fb11b17343abcc2461c20f245,2.181882,2.317001,383.0,135.0,796.0,5901.0,1661974.0,1795195.0
CUDA,IR,NoPrecond,10,None,0,guyot.icl.utk.edu,1,None,0.1,cbf0d6d836e2706881b3429cfbc08581,3.433006,2.487183,73.0,135.0,813.0,5857.0,1647146.0,1923358.0
CUDA,IR,NoPrecond,10,None,0,guyot.icl.utk.edu,1,None,0.01,bcd2dcab17bee80149afcc1d09f53fe0,2.255786,2.516442,41.0,135.0,850.0,5909.0,1693197.0,1943390.0
CUDA,IR,NoPrecond,10,None,0,guyot.icl.utk.edu,1,None,0.05,6f95014be4ad225920d3c10444c7e4a5,2.189922,2.519366,59.0,135.0,823.0,5893.0,1703736.0,1964096.0
CUDA,IR,NoPrecond,10,None,0,guyot.icl.utk.edu,1,None,0.001,f49c7741167d9a5f1b44633812063630,2.196311,2.482454,32.0,135.0,805.0,5889.0,1689466.0,1939636.0
CUDA,CG,BJ,15,None,0,guyot.icl.utk.edu,1,16,None,41a3d27ed66fc23a3b6679588f3b19ca,2.21474,2.611152,1590.0,135.0,2426.0,19698.0,1724793.0,2018286.0
CUDA,CG,BJ,15,None,0,guyot.icl.utk.edu,1,4,None,939db5ce311e9c96acd9bd0aa79c67c4,2.216945,3.810578,1593.0,135.0,2461.0,19120.0,1712694.0,1994701.0
CUDA,CG,BJ,15,None,0,guyot.icl.utk.edu,1,2,None,0f1610e0b121b6ac62c060cef13075fe,2.300895,2.64339,1606.0,135.0,2458.0,19819.0,1710565.0,2001290.0
CUDA,CG,BJ,15,None,0,guyot.icl.utk.edu,1,8,None,04de662df6c04c7736e19166bfa4d0e8,2.250451,2.587606,1599.0,135.0,2461.0,19118.0,1708844.0,1996374.0
CUDA,CG,BJ,15,None,0,guyot.icl.utk.edu,1,1,None,e35a002084b339d72e7b0dc62048b84f,3.344202,2.633142,1732.0,135.0,2445.0,19075.0,1699155.0,2022365.0
CUDA,BiCGStab,NoPrecond,15,None,0,guyot.icl.utk.edu,1,None,None,d0f9621bbd6d497a38e6903d225a2cd5,2.300654,2.868283,1408.0,135.0,2423.0,19128.0,1783959.0,2290070.0
CUDA,CG,NoPrecond,15,None,0,guyot.icl.utk.edu,1,None,None,7d5fea3450be3350e96f9ec9a55dfc26,2.258885,2.634932,1882.0,135.0,2443.0,19161.0,1677499.0,2029279.0
CUDA,BiCGStab,ILU,15,None,0,guyot.icl.utk.edu,1,None,None,5bca95df37865ece3bf626bb2cd80b57,2.241059,2.596476,434.0,135.0,2395.0,19020.0,1717738.0,2029809.0
CUDA,BiCGStab,BJ,15,None,0,guyot.icl.utk.edu,1,None,None,439e9d5d0285a801a9ec1172b7ef0272,2.269224,2.707361,1072.0,135.0,2875.0,19600.0,1714984.0,2110092.0
CUDA,CG,ILU,15,None,0,guyot.icl.utk.edu,1,None,None,6fa8e0ad78633e8f990581da060da2d8,2.231475,3.778532,592.0,135.0,2757.0,19473.0,1692165.0,1934115.0
CUDA,IR,NoPrecond,15,None,0,guyot.icl.utk.edu,1,None,0.1,f1442317c15c764f9e3ee8d7e3f27de7,2.328221,2.710095,82.0,135.0,2471.0,19124.0,1699912.0,2114778.0
CUDA,IR,NoPrecond,15,None,0,guyot.icl.utk.edu,1,None,0.01,4188f94630e82b42525b17e5ccbd5bf1,2.270908,2.690081,43.0,135.0,2419.0,19143.0,1710894.0,2101116.0
CUDA,IR,NoPrecond,15,None,0,guyot.icl.utk.edu,1,None,0.05,abf6ee2c0b694739720315450757baf0,3.486198,2.720614,64.0,135.0,2459.0,19085.0,1721269.0,2115040.0
CUDA,IR,NoPrecond,15,None,0,guyot.icl.utk.edu,1,None,0.001,40196e9ad702a8baa34d9c516a8cd802,2.281293,2.750421,35.0,135.0,2420.0,19124.0,1733041.0,2120445.0
CUDA,CG,BJ,35,None,0,guyot.icl.utk.edu,1,16,None,dd423cd15feddd59d567a2e5cde69142,2.931314,5.527639,3981.0,135.0,31042.0,257898.0,2169606.0,2951234.0
CUDA,CG,BJ,35,None,0,guyot.icl.utk.edu,1,4,None,67be7b8e625b236641a2c09996e8413f,3.007531,4.224601,4012.0,135.0,31689.0,259885.0,2091856.0,2870110.0
CUDA,CG,BJ,35,None,0,guyot.icl.utk.edu,1,2,None,3d70578a8f174c6a6c8abbaf0e5dc736,2.979805,5.411158,4108.0,135.0,31005.0,254430.0,2122217.0,2903929.0
CUDA,CG,BJ,35,None,0,guyot.icl.utk.edu,1,8,None,2601fbb4cc1597190df36bb8a5107b20,3.046171,4.216036,3990.0,135.0,32571.0,254726.0,2142024.0,2906424.0
CUDA,CG,BJ,35,None,0,guyot.icl.utk.edu,1,1,None,2bd6caf907418a093c61d5fee1860b7c,2.903004,5.611987,4609.0,135.0,31571.0,261303.0,2199464.0,3087632.0
CUDA,BiCGStab,NoPrecond,35,None,0,guyot.icl.utk.edu,1,None,None,f106db63116a3052525179423b03967c,3.015683,5.044932,3402.0,135.0,31464.0,255131.0,2532292.0,3780157.0
CUDA,CG,NoPrecond,35,None,0,guyot.icl.utk.edu,1,None,None,08a60a552b8237288ee1c67246e28fc5,2.954898,5.603541,4751.0,135.0,31162.0,261415.0,2124770.0,3036167.0
CUDA,BiCGStab,ILU,35,None,0,guyot.icl.utk.edu,1,None,None,3703d55353afe8dbd91009b04120606b,3.088236,5.264342,1124.0,135.0,32061.0,263659.0,2321701.0,3837068.0
CUDA,BiCGStab,BJ,35,None,0,guyot.icl.utk.edu,1,None,None,ffa3eed87e107c32cf774fedbc89e937,2.924191,5.965644,2864.0,135.0,31079.0,261517.0,2193485.0,3271007.0
CUDA,CG,ILU,35,None,0,guyot.icl.utk.edu,1,None,None,f7213d35113706ff9e1dad9f570a3525,3.071385,4.495373,1506.0,135.0,31151.0,258809.0,2150393.0,3191760.0
CUDA,IR,NoPrecond,35,None,0,guyot.icl.utk.edu,1,None,0.1,30094c335257e31fb465f3b7bdd0538d,2.990759,5.749223,89.0,135.0,31011.0,266739.0,2220835.0,3196074.0
CUDA,IR,NoPrecond,35,None,0,guyot.icl.utk.edu,1,None,0.01,749394a968e99c0afb79b101fe0372e9,2.888763,4.430458,49.0,135.0,33385.0,261326.0,2210826.0,3133574.0
CUDA,IR,NoPrecond,35,None,0,guyot.icl.utk.edu,1,None,0.05,dcbacee3ee55c5b451459387da155aa3,3.046192,5.722777,71.0,135.0,31089.0,255209.0,2228203.0,3201194.0
CUDA,IR,NoPrecond,35,None,0,guyot.icl.utk.edu,1,None,0.001,97bea329022a5ab597f6770bd75eb9e7,2.999598,4.510462,37.0,135.0,31035.0,256803.0,2214579.0,3149847.0
CUDA,CG,BJ,30,None,0,guyot.icl.utk.edu,1,16,None,863e5d7ce4aa4e33e90449be0101f82a,2.719676,4.909076,3364.0,135.0,19408.0,159492.0,1987916.0,2610118.0
CUDA,CG,BJ,30,None,0,guyot.icl.utk.edu,1,4,None,bd3eff356ba74c512401df04fc9b2185,2.714152,3.68283,3409.0,135.0,20176.0,164695.0,2004581.0,2657972.0
CUDA,CG,BJ,30,None,0,guyot.icl.utk.edu,1,2,None,869fe97731186eeea7c442a82217bef2,2.655614,3.683823,3581.0,135.0,19449.0,159996.0,1989937.0,2683094.0
CUDA,CG,BJ,30,None,0,guyot.icl.utk.edu,1,8,None,3042e7158b8202798d90fba333a8dddb,2.683947,3.709699,3367.0,135.0,20486.0,174291.0,2001698.0,2665088.0
CUDA,CG,BJ,30,None,0,guyot.icl.utk.edu,1,1,None,fe2850ec32c34d1e978ee0f7e18b705e,2.720902,3.773753,3908.0,135.0,19447.0,163724.0,1990342.0,2721657.0
CUDA,BiCGStab,NoPrecond,30,None,0,guyot.icl.utk.edu,1,None,None,56f3ab4008b457f9646998240a8bcbee,2.721193,4.127952,2869.0,135.0,19577.0,168960.0,2075611.0,3132668.0
CUDA,CG,NoPrecond,30,None,0,guyot.icl.utk.edu,1,None,None,6e812af6ce7de8c5c249da61ca4df4d9,2.663385,3.774407,4069.0,135.0,19410.0,164166.0,1965870.0,2753347.0
CUDA,BiCGStab,ILU,30,None,0,guyot.icl.utk.edu,1,None,None,a95e1b26db68da3b761f8d1a85037c88,2.771334,4.195282,948.0,135.0,20451.0,162632.0,2076860.0,3175991.0
CUDA,BiCGStab,BJ,30,None,0,guyot.icl.utk.edu,1,None,None,de5d477a410324f9a03518bd31f81098,2.709048,4.029714,2406.0,135.0,20747.0,168818.0,2061244.0,2986843.0
CUDA,CG,ILU,30,None,0,guyot.icl.utk.edu,1,None,None,67e82750f0fb8c5c636ee032a8777da8,2.762906,3.848852,1276.0,135.0,20516.0,160673.0,1995919.0,2786367.0
CUDA,IR,NoPrecond,30,None,0,guyot.icl.utk.edu,1,None,0.1,5503bd7e4a578e24c6a1b88163e4ebcf,2.759593,3.927301,87.0,135.0,19731.0,159371.0,2016910.0,2848751.0
CUDA,IR,NoPrecond,30,None,0,guyot.icl.utk.edu,1,None,0.01,cdbb2baee8fd053ad55060523361ed26,2.808288,3.832345,49.0,135.0,19440.0,159510.0,1985176.0,2770965.0
CUDA,IR,NoPrecond,30,None,0,guyot.icl.utk.edu,1,None,0.05,697ea8f5cb5d4d243d2c6d7d1f555014,2.646932,3.859351,69.0,135.0,19320.0,158331.0,2004911.0,2796011.0
CUDA,IR,NoPrecond,30,None,0,guyot.icl.utk.edu,1,None,0.001,50dde6bc4a9a8dd10f9d9dba2a5cfb73,2.688692,3.95631,38.0,135.0,19489.0,172049.0,2058350.0,2892165.0
CUDA,CG,BJ,65,None,0,guyot.icl.utk.edu,1,16,None,63f6ca94003d4d45f0d923e3adb8c2d7,8.81228,11.913883,7507.0,135.0,222548.0,1925790.0,4442574.0,6229659.0
CUDA,CG,BJ,65,None,0,guyot.icl.utk.edu,1,4,None,289c1883c4fd65905336da17036fa7f4,7.344244,13.105637,7490.0,135.0,219315.0,1915493.0,4466187.0,6114209.0
CUDA,CG,BJ,65,None,0,guyot.icl.utk.edu,1,2,None,6707136b18d609e437e9acf06c728ec6,7.362688,13.819678,7652.0,135.0,222563.0,1966728.0,4980331.0,6642662.0
CUDA,CG,BJ,65,None,0,guyot.icl.utk.edu,1,8,None,71bd79f6d14bf71a8b864ed84b7b833e,6.652595,14.049873,7799.0,135.0,222034.0,1949175.0,5117091.0,6886370.0
CUDA,CG,BJ,65,None,0,guyot.icl.utk.edu,1,1,None,b80de4ac8b1477bfd1cfcacea7d16992,6.773089,13.69229,9007.0,135.0,221085.0,1908930.0,4763002.0,6743747.0
CUDA,BiCGStab,NoPrecond,65,None,0,guyot.icl.utk.edu,1,None,None,48d0cd20c2d0c0ac2fb24b0c55fc6a4c,6.806911,15.126516,7354.0,135.0,221188.0,1818501.0,5190445.0,8222742.0
CUDA,CG,NoPrecond,65,None,0,guyot.icl.utk.edu,1,None,None,36b4849f1963138806b40ebb133ee46c,7.341823,13.863349,9230.0,135.0,225714.0,1855952.0,5108028.0,7045321.0
CUDA,BiCGStab,ILU,65,None,0,guyot.icl.utk.edu,1,None,None,bcc15ff63520404df4a2a81c0d57f848,8.305731,22.034713,2097.0,135.0,220900.0,1938673.0,5851596.0,14130138.0
CUDA,BiCGStab,BJ,65,None,0,guyot.icl.utk.edu,1,None,None,b99303d7709f296e75977d1734c610e1,7.403436,14.671896,5694.0,135.0,222854.0,1962537.0,5164650.0,7737316.0
CUDA,CG,ILU,65,None,0,guyot.icl.utk.edu,1,None,None,e7fb616f862d07d491f840778ca23744,7.798953,18.235837,2817.0,135.0,220395.0,1964836.0,4980959.0,10558871.0
CUDA,IR,NoPrecond,65,None,0,guyot.icl.utk.edu,1,None,0.1,e7feab07940821749f9122553892068f,7.398104,14.102878,100.0,135.0,221893.0,1811984.0,5036066.0,7287591.0
CUDA,IR,NoPrecond,65,None,0,guyot.icl.utk.edu,1,None,0.01,fc318e26ed62bf84c1edec3f515dc580,7.459703,14.205826,56.0,135.0,218486.0,1858372.0,5111301.0,7307142.0
CUDA,IR,NoPrecond,65,None,0,guyot.icl.utk.edu,1,None,0.05,c4ec4901be70ad321a53900c8514582d,6.819814,14.663991,80.0,135.0,223277.0,1958706.0,5110466.0,7416120.0
CUDA,IR,NoPrecond,65,None,0,guyot.icl.utk.edu,1,None,0.001,b1baab7a5b7ca94783778ff3de8df9d6,7.293821,13.95009,38.0,135.0,219950.0,1876472.0,5059111.0,7108675.0
CUDA,CG,BJ,70,None,0,guyot.icl.utk.edu,1,16,None,3f1cc3372bb125c38db3cf3217b0d99f,8.346396,15.841183,8337.0,135.0,277403.0,2312689.0,5692482.0,7802949.0
CUDA,CG,BJ,70,None,0,guyot.icl.utk.edu,1,4,None,a8fc69ca2b02cf8052926ca2d65434c7,8.554722,15.247622,8541.0,135.0,274998.0,2380741.0,5066816.0,7057175.0
CUDA,CG,BJ,70,None,0,guyot.icl.utk.edu,1,2,None,6b38648b6901f116229b9ff487110831,8.614844,14.92461,8975.0,135.0,282551.0,2322146.0,4948187.0,6958812.0
CUDA,CG,BJ,70,None,0,guyot.icl.utk.edu,1,8,None,5b67764002d66f29f8da13c1ff653d2c,8.328234,15.905301,8374.0,135.0,275122.0,2380019.0,5707393.0,7731742.0
CUDA,CG,BJ,70,None,0,guyot.icl.utk.edu,1,1,None,28c65331208a5b835ce1c70ef46e3a42,8.292489,17.057067,9824.0,135.0,277908.0,2552198.0,5895893.0,8236470.0
CUDA,BiCGStab,NoPrecond,70,None,0,guyot.icl.utk.edu,1,None,None,bf1bde822f875c9b4eb1dacd728bef1c,8.584646,18.039577,7841.0,135.0,280634.0,2449716.0,5909694.0,9350384.0
CUDA,CG,NoPrecond,70,None,0,guyot.icl.utk.edu,1,None,None,eaf31529ff0b1e0bbcc934b4a5cbc6e7,7.62539,16.129586,10009.0,135.0,279556.0,2310751.0,5872902.0,8101163.0
CUDA,BiCGStab,ILU,70,None,0,guyot.icl.utk.edu,1,None,None,562156b0d1a1fe50e972b1b3b2bd8871,11.230059,26.862598,2292.0,135.0,275478.0,2316004.0,6981923.0,17840116.0
CUDA,BiCGStab,BJ,70,None,0,guyot.icl.utk.edu,1,None,None,785b224e534944ba061565e3ba397f02,7.677311,17.428415,6317.0,135.0,278075.0,2347579.0,5880207.0,8983279.0
CUDA,CG,ILU,70,None,0,guyot.icl.utk.edu,1,None,None,a1e711722ed69f2d4e73dbd236bc03aa,10.930069,23.512946,3174.0,135.0,276071.0,2469495.0,6607274.0,14142940.0
CUDA,IR,NoPrecond,70,None,0,guyot.icl.utk.edu,1,None,0.1,3bf612e2d1f3e0fbd824252d75a41752,8.617187,17.055734,101.0,135.0,274245.0,2462992.0,5849375.0,8481086.0
CUDA,IR,NoPrecond,70,None,0,guyot.icl.utk.edu,1,None,0.01,4682a169fb5627cdfe2c9ca3471267e3,8.563749,16.56641,56.0,135.0,274676.0,2539975.0,5165950.0,7765086.0
CUDA,IR,NoPrecond,70,None,0,guyot.icl.utk.edu,1,None,0.05,41b387b1c238085dae8621b45f148ded,8.543317,16.429763,79.0,135.0,278444.0,2294825.0,5710755.0,8333077.0
CUDA,IR,NoPrecond,70,None,0,guyot.icl.utk.edu,1,None,0.001,3dc227206816d65f158ea089f0182f91,8.6236,16.449619,38.0,135.0,272630.0,2290143.0,5985141.0,8408936.0
