executor_p,solver_p,preconditioner_p,resolution,omp_threads,mpi_ranks,node,innerReductionFactor,processes,maxBlockSize,log_id,setup_time,run_time,number_iterations_p,number_iterations_U,init_linear_solve_p,linear_solve_p,init_linear_solve_U,linear_solve_U
#{'node_data': {'host': 'nla-gpu1.ianm.kit.edu\n', 'top': ['top - 05:40:47 up 73 days, 18:19,  1 user,  load average: 0.13, 1.40, 1.22', 'Tasks: 980 total,   2 running, 978 sleeping,   0 stopped,   0 zombie', '%Cpu(s):  0.1 us,  0.2 sy,  0.0 ni, 99.7 id,  0.0 wa,  0.0 hi,  0.0 si,  0.0 st', 'MiB Mem : 515589.7 total, 408387.8 free,   5520.9 used, 101681.0 buff/cache', 'MiB Swap:   4096.0 total,   4083.0 free,     13.0 used. 506942.1 avail Mem ', '', '    PID USER      PR  NI    VIRT    RES    SHR S  %CPU  %MEM     TIME+ COMMAND', '2291149 greole    20   0   66396   5832   4176 R   5.9   0.0   0:00.04 top', '      1 root      20   0  249812  14532   9040 S   0.0   0.0   0:36.29 systemd', '      2 root      20   0       0      0      0 S   0.0   0.0   0:03.42 kthreadd', '      3 root       0 -20       0      0      0 I   0.0   0.0   0:00.00 rcu_gp', '      4 root       0 -20       0      0      0 I   0.0   0.0   0:00.00 rcu_par_gp', '      9 root       0 -20       0      0      0 I   0.0   0.0   0:00.00 mm_percpu_wq', '     10 root      20   0       0      0      0 S   0.0   0.0   0:00.99 ksoftirqd/0', '     11 root      20   0       0      0      0 I   0.0   0.0   7:26.78 rcu_sched'], 'uptime': ' 05:40:47 up 73 days, 18:19,  1 user,  load average: 0.13, 1.40, 1.22\n', 'libOGL.so': 'c9ed229bc500e7ff7ba879936f2a6c6b  /home/greole/OpenFOAM/greole-8/platforms/linux64GccDPInt32Opt/lib/libOGL.so\n'}, 'OBR_REPORT_VERSION': '0.3.0', 'OBR_VERSION': '0.2.1'}
HIP,CG,BJ,85,None,0,nla-gpu1.ianm.kit.edu,None,1,2,e41c761e590ae46bac8103935002c49b,12.691288,24.343313,10775.0,135.0,527341.0,4477491.0,8389021.0,12340607.0
HIP,CG,BJ,85,None,0,nla-gpu1.ianm.kit.edu,None,1,16,3dc34ada9e175e31985925f71d1fe731,12.428752,25.096016,10301.0,135.0,524068.0,4536269.0,7997486.0,12714866.0
HIP,CG,BJ,85,None,0,nla-gpu1.ianm.kit.edu,None,1,1,815f866d27749ecf1df808e8dfcbdb4c,12.558036,24.321666,12322.0,135.0,536310.0,4477717.0,7771832.0,12189389.0
HIP,CG,BJ,85,None,0,nla-gpu1.ianm.kit.edu,None,1,4,730a22ba9eb985a8ecca1beee5859ea3,12.434126,24.145732,10416.0,135.0,525037.0,4450221.0,7938797.0,12056466.0
HIP,CG,BJ,85,None,0,nla-gpu1.ianm.kit.edu,None,1,8,d2b23da3911fdc771b59a0d179179492,12.565316,24.359345,10322.0,135.0,522538.0,4466020.0,7939806.0,12224957.0
HIP,IR,NoPrecond,85,None,0,nla-gpu1.ianm.kit.edu,0.05,1,None,67419ba51d8389f150ecda00ba0a23e4,12.239775,25.203456,86.0,135.0,527898.0,4492648.0,7664485.0,12833335.0
HIP,IR,NoPrecond,85,None,0,nla-gpu1.ianm.kit.edu,0.01,1,None,46af764e45d5491341d24d8ce3b3fccb,12.209072,24.801599,57.0,135.0,534217.0,4484416.0,7598945.0,12578393.0
HIP,IR,NoPrecond,85,None,0,nla-gpu1.ianm.kit.edu,0.1,1,None,edb251c9cf04068874cec5de20b524a8,12.505079,25.246822,110.0,135.0,528729.0,4465593.0,7712712.0,13004224.0
HIP,IR,NoPrecond,85,None,0,nla-gpu1.ianm.kit.edu,0.001,1,None,e7812df7fb0db005c5b19a075390dccb,12.576132,24.511413,39.0,135.0,529196.0,4448509.0,7752130.0,12382725.0
HIP,BiCGStab,BJ,85,None,0,nla-gpu1.ianm.kit.edu,None,1,None,6bda9e6e2144adaefc7a61c1dda2c605,13.419858,27.168693,7673.0,135.0,523886.0,4475853.0,8444774.0,15053022.0
HIP,BiCGStab,NoPrecond,85,None,0,nla-gpu1.ianm.kit.edu,None,1,None,d45cb0d7686db6ebeaad54692616053a,12.721212,26.453817,9546.0,135.0,527734.0,4452869.0,7782351.0,14133802.0
HIP,CG,ILU,85,None,0,nla-gpu1.ianm.kit.edu,None,1,None,e3ccd16373958d50fe03a2f5dcf375f7,12.824639,29.990142,3976.0,135.0,524058.0,4456054.0,8630167.0,17409709.0
HIP,CG,NoPrecond,85,None,0,nla-gpu1.ianm.kit.edu,None,1,None,ad9ed7a77f26e4d06268cd9e4c39ee45,12.017684,24.326022,12487.0,135.0,530139.0,4484610.0,7800809.0,12141772.0
HIP,BiCGStab,ILU,85,None,0,nla-gpu1.ianm.kit.edu,None,1,None,fbd201523a05018d3bebd01d777a2fd3,13.247179,34.265147,2750.0,135.0,530502.0,4465669.0,8727212.0,20931974.0
HIP,CG,BJ,95,None,0,nla-gpu1.ianm.kit.edu,None,1,2,2e0dd17e19a7f2dccc5733ed0f9f4d2c,17.447127,34.062925,12349.0,135.0,741218.0,6320331.0,11314382.0,17068647.0
HIP,CG,BJ,95,None,0,nla-gpu1.ianm.kit.edu,None,1,16,1180810856809ada670203f8ed44fc65,17.694041,35.217424,12031.0,135.0,743537.0,6285484.0,11415902.0,18227090.0
HIP,CG,BJ,95,None,0,nla-gpu1.ianm.kit.edu,None,1,1,aa52b05b310292481ea53f2001933c29,16.799653,33.713733,14063.0,135.0,747957.0,6340172.0,10730140.0,16785688.0
HIP,CG,BJ,95,None,0,nla-gpu1.ianm.kit.edu,None,1,4,d5a07d5e930487efb4f1b1ae082df888,17.54222,34.365983,11998.0,135.0,740808.0,6355106.0,11379058.0,17397374.0
HIP,CG,BJ,95,None,0,nla-gpu1.ianm.kit.edu,None,1,8,bfda662a73c98e883447ff63b8a9f2a6,17.54598,34.564064,12030.0,135.0,745043.0,6332667.0,11305466.0,17551553.0
HIP,IR,NoPrecond,95,None,0,nla-gpu1.ianm.kit.edu,0.05,1,None,1d33f5e54439a064998785b5d0c82f8a,16.756973,35.616792,90.0,135.0,744577.0,6282507.0,11002412.0,18561234.0
HIP,IR,NoPrecond,95,None,0,nla-gpu1.ianm.kit.edu,0.01,1,None,ada11b0fb866762b8de50a132dd85f5b,16.7907,34.70752,55.0,135.0,745586.0,6295165.0,10864136.0,17735374.0
HIP,IR,NoPrecond,95,None,0,nla-gpu1.ianm.kit.edu,0.1,1,None,275c150f27f7868eba25139b3fff2d16,17.169171,35.643967,109.0,135.0,746863.0,6294832.0,10990296.0,18574802.0
HIP,IR,NoPrecond,95,None,0,nla-gpu1.ianm.kit.edu,0.001,1,None,9e695b06cc524586b351735d65189974,17.10489,33.997124,37.0,135.0,757137.0,6321125.0,10564768.0,16955878.0
HIP,BiCGStab,BJ,95,None,0,nla-gpu1.ianm.kit.edu,None,1,None,93c33f0188eab8a4fd9a7d64f3070952,18.307733,38.740974,9047.0,135.0,747248.0,6313131.0,11722492.0,21438405.0
HIP,BiCGStab,NoPrecond,95,None,0,nla-gpu1.ianm.kit.edu,None,1,None,7634f4b1bedc39bc1028b0842b02ccd2,17.117679,36.684394,10852.0,135.0,745822.0,6264681.0,11183246.0,19593269.0
HIP,CG,ILU,95,None,0,nla-gpu1.ianm.kit.edu,None,1,None,56153d501ac7cf4187de1bb0486923a0,18.096118,42.245811,4508.0,135.0,745006.0,6277162.0,11775449.0,24626084.0
HIP,CG,NoPrecond,95,None,0,nla-gpu1.ianm.kit.edu,None,1,None,83fa3889ffd341c04875607faf5d6d4e,16.868105,33.549016,14245.0,135.0,753555.0,6310491.0,10647162.0,16676130.0
HIP,BiCGStab,ILU,95,None,0,nla-gpu1.ianm.kit.edu,None,1,None,cc19044ff91d138f88ef6c3f31382b15,18.519234,50.529348,3423.0,135.0,749554.0,6296160.0,12605691.0,32249171.0
HIP,CG,BJ,100,None,0,nla-gpu1.ianm.kit.edu,None,1,2,e476185ea6868079dfb18b909607b851,19.888207,39.169085,13220.0,135.0,881071.0,7455893.0,13222939.0,19747871.0
HIP,CG,BJ,100,None,0,nla-gpu1.ianm.kit.edu,None,1,16,70a536fae35a2296d98ee909f34ac29d,20.091577,39.941858,12032.0,135.0,871739.0,7434811.0,13036458.0,20387943.0
HIP,CG,BJ,100,None,0,nla-gpu1.ianm.kit.edu,None,1,1,381a679bcfd2a75ed28b04b52bdb1db8,19.22028,38.885334,14481.0,135.0,878875.0,7425888.0,12635405.0,19501394.0
HIP,CG,BJ,100,None,0,nla-gpu1.ianm.kit.edu,None,1,4,65f6910a1517530fce4de5a44e38587e,19.896882,39.049975,12533.0,135.0,884988.0,7400668.0,13303980.0,19696276.0
HIP,CG,BJ,100,None,0,nla-gpu1.ianm.kit.edu,None,1,8,2b64f7806095d3de0f00cf7e47e228dd,19.808174,39.344331,12151.0,135.0,876404.0,7402293.0,13338490.0,20052327.0
HIP,IR,NoPrecond,100,None,0,nla-gpu1.ianm.kit.edu,0.05,1,None,1e564fc16df1130da4d24068cfb0454c,19.047158,39.633112,79.0,135.0,872747.0,7397652.0,12509579.0,20246269.0
HIP,IR,NoPrecond,100,None,0,nla-gpu1.ianm.kit.edu,0.01,1,None,920934f314a1d6bd8209da90d34c2320,19.198414,40.320752,54.0,135.0,874611.0,7440283.0,12579358.0,20701304.0
HIP,IR,NoPrecond,100,None,0,nla-gpu1.ianm.kit.edu,0.1,1,None,3daa4a38fbd2d6e9e0278367021f7c2e,19.412781,40.618221,105.0,135.0,874691.0,7420108.0,12806928.0,21061312.0
HIP,IR,NoPrecond,100,None,0,nla-gpu1.ianm.kit.edu,0.001,1,None,6d327646e83683d0f1cdb18030df3ce2,19.785982,39.803284,36.0,135.0,871227.0,7424371.0,12842126.0,20211060.0
HIP,BiCGStab,BJ,100,None,0,nla-gpu1.ianm.kit.edu,None,1,None,97fd664f5ca6055718428514cceb4295,20.58103,44.003844,9165.0,135.0,878522.0,7457731.0,13676260.0,24144548.0
HIP,BiCGStab,NoPrecond,100,None,0,nla-gpu1.ianm.kit.edu,None,1,None,f528c9ef896593630b087efcb6416b39,19.458187,41.762326,10873.0,135.0,875840.0,7444681.0,12826327.0,22046312.0
HIP,CG,ILU,100,None,0,nla-gpu1.ianm.kit.edu,None,1,None,d959ddc542168f5c56b761d696897133,20.282989,48.785081,4654.0,135.0,878699.0,7377247.0,13628185.0,28468907.0
HIP,CG,NoPrecond,100,None,0,nla-gpu1.ianm.kit.edu,None,1,None,7cabd5346c0c406d8394f096b24006cd,19.543298,38.648981,14598.0,135.0,876564.0,7381699.0,12529460.0,19317757.0
HIP,BiCGStab,ILU,100,None,0,nla-gpu1.ianm.kit.edu,None,1,None,8f129ee3227643144bbdfa886c5d3c5b,21.429985,57.71496,3446.0,135.0,876539.0,7372966.0,14766869.0,36666661.0
HIP,CG,BJ,90,None,0,nla-gpu1.ianm.kit.edu,None,1,2,20aa89bee6dfe45f1b223be1f152a4e5,14.95874,29.063751,12051.0,135.0,635609.0,5290899.0,9784995.0,14830433.0
HIP,CG,BJ,90,None,0,nla-gpu1.ianm.kit.edu,None,1,16,57ae0271aadcac445a412b7194bc4a9e,15.046318,29.9764,11043.0,135.0,630630.0,5242955.0,9912468.0,15694348.0
HIP,CG,BJ,90,None,0,nla-gpu1.ianm.kit.edu,None,1,1,875712e77e5ad3c7b2c898bacefd1412,14.563908,28.860283,13195.0,135.0,634493.0,5322306.0,9211702.0,14448791.0
HIP,CG,BJ,90,None,0,nla-gpu1.ianm.kit.edu,None,1,4,b9d45ac894b53613b1c5ee87c289774f,14.724752,29.309499,11264.0,135.0,632236.0,5338140.0,10071450.0,14903862.0
HIP,CG,BJ,90,None,0,nla-gpu1.ianm.kit.edu,None,1,8,a008ec215d1622e7053ea6a986116527,14.898793,29.536461,11092.0,135.0,632593.0,5329164.0,9867080.0,15092518.0
HIP,IR,NoPrecond,90,None,0,nla-gpu1.ianm.kit.edu,0.05,1,None,1802c2e7672533141d2bf67892eeb5f9,14.58189,30.074785,90.0,135.0,628672.0,5279486.0,9322025.0,15706025.0
HIP,IR,NoPrecond,90,None,0,nla-gpu1.ianm.kit.edu,0.01,1,None,97b800f956ec19d05c4f566116825f2d,14.65961,30.09276,57.0,135.0,630324.0,5331758.0,9752830.0,15622861.0
HIP,IR,NoPrecond,90,None,0,nla-gpu1.ianm.kit.edu,0.1,1,None,57b1bf168dd355464dc853f4c2d5c1e4,14.543,30.169985,111.0,135.0,629802.0,5287512.0,9378649.0,15719243.0
HIP,IR,NoPrecond,90,None,0,nla-gpu1.ianm.kit.edu,0.001,1,None,8271aabb39311300aa277c2adf1a7e72,14.653873,29.317317,39.0,135.0,633230.0,5312276.0,9318009.0,14862922.0
HIP,BiCGStab,BJ,90,None,0,nla-gpu1.ianm.kit.edu,None,1,None,aae597c137a8b1930879923949e94064,15.41253,32.745814,8132.0,135.0,628051.0,5261312.0,10138266.0,18025164.0
HIP,BiCGStab,NoPrecond,90,None,0,nla-gpu1.ianm.kit.edu,None,1,None,3875e498b875cddb5743d94f4bab5560,14.980413,32.00495,10498.0,135.0,636120.0,5330337.0,9638825.0,17221009.0
HIP,CG,ILU,90,None,0,nla-gpu1.ianm.kit.edu,None,1,None,269a089740471e9ad75ef932b01a4e29,15.367838,35.546338,4244.0,135.0,628014.0,5286151.0,9865740.0,20489636.0
HIP,CG,NoPrecond,90,None,0,nla-gpu1.ianm.kit.edu,None,1,None,9cfdc2ad835840f7369978630b5e8ba0,14.690083,28.528953,13371.0,135.0,630766.0,5314180.0,9029050.0,14159490.0
HIP,BiCGStab,ILU,90,None,0,nla-gpu1.ianm.kit.edu,None,1,None,177d3b616d507a578d0e0ce237624228,16.019413,40.066636,2875.0,135.0,634744.0,5331913.0,10334482.0,24713355.0
HIP,CG,BJ,80,None,0,nla-gpu1.ianm.kit.edu,None,1,2,ebd0e373219873bd7750e6be42f5ad83,10.32494,20.001256,10439.0,135.0,439884.0,3665647.0,6814437.0,10295888.0
HIP,CG,BJ,80,None,0,nla-gpu1.ianm.kit.edu,None,1,16,a3fd59774d4a4f6cd09c0408c7c5515e,10.220536,20.338339,9462.0,135.0,439178.0,3671727.0,6804714.0,10644597.0
HIP,CG,BJ,80,None,0,nla-gpu1.ianm.kit.edu,None,1,1,67f286ee4f51676080ca034782c2011b,10.033879,19.755472,11429.0,135.0,435659.0,3638264.0,6404816.0,10108049.0
HIP,CG,BJ,80,None,0,nla-gpu1.ianm.kit.edu,None,1,4,34e53f16e13f4ff5d63c59c69f45f6c3,10.133509,19.880416,9889.0,135.0,441349.0,3713330.0,6628911.0,10044798.0
HIP,CG,BJ,80,None,0,nla-gpu1.ianm.kit.edu,None,1,8,8a87546a5183c051038f0f12880d3a35,10.368176,20.421649,9607.0,135.0,438145.0,3731386.0,6931719.0,10617740.0
HIP,IR,NoPrecond,80,None,0,nla-gpu1.ianm.kit.edu,0.05,1,None,80ec8e9f281f90564e267546a527107f,10.053829,20.742332,84.0,135.0,441586.0,3688858.0,6636250.0,10879225.0
HIP,IR,NoPrecond,80,None,0,nla-gpu1.ianm.kit.edu,0.01,1,None,c1891b6cd05dba1f1b869542ccedc5bd,10.009369,20.867541,57.0,135.0,439468.0,3680033.0,6569803.0,10857361.0
HIP,IR,NoPrecond,80,None,0,nla-gpu1.ianm.kit.edu,0.1,1,None,212f51c2012e52869ace674000d788b4,10.160958,20.626124,105.0,135.0,437952.0,3650286.0,6570628.0,10927619.0
HIP,IR,NoPrecond,80,None,0,nla-gpu1.ianm.kit.edu,0.001,1,None,773eba0bef489b2f7714cefef05fb205,10.167022,20.26331,39.0,135.0,435073.0,3704554.0,6391941.0,10289784.0
HIP,BiCGStab,BJ,80,None,0,nla-gpu1.ianm.kit.edu,None,1,None,2fb791c0699b47c3c37d94f454dcced8,10.746154,22.246923,7008.0,135.0,435047.0,3652105.0,7122898.0,12507206.0
HIP,BiCGStab,NoPrecond,80,None,0,nla-gpu1.ianm.kit.edu,None,1,None,911a7c3154de281d659686c9dffc7d43,10.229673,21.715152,8736.0,135.0,438947.0,3672542.0,6371562.0,11588935.0
HIP,CG,ILU,80,None,0,nla-gpu1.ianm.kit.edu,None,1,None,c693e86199af347557fe2db68f164018,10.484951,24.036722,3679.0,135.0,438490.0,3663185.0,6935849.0,14165004.0
HIP,CG,NoPrecond,80,None,0,nla-gpu1.ianm.kit.edu,None,1,None,38f871b244ac3d815d856ecc9c3a7d42,10.018748,19.904033,11532.0,135.0,444187.0,3653064.0,6562488.0,10214494.0
HIP,BiCGStab,ILU,80,None,0,nla-gpu1.ianm.kit.edu,None,1,None,46bb6e6f2e3bd353d25f9824e8b7657d,10.935129,26.16682,2259.0,135.0,435256.0,3641564.0,7391234.0,16152512.0
HIP,CG,BJ,5,None,0,nla-gpu1.ianm.kit.edu,None,1,2,3568a35e4bdeafa757b5960e6ced1988,0.67198,0.72995,386.0,135.0,166.0,1053.0,522597.0,576690.0
HIP,CG,BJ,5,None,0,nla-gpu1.ianm.kit.edu,None,1,16,9f2c0db8816f45643edffe8e0b9a493c,0.672122,0.720351,315.0,135.0,159.0,1043.0,521902.0,567679.0
HIP,CG,BJ,5,None,0,nla-gpu1.ianm.kit.edu,None,1,1,7513ef779f33d2989e02e1ac8512fcd9,0.645265,0.697995,404.0,135.0,164.0,1033.0,498800.0,546572.0
HIP,CG,BJ,5,None,0,nla-gpu1.ianm.kit.edu,None,1,4,34885339e91b6b675b35ddf1b7217e4d,0.673191,0.730908,384.0,135.0,160.0,1063.0,523748.0,577027.0
HIP,CG,BJ,5,None,0,nla-gpu1.ianm.kit.edu,None,1,8,70151ce44465cfe557f7825d525b5f0d,0.673348,0.725731,361.0,135.0,158.0,1035.0,522319.0,573400.0
HIP,IR,NoPrecond,5,None,0,nla-gpu1.ianm.kit.edu,0.05,1,None,39287141fa921b679e38c5b910d9ccf0,0.622249,0.713944,51.0,135.0,154.0,1059.0,476605.0,563454.0
HIP,IR,NoPrecond,5,None,0,nla-gpu1.ianm.kit.edu,0.01,1,None,f5911e3d1d7b6782355d6e78416e0666,0.609825,0.698645,36.0,135.0,158.0,1071.0,470758.0,547444.0
HIP,IR,NoPrecond,5,None,0,nla-gpu1.ianm.kit.edu,0.1,1,None,0ae9b98e35af40e6749ade8a6cd9ab95,0.621269,0.722214,64.0,135.0,157.0,1024.0,472924.0,570362.0
HIP,IR,NoPrecond,5,None,0,nla-gpu1.ianm.kit.edu,0.001,1,None,cae34fcf1af28ed79655f2a07812377c,0.615353,0.709151,26.0,135.0,163.0,1055.0,469720.0,553181.0
HIP,BiCGStab,BJ,5,None,0,nla-gpu1.ianm.kit.edu,None,1,None,a9e4bcf8251d6ac5377c9a9f07a9ec59,0.675392,0.730226,196.0,135.0,161.0,1067.0,524860.0,580010.0
HIP,BiCGStab,NoPrecond,5,None,0,nla-gpu1.ianm.kit.edu,None,1,None,623252db196952a7dacab8cef3a462ce,0.614183,0.692837,303.0,135.0,158.0,1015.0,469028.0,545886.0
HIP,CG,ILU,5,None,0,nla-gpu1.ianm.kit.edu,None,1,None,88f80cd4224d11a1051e31ae489aec78,0.632031,0.675845,156.0,135.0,156.0,1007.0,487003.0,526868.0
HIP,CG,NoPrecond,5,None,0,nla-gpu1.ianm.kit.edu,None,1,None,f38bd585546a1ddf96d09a1d23fa7db6,0.610287,0.670919,441.0,135.0,159.0,1055.0,463347.0,525022.0
HIP,BiCGStab,ILU,5,None,0,nla-gpu1.ianm.kit.edu,None,1,None,5484efb2c73fc2030cdd42c2ffb68fd5,0.633313,0.681514,85.0,135.0,163.0,1005.0,489065.0,532260.0
HIP,CG,BJ,75,None,0,nla-gpu1.ianm.kit.edu,None,1,2,a4b106dbdcaacd52dac9af3e27759d68,8.561473,16.308797,8911.0,135.0,359898.0,3003643.0,5460484.0,8121036.0
HIP,CG,BJ,75,None,0,nla-gpu1.ianm.kit.edu,None,1,16,ed711f5542f54dc9a56d7efa14ac6474,8.411659,16.72247,8577.0,135.0,354494.0,2965099.0,5680987.0,8590751.0
HIP,CG,BJ,75,None,0,nla-gpu1.ianm.kit.edu,None,1,1,509c19faad5d342e3beda3500ef3f7b6,8.398961,16.338364,10180.0,135.0,357870.0,2985823.0,5236091.0,8136526.0
HIP,CG,BJ,75,None,0,nla-gpu1.ianm.kit.edu,None,1,4,7e35a1e54b2fbc146a45e359ef5e231b,8.760382,16.609648,8665.0,135.0,358536.0,3003578.0,5808002.0,8442321.0
HIP,CG,BJ,75,None,0,nla-gpu1.ianm.kit.edu,None,1,8,81d61fda0d741c789d896813b35f2a85,8.556894,16.555421,8598.0,135.0,357747.0,2981763.0,5744715.0,8458633.0
HIP,IR,NoPrecond,75,None,0,nla-gpu1.ianm.kit.edu,0.05,1,None,8bf03a5e948beffa0ea19e81d19e7c69,8.712926,17.259085,82.0,135.0,361710.0,3052157.0,5404368.0,8889324.0
HIP,IR,NoPrecond,75,None,0,nla-gpu1.ianm.kit.edu,0.01,1,None,fd7d9c8ecae9f6221430df00875778ee,8.260977,17.526148,56.0,135.0,360540.0,3026415.0,5572856.0,9129330.0
HIP,IR,NoPrecond,75,None,0,nla-gpu1.ianm.kit.edu,0.1,1,None,8ca897416b45e87de6c052a037c7c6a5,8.658258,17.284146,105.0,135.0,357980.0,3024570.0,5467164.0,9030663.0
HIP,IR,NoPrecond,75,None,0,nla-gpu1.ianm.kit.edu,0.001,1,None,ff76d56a8141b9b1ff7f40feeac0260a,8.539747,17.014391,38.0,135.0,356707.0,2999410.0,5492753.0,8786358.0
HIP,BiCGStab,BJ,75,None,0,nla-gpu1.ianm.kit.edu,None,1,None,a928119ddcccbd9f2f8a0c675c1fec8d,8.906181,17.734617,5985.0,135.0,358000.0,2972388.0,5664101.0,9501611.0
HIP,BiCGStab,NoPrecond,75,None,0,nla-gpu1.ianm.kit.edu,None,1,None,2e85bd48dedcf872518ded46044816a1,8.583987,17.984913,7995.0,135.0,353153.0,2960404.0,5622437.0,9742686.0
HIP,CG,ILU,75,None,0,nla-gpu1.ianm.kit.edu,None,1,None,5a1deda2760afd576a85feb0ecb75af6,8.631308,19.839161,3279.0,135.0,356907.0,2966988.0,5729458.0,11301568.0
HIP,CG,NoPrecond,75,None,0,nla-gpu1.ianm.kit.edu,None,1,None,d4eee1b7236fd3d5b61ed1b93f271add,8.466977,16.416236,10347.0,135.0,357100.0,3006232.0,5387822.0,8232664.0
HIP,BiCGStab,ILU,75,None,0,nla-gpu1.ianm.kit.edu,None,1,None,0e5ef08750b5ce8187fddbc71217690f,9.351287,23.558224,2460.0,135.0,357241.0,2992514.0,6157007.0,14668468.0
HIP,CG,BJ,20,None,0,nla-gpu1.ianm.kit.edu,None,1,2,52de33ca3a4eeac955d13ac8ad54f18d,0.825857,1.255019,2225.0,135.0,5847.0,46901.0,634294.0,948884.0
HIP,CG,BJ,20,None,0,nla-gpu1.ianm.kit.edu,None,1,16,dc0a1f24e4f8e7b1ba4bd1b0243a037d,0.827768,1.236525,2223.0,135.0,5787.0,46736.0,629648.0,937996.0
HIP,CG,BJ,20,None,0,nla-gpu1.ianm.kit.edu,None,1,1,36989e8e2f6eaca73f12bcab43cddc7c,0.795807,1.237833,2400.0,135.0,5777.0,46858.0,604104.0,932839.0
HIP,CG,BJ,20,None,0,nla-gpu1.ianm.kit.edu,None,1,4,448205ef41e2081a47fd20fd3090920f,0.82078,1.222848,2107.0,135.0,5819.0,46759.0,631819.0,922638.0
HIP,CG,BJ,20,None,0,nla-gpu1.ianm.kit.edu,None,1,8,a636f91f77dd8a67ce00cea1b682cb59,0.831986,1.239187,2152.0,135.0,5697.0,46594.0,635054.0,937409.0
HIP,IR,NoPrecond,20,None,0,nla-gpu1.ianm.kit.edu,0.05,1,None,5ec59cdda9e6f95dce8c7aa4b997f147,0.78195,1.286358,66.0,135.0,5769.0,46842.0,588721.0,976217.0
HIP,IR,NoPrecond,20,None,0,nla-gpu1.ianm.kit.edu,0.01,1,None,af6858c0d538ba2144eb8c7a02b9a61a,0.782907,1.25643,45.0,135.0,5758.0,49496.0,570611.0,945886.0
HIP,IR,NoPrecond,20,None,0,nla-gpu1.ianm.kit.edu,0.1,1,None,d53a2875036c8d3ac960232c7047338c,0.770823,1.284444,84.0,135.0,5730.0,46623.0,573281.0,977649.0
HIP,IR,NoPrecond,20,None,0,nla-gpu1.ianm.kit.edu,0.001,1,None,035537fd474b17b89f813ed9d6343437,0.770283,1.312134,37.0,135.0,5761.0,46862.0,564141.0,991065.0
HIP,BiCGStab,BJ,20,None,0,nla-gpu1.ianm.kit.edu,None,1,None,075b6aa4bddd86f474d3166220706714,0.827,1.326563,1491.0,135.0,5728.0,47069.0,635267.0,1035810.0
HIP,BiCGStab,NoPrecond,20,None,0,nla-gpu1.ianm.kit.edu,None,1,None,3d682ed785e0c7dd4afb6aa49da6b741,0.793345,1.377663,1824.0,135.0,5765.0,47058.0,590188.0,1081517.0
HIP,CG,ILU,20,None,0,nla-gpu1.ianm.kit.edu,None,1,None,d7845add5543e9f1b6d7fc18a7fd814e,0.783017,1.23441,803.0,135.0,5815.0,46877.0,591332.0,927452.0
HIP,CG,NoPrecond,20,None,0,nla-gpu1.ianm.kit.edu,None,1,None,ae4d50efb1e61265d4cd38901380be7d,0.74817,1.221892,2530.0,135.0,5913.0,46728.0,565209.0,919269.0
HIP,BiCGStab,ILU,20,None,0,nla-gpu1.ianm.kit.edu,None,1,None,c92dae4db02e74826b720b654a0b3869,0.806224,1.417691,582.0,135.0,5762.0,47795.0,608340.0,1093531.0
HIP,CG,BJ,30,None,0,nla-gpu1.ianm.kit.edu,None,1,2,a70c04765609cd7d7d90550121556e7b,1.184188,2.023823,3581.0,135.0,19736.0,161803.0,851831.0,1384783.0
HIP,CG,BJ,30,None,0,nla-gpu1.ianm.kit.edu,None,1,16,ecb6d5ed07646b550845e7dcd15370b7,1.180045,2.00845,3364.0,135.0,19683.0,162340.0,857859.0,1373054.0
HIP,CG,BJ,30,None,0,nla-gpu1.ianm.kit.edu,None,1,1,a4cc73ac657ad9b89ac2ceeaf1c5c79f,1.144921,2.043245,3908.0,135.0,19575.0,161886.0,826429.0,1397951.0
HIP,CG,BJ,30,None,0,nla-gpu1.ianm.kit.edu,None,1,4,1745a0255600238c79567aa35c2a0509,1.185076,2.016859,3409.0,135.0,19681.0,162606.0,867134.0,1380312.0
HIP,CG,BJ,30,None,0,nla-gpu1.ianm.kit.edu,None,1,8,ae48e97ed5bbc2352c94a9c1b583059c,1.197071,2.006175,3367.0,135.0,19920.0,164860.0,856269.0,1365332.0
HIP,IR,NoPrecond,30,None,0,nla-gpu1.ianm.kit.edu,0.05,1,None,4ce699687b0dde8a50f0cacd63831e8e,1.133954,2.169413,69.0,135.0,19539.0,163663.0,804539.0,1500585.0
HIP,IR,NoPrecond,30,None,0,nla-gpu1.ianm.kit.edu,0.01,1,None,897db0e7281afd05ed5b43c5c7644c2c,1.153867,2.065678,49.0,135.0,19726.0,162649.0,811390.0,1401376.0
HIP,IR,NoPrecond,30,None,0,nla-gpu1.ianm.kit.edu,0.1,1,None,a32e473c40f8bc879294909bf4fca103,1.133986,2.149468,87.0,135.0,20107.0,163080.0,804995.0,1462632.0
HIP,IR,NoPrecond,30,None,0,nla-gpu1.ianm.kit.edu,0.001,1,None,4987ad78107262ed93a244de79360f3b,1.129675,2.158248,38.0,135.0,19704.0,164891.0,811637.0,1492158.0
HIP,BiCGStab,BJ,30,None,0,nla-gpu1.ianm.kit.edu,None,1,None,eea54de985342336ac55d6e59c651037,1.219677,2.293978,2427.0,135.0,20288.0,163959.0,884364.0,1624847.0
HIP,BiCGStab,NoPrecond,30,None,0,nla-gpu1.ianm.kit.edu,None,1,None,ce012fada7a072dece47f54901e2daef,1.168999,2.547251,3219.0,135.0,20110.0,166153.0,845338.0,1805905.0
HIP,CG,ILU,30,None,0,nla-gpu1.ianm.kit.edu,None,1,None,948acc7ff65e2d399d3b37b4e677d968,1.146791,2.134464,1276.0,135.0,19683.0,165237.0,824762.0,1474301.0
HIP,CG,NoPrecond,30,None,0,nla-gpu1.ianm.kit.edu,None,1,None,7753e7bd8f3c52952847d757321e6bf3,1.114973,2.023108,4069.0,135.0,20012.0,163822.0,787164.0,1375196.0
HIP,BiCGStab,ILU,30,None,0,nla-gpu1.ianm.kit.edu,None,1,None,80dd29ee63889c042898fcb619a8f5d9,1.204076,2.453478,916.0,135.0,20304.0,164082.0,873141.0,1789826.0
HIP,CG,BJ,65,None,0,nla-gpu1.ianm.kit.edu,None,1,2,b299b9255a4a3b36f6b09a0e33841bb9,6.099254,11.500226,7652.0,135.0,233982.0,1914374.0,4036825.0,6153011.0
HIP,CG,BJ,65,None,0,nla-gpu1.ianm.kit.edu,None,1,16,08c9ae67a90ab960fc4376cb66f31613,6.121715,11.651721,7507.0,135.0,233781.0,1925660.0,3984136.0,6308600.0
HIP,CG,BJ,65,None,0,nla-gpu1.ianm.kit.edu,None,1,1,3b13f227d271134a1a4c77abcbb8d6e7,5.749101,11.426621,9007.0,135.0,231659.0,1914685.0,3633830.0,6070998.0
HIP,CG,BJ,65,None,0,nla-gpu1.ianm.kit.edu,None,1,4,3c3bf99931c3a4f05ddf77c6622bafe8,6.039074,11.511112,7490.0,135.0,229250.0,1903033.0,4050266.0,6197239.0
HIP,CG,BJ,65,None,0,nla-gpu1.ianm.kit.edu,None,1,8,1f9aea709b4f466b6d84c126792adee1,6.013015,11.678812,7799.0,135.0,231820.0,1931776.0,4011904.0,6339455.0
HIP,IR,NoPrecond,65,None,0,nla-gpu1.ianm.kit.edu,0.05,1,None,96961597cf8b663814cfd32d38478ab3,6.014037,12.410478,80.0,135.0,234788.0,1928028.0,3889817.0,6944727.0
HIP,IR,NoPrecond,65,None,0,nla-gpu1.ianm.kit.edu,0.01,1,None,cb489231f77c07e74497ce445a094b5c,5.855116,12.393349,56.0,135.0,230492.0,1934364.0,3835081.0,6889542.0
HIP,IR,NoPrecond,65,None,0,nla-gpu1.ianm.kit.edu,0.1,1,None,98ccae6a46f06c4e1f17626d1401892d,5.992304,12.505989,100.0,135.0,230096.0,1952462.0,4000184.0,7011511.0
HIP,IR,NoPrecond,65,None,0,nla-gpu1.ianm.kit.edu,0.001,1,None,4252b6433ec5e67df630492ae3c8cc5a,6.018036,12.198515,38.0,135.0,235487.0,1937280.0,3875578.0,6744520.0
HIP,BiCGStab,BJ,65,None,0,nla-gpu1.ianm.kit.edu,None,1,None,1129785a274f6a3af22d859aea333f78,6.188838,12.805075,5611.0,135.0,232353.0,1923796.0,4123265.0,7359027.0
HIP,BiCGStab,NoPrecond,65,None,0,nla-gpu1.ianm.kit.edu,None,1,None,c2d22cf6e55fc7d31aea1aad5fde1d25,5.953977,13.103328,7162.0,135.0,229445.0,1926224.0,3959976.0,7541544.0
HIP,CG,ILU,65,None,0,nla-gpu1.ianm.kit.edu,None,1,None,d5a24b340e66e81bb24adb74872372f0,6.069925,13.412583,2817.0,135.0,238105.0,1929583.0,4038375.0,7822781.0
HIP,CG,NoPrecond,65,None,0,nla-gpu1.ianm.kit.edu,None,1,None,6da6edd447ba52d8e7fd98f1d7d9b014,5.779165,11.558538,9223.0,135.0,232525.0,1921949.0,3750414.0,6182798.0
HIP,BiCGStab,ILU,65,None,0,nla-gpu1.ianm.kit.edu,None,1,None,65b42cac89c03b1a5b602331c4fca4b8,6.258952,15.615918,2094.0,135.0,231672.0,1938951.0,4251076.0,9980274.0
HIP,CG,BJ,10,None,0,nla-gpu1.ianm.kit.edu,None,1,2,c4f753b524e2d6c677d162d8fd5a0ce2,0.69598,0.817422,1016.0,135.0,792.0,5962.0,533881.0,643301.0
HIP,CG,BJ,10,None,0,nla-gpu1.ianm.kit.edu,None,1,16,7dd1e027d18cbd0ade43605044d04827,0.692197,0.808024,875.0,135.0,768.0,5921.0,530829.0,629733.0
HIP,CG,BJ,10,None,0,nla-gpu1.ianm.kit.edu,None,1,1,25668165ccd332c6a1a816068573c472,0.672971,0.835828,1086.0,135.0,775.0,5951.0,514754.0,660998.0
HIP,CG,BJ,10,None,0,nla-gpu1.ianm.kit.edu,None,1,4,3d2bcde8da1d81697cb146bf9ee7d73c,0.690829,0.84361,991.0,135.0,773.0,6122.0,538988.0,666874.0
HIP,CG,BJ,10,None,0,nla-gpu1.ianm.kit.edu,None,1,8,9f6dd49440c1bad0bfdf7da93b488387,0.693948,0.845012,970.0,135.0,798.0,5954.0,536614.0,666516.0
HIP,IR,NoPrecond,10,None,0,nla-gpu1.ianm.kit.edu,0.05,1,None,6a1dc2062ffb458aa190e2ddf78fbb34,0.641887,0.859641,59.0,135.0,770.0,5955.0,494110.0,678833.0
HIP,IR,NoPrecond,10,None,0,nla-gpu1.ianm.kit.edu,0.01,1,None,85e74e9cf0f8c28da8a12b25c4f15610,0.634011,0.84593,41.0,135.0,775.0,5933.0,487798.0,662993.0
HIP,IR,NoPrecond,10,None,0,nla-gpu1.ianm.kit.edu,0.1,1,None,c9d673a7952bd5b91734736e0dd7d859,0.645098,0.859014,73.0,135.0,770.0,5948.0,491486.0,676399.0
HIP,IR,NoPrecond,10,None,0,nla-gpu1.ianm.kit.edu,0.001,1,None,c973a64555f98b22827d9a9b30ff29bc,0.641965,0.850626,32.0,135.0,765.0,5955.0,490029.0,670397.0
HIP,BiCGStab,BJ,10,None,0,nla-gpu1.ianm.kit.edu,None,1,None,8b1b7b60e23728f3c9d6f1dfbb8735aa,0.69905,0.879983,608.0,135.0,772.0,5995.0,541503.0,705324.0
HIP,BiCGStab,NoPrecond,10,None,0,nla-gpu1.ianm.kit.edu,None,1,None,8e03502ecf82bd15475472abbc96e291,0.650047,0.883453,850.0,135.0,763.0,5948.0,496805.0,710823.0
HIP,CG,ILU,10,None,0,nla-gpu1.ianm.kit.edu,None,1,None,4e200c17d8395162aefce5db11f43a0d,0.657098,0.806202,383.0,135.0,775.0,5956.0,502084.0,621944.0
HIP,CG,NoPrecond,10,None,0,nla-gpu1.ianm.kit.edu,None,1,None,1d5d77258b6b65ad9d768ee9e132b88f,0.632976,0.791894,1206.0,135.0,768.0,5917.0,475886.0,613775.0
HIP,BiCGStab,ILU,10,None,0,nla-gpu1.ianm.kit.edu,None,1,None,d28a0bc0a6e45c06a4370190d1bef19a,0.664017,0.805316,216.0,135.0,779.0,5996.0,507283.0,635682.0
HIP,CG,BJ,45,None,0,nla-gpu1.ianm.kit.edu,None,1,2,2c551bcf52a6d4e3251b1ccd5e95595f,2.412738,4.358256,5333.0,135.0,71016.0,586906.0,1610631.0,2552198.0
HIP,CG,BJ,45,None,0,nla-gpu1.ianm.kit.edu,None,1,16,afe0d790dcb5c2c80007e24aca79b84c,2.424817,4.368448,5172.0,135.0,73029.0,585978.0,1606037.0,2564412.0
HIP,CG,BJ,45,None,0,nla-gpu1.ianm.kit.edu,None,1,1,903f6ee9adbee9baf7913ff85306365e,2.327433,4.419735,6075.0,135.0,72632.0,596125.0,1539745.0,2602337.0
HIP,CG,BJ,45,None,0,nla-gpu1.ianm.kit.edu,None,1,4,aec26d448c8e900d976df736c6e3ea4b,2.377988,4.323025,5218.0,135.0,70743.0,587647.0,1608518.0,2533123.0
HIP,CG,BJ,45,None,0,nla-gpu1.ianm.kit.edu,None,1,8,71888cb8ac2e5f441f896a2b79ec2bce,2.378015,4.358521,5183.0,135.0,71185.0,590409.0,1621686.0,2551972.0
HIP,IR,NoPrecond,45,None,0,nla-gpu1.ianm.kit.edu,0.05,1,None,35e3dd381ab22069cd36e6036ef66ee7,2.326595,4.811303,74.0,135.0,71703.0,625127.0,1545521.0,2874889.0
HIP,IR,NoPrecond,45,None,0,nla-gpu1.ianm.kit.edu,0.01,1,None,ef7d0a4367e4d700d5162fcc14e51e3c,2.344281,4.632789,51.0,135.0,72870.0,598505.0,1573533.0,2790266.0
HIP,IR,NoPrecond,45,None,0,nla-gpu1.ianm.kit.edu,0.1,1,None,8cdf444fe3db0b28550777a73518c6c8,2.336664,4.705811,93.0,135.0,71342.0,590601.0,1549186.0,2856523.0
HIP,IR,NoPrecond,45,None,0,nla-gpu1.ianm.kit.edu,0.001,1,None,b17828224cf27ac089178c3757d0e90e,2.307572,4.817013,36.0,135.0,70977.0,617101.0,1522105.0,2846216.0
HIP,BiCGStab,BJ,45,None,0,nla-gpu1.ianm.kit.edu,None,1,None,7358a9cb8d74bfc5388c77f9748f60b0,2.48788,4.792445,3454.0,135.0,70219.0,606616.0,1656074.0,2866588.0
HIP,BiCGStab,NoPrecond,45,None,0,nla-gpu1.ianm.kit.edu,None,1,None,8b79cee28dbee6d1cec0542b54426eaa,2.326052,5.09158,5017.0,135.0,74067.0,594060.0,1621170.0,3180024.0
HIP,CG,ILU,45,None,0,nla-gpu1.ianm.kit.edu,None,1,None,25772e4109adbdb2cb95c8ccb9d5027a,2.440595,5.290096,1969.0,135.0,72734.0,588307.0,1641316.0,3379705.0
HIP,CG,NoPrecond,45,None,0,nla-gpu1.ianm.kit.edu,None,1,None,81e480bfeb864cad81316a0c01229467,2.309722,4.44635,6261.0,135.0,70722.0,590641.0,1503018.0,2612807.0
HIP,BiCGStab,ILU,45,None,0,nla-gpu1.ianm.kit.edu,None,1,None,4e4be031b4ab03557ab3551112f3fbda,2.511233,6.059796,1421.0,135.0,73419.0,590892.0,1715715.0,4078891.0
HIP,CG,BJ,55,None,0,nla-gpu1.ianm.kit.edu,None,1,2,3fd31a25d2bf20e2e61e217d5d6ce1d5,3.82131,7.278003,6721.0,135.0,139258.0,1168334.0,2555056.0,3970134.0
HIP,CG,BJ,55,None,0,nla-gpu1.ianm.kit.edu,None,1,16,148e4640a77378d2afe13d50880acb39,3.84078,7.122418,6482.0,135.0,137611.0,1172200.0,2527334.0,3787590.0
HIP,CG,BJ,55,None,0,nla-gpu1.ianm.kit.edu,None,1,1,1c50e59f05e71cfb1e2fbf5e6f0033b6,3.701039,7.001525,7597.0,135.0,139422.0,1152630.0,2447029.0,3732366.0
HIP,CG,BJ,55,None,0,nla-gpu1.ianm.kit.edu,None,1,4,dbbaab817e3d07b3296c65a75846dd07,3.770828,6.992026,6532.0,135.0,137633.0,1155257.0,2492762.0,3758436.0
HIP,CG,BJ,55,None,0,nla-gpu1.ianm.kit.edu,None,1,8,d11cbd8240df91509d2f97cac85f3997,3.847006,7.029094,6525.0,135.0,139760.0,1143946.0,2512923.0,3810528.0
HIP,IR,NoPrecond,55,None,0,nla-gpu1.ianm.kit.edu,0.05,1,None,0a73725352e81e468d096e8042666016,3.690096,7.486785,81.0,135.0,139740.0,1147142.0,2455290.0,4200022.0
HIP,IR,NoPrecond,55,None,0,nla-gpu1.ianm.kit.edu,0.01,1,None,babafde1ad3b56e1863127a0622543a1,3.757936,7.397252,56.0,135.0,140204.0,1140249.0,2436678.0,4148637.0
HIP,IR,NoPrecond,55,None,0,nla-gpu1.ianm.kit.edu,0.1,1,None,72f65a84e92785e2a7c0db9b7d179a64,3.725139,7.693479,101.0,135.0,136310.0,1214255.0,2431766.0,4217553.0
HIP,IR,NoPrecond,55,None,0,nla-gpu1.ianm.kit.edu,0.001,1,None,97768bc67a8751609470eef90ca894d9,3.724909,7.469719,38.0,135.0,143065.0,1154494.0,2474962.0,4112191.0
HIP,BiCGStab,BJ,55,None,0,nla-gpu1.ianm.kit.edu,None,1,None,d80305e65d09add8efa1fec50de39b67,3.937086,7.677355,4510.0,135.0,140312.0,1138254.0,2602655.0,4404687.0
HIP,BiCGStab,NoPrecond,55,None,0,nla-gpu1.ianm.kit.edu,None,1,None,ae7080fa0889128baf0f44dee843242b,3.875148,7.944689,6194.0,135.0,137552.0,1133091.0,2515367.0,4590611.0
HIP,CG,ILU,55,None,0,nla-gpu1.ianm.kit.edu,None,1,None,c42c2bfbe9a97e360b860f2bf55a47b9,3.813139,8.299433,2465.0,135.0,139122.0,1169721.0,2554430.0,4892409.0
HIP,CG,NoPrecond,55,None,0,nla-gpu1.ianm.kit.edu,None,1,None,7d7db3ce5b87671ad13245c27591afc4,3.644016,7.237266,7780.0,135.0,137592.0,1175001.0,2399256.0,3894605.0
HIP,BiCGStab,ILU,55,None,0,nla-gpu1.ianm.kit.edu,None,1,None,53437c82e77b70eb812a4e07e6c0f195,3.987313,8.929816,1612.0,135.0,138996.0,1157048.0,2662493.0,5607204.0
HIP,CG,BJ,50,None,0,nla-gpu1.ianm.kit.edu,None,1,2,2fa1cd55076bac7ad7e1f18820efa108,3.029299,5.652007,6353.0,135.0,103982.0,835563.0,2057528.0,3242147.0
HIP,CG,BJ,50,None,0,nla-gpu1.ianm.kit.edu,None,1,16,c051fabe21268613578f1c99b72113ee,2.989913,5.800872,6121.0,135.0,104755.0,859724.0,2053581.0,3289931.0
HIP,CG,BJ,50,None,0,nla-gpu1.ianm.kit.edu,None,1,1,82893928be1f9c866cff016a57d2245c,2.927741,5.684544,6942.0,135.0,102318.0,841156.0,1928530.0,3234908.0
HIP,CG,BJ,50,None,0,nla-gpu1.ianm.kit.edu,None,1,4,81da11875c15153afc52685a41c42ad3,2.983559,5.57273,6225.0,135.0,101307.0,829825.0,2016417.0,3174467.0
HIP,CG,BJ,50,None,0,nla-gpu1.ianm.kit.edu,None,1,8,a91a9459090953d3ffb4f3e7d820f866,3.001818,5.663162,6144.0,135.0,102146.0,850633.0,2043934.0,3224075.0
HIP,IR,NoPrecond,50,None,0,nla-gpu1.ianm.kit.edu,0.05,1,None,9539db5404d19059421f339eade7dd0e,2.910529,6.014578,80.0,135.0,101519.0,832861.0,1941665.0,3554411.0
HIP,IR,NoPrecond,50,None,0,nla-gpu1.ianm.kit.edu,0.01,1,None,ab4c64ec8746afa3f8ee0fa10c5017ed,2.912227,6.001836,56.0,135.0,102266.0,848958.0,1953496.0,3499413.0
HIP,IR,NoPrecond,50,None,0,nla-gpu1.ianm.kit.edu,0.1,1,None,a3347767c2b4c18fd0c4153ef1dd3a1e,2.902969,5.789613,101.0,135.0,105063.0,840265.0,1909507.0,3323180.0
HIP,IR,NoPrecond,50,None,0,nla-gpu1.ianm.kit.edu,0.001,1,None,d7247194fd8a80dd76ef6040429cb86c,2.918302,5.592069,38.0,135.0,106458.0,846499.0,1930148.0,3135776.0
HIP,BiCGStab,BJ,50,None,0,nla-gpu1.ianm.kit.edu,None,1,None,609f782ba807f4ea8b36b24414b67b4c,3.067107,5.993682,3953.0,135.0,103672.0,843932.0,2096603.0,3583354.0
HIP,BiCGStab,NoPrecond,50,None,0,nla-gpu1.ianm.kit.edu,None,1,None,90fefb35b95eee91ea1320d85699284c,2.996868,6.523588,5715.0,135.0,102594.0,841236.0,1991682.0,4014992.0
HIP,CG,ILU,50,None,0,nla-gpu1.ianm.kit.edu,None,1,None,6e8e2862eace90d5ef91103aa4297730,2.989756,6.383288,2242.0,135.0,100989.0,831116.0,1991566.0,3873956.0
HIP,CG,NoPrecond,50,None,0,nla-gpu1.ianm.kit.edu,None,1,None,b47dd474b3567366605b3b3a5b32c7aa,2.866379,5.51224,7113.0,135.0,102027.0,848719.0,1890811.0,3060250.0
HIP,BiCGStab,ILU,50,None,0,nla-gpu1.ianm.kit.edu,None,1,None,8cd8b216ab2a00de0b75a67807e965d3,3.028787,7.198296,1632.0,135.0,103060.0,849904.0,2109852.0,4721277.0
HIP,CG,BJ,15,None,0,nla-gpu1.ianm.kit.edu,None,1,2,317ce6bd6fb081698c6d49c0d6b8e15b,0.752714,1.02568,1606.0,135.0,2417.0,19587.0,576869.0,800053.0
HIP,CG,BJ,15,None,0,nla-gpu1.ianm.kit.edu,None,1,16,88b258337fd4afecd0ce1d0f2a7f6654,0.751089,1.021959,1590.0,135.0,2437.0,20023.0,576784.0,792522.0
HIP,CG,BJ,15,None,0,nla-gpu1.ianm.kit.edu,None,1,1,4b259a74b48bf6cb653b8a10e6dcd9c7,0.715937,1.021775,1732.0,135.0,2440.0,19573.0,553615.0,791296.0
HIP,CG,BJ,15,None,0,nla-gpu1.ianm.kit.edu,None,1,4,825bbec42973ff3e0a729070b2496ffc,0.749164,1.026336,1593.0,135.0,2437.0,19547.0,578399.0,799539.0
HIP,CG,BJ,15,None,0,nla-gpu1.ianm.kit.edu,None,1,8,0810c36f0da67333c8bef6eddd4bf114,0.752008,1.029728,1599.0,135.0,2503.0,19685.0,576144.0,799083.0
HIP,IR,NoPrecond,15,None,0,nla-gpu1.ianm.kit.edu,0.05,1,None,9a6e103fe7265eb27273e831340439d6,0.702132,1.058984,64.0,135.0,2501.0,19617.0,531084.0,825482.0
HIP,IR,NoPrecond,15,None,0,nla-gpu1.ianm.kit.edu,0.01,1,None,33738876a0694a577a26645db59731a5,0.696001,1.034004,43.0,135.0,2587.0,19913.0,524849.0,801117.0
HIP,IR,NoPrecond,15,None,0,nla-gpu1.ianm.kit.edu,0.1,1,None,d576116efee2e091f9237775266e2074,0.710943,1.07923,82.0,135.0,2425.0,19794.0,542399.0,845877.0
HIP,IR,NoPrecond,15,None,0,nla-gpu1.ianm.kit.edu,0.001,1,None,95c8282d31b9e37c3a8b556aaec120a9,0.699969,1.05583,35.0,135.0,2412.0,19729.0,528078.0,827097.0
HIP,BiCGStab,BJ,15,None,0,nla-gpu1.ianm.kit.edu,None,1,None,104f894cc515d9104e144482cbf9786e,0.765263,1.103749,1095.0,135.0,2412.0,19532.0,589603.0,887370.0
HIP,BiCGStab,NoPrecond,15,None,0,nla-gpu1.ianm.kit.edu,None,1,None,ed805e6f8f157d8210c278caa47beb92,0.714174,1.152847,1438.0,135.0,2428.0,19817.0,542049.0,931992.0
HIP,CG,ILU,15,None,0,nla-gpu1.ianm.kit.edu,None,1,None,75a05394b30f20508a2402fe9a86e42a,0.706763,0.981994,592.0,135.0,2432.0,19939.0,539390.0,757745.0
HIP,CG,NoPrecond,15,None,0,nla-gpu1.ianm.kit.edu,None,1,None,43e7fa7ebc61ad3c47e418b25063360d,0.687998,1.011246,1882.0,135.0,2509.0,19779.0,519973.0,781190.0
HIP,BiCGStab,ILU,15,None,0,nla-gpu1.ianm.kit.edu,None,1,None,0efa12bb4c50be162cce58e36ed8724b,0.722757,1.094062,434.0,135.0,2469.0,19675.0,553103.0,864768.0
HIP,CG,BJ,40,None,0,nla-gpu1.ianm.kit.edu,None,1,2,46b655be2101edf8ee3dcee46854454e,1.870176,3.591578,4861.0,135.0,49334.0,403509.0,1312585.0,2238273.0
HIP,CG,BJ,40,None,0,nla-gpu1.ianm.kit.edu,None,1,16,4cc73d190b2af7a2452aec61c3a81ca5,1.88393,3.388759,4503.0,135.0,48119.0,404914.0,1306817.0,2103704.0
HIP,CG,BJ,40,None,0,nla-gpu1.ianm.kit.edu,None,1,1,2a60b62fc1e877713578f1f8b5b33ce3,1.808301,3.554881,5305.0,135.0,48742.0,411084.0,1253031.0,2227861.0
HIP,CG,BJ,40,None,0,nla-gpu1.ianm.kit.edu,None,1,4,ef620f3eefd49de8b48a70c8267fed5f,1.88868,3.382189,4613.0,135.0,49595.0,401683.0,1300890.0,2092283.0
HIP,CG,BJ,40,None,0,nla-gpu1.ianm.kit.edu,None,1,8,509dc820a812ce9026e5259f75d7e587,1.854831,3.516413,4477.0,135.0,49798.0,409684.0,1294654.0,2119487.0
HIP,IR,NoPrecond,40,None,0,nla-gpu1.ianm.kit.edu,0.05,1,None,d88be3653f1dd1b639a119528524f63d,1.804209,3.668704,72.0,135.0,50448.0,408852.0,1241948.0,2350131.0
HIP,IR,NoPrecond,40,None,0,nla-gpu1.ianm.kit.edu,0.01,1,None,a34dee106e26ba06ab0dbf8e7de0dc55,1.782892,3.565285,50.0,135.0,48804.0,404831.0,1232958.0,2263714.0
HIP,IR,NoPrecond,40,None,0,nla-gpu1.ianm.kit.edu,0.1,1,None,216773f699ec6f72fa8963d36a74c0c4,1.849988,3.677864,91.0,135.0,49284.0,404259.0,1272051.0,2362775.0
HIP,IR,NoPrecond,40,None,0,nla-gpu1.ianm.kit.edu,0.001,1,None,2a55013a01ae3bec98234b7d2a5a3233,1.794168,3.688044,37.0,135.0,48770.0,411560.0,1225722.0,2327735.0
HIP,BiCGStab,BJ,40,None,0,nla-gpu1.ianm.kit.edu,None,1,None,35d5c63691eef5054d03f35e92360e31,1.923243,3.829118,3362.0,135.0,48923.0,397785.0,1347154.0,2500116.0
HIP,BiCGStab,NoPrecond,40,None,0,nla-gpu1.ianm.kit.edu,None,1,None,744c76a3bf4ed1b040cfd9b2299ba27e,1.843041,4.053147,4317.0,135.0,49533.0,401292.0,1277530.0,2680028.0
HIP,CG,ILU,40,None,0,nla-gpu1.ianm.kit.edu,None,1,None,cd7f94e6de0b737ee7a656bdf332710b,1.837988,3.747343,1739.0,135.0,50008.0,400844.0,1268578.0,2408181.0
HIP,CG,NoPrecond,40,None,0,nla-gpu1.ianm.kit.edu,None,1,None,274c1c5a7b1e4605a533407786c907d8,1.76309,3.559442,5440.0,135.0,51008.0,412751.0,1199875.0,2173663.0
HIP,BiCGStab,ILU,40,None,0,nla-gpu1.ianm.kit.edu,None,1,None,51ed8434eef09744eb26770736d67bc2,1.917698,4.28914,1279.0,135.0,48959.0,412812.0,1315282.0,2877050.0
HIP,CG,BJ,35,None,0,nla-gpu1.ianm.kit.edu,None,1,2,7ceccefb3cee97834e7cde6abdc3abe6,1.535522,2.654321,4108.0,135.0,33247.0,262010.0,1070171.0,1718914.0
HIP,CG,BJ,35,None,0,nla-gpu1.ianm.kit.edu,None,1,16,938b6ead5593c285f4fe2194a0c634c0,1.521259,2.647057,3981.0,135.0,31417.0,265188.0,1059950.0,1709797.0
HIP,CG,BJ,35,None,0,nla-gpu1.ianm.kit.edu,None,1,1,fee603e732b8343eb4ab586de7f931c0,1.464706,2.66981,4609.0,135.0,33997.0,268135.0,1009330.0,1721105.0
HIP,CG,BJ,35,None,0,nla-gpu1.ianm.kit.edu,None,1,4,e523c44fef014b49265942e8be7f6cdc,1.518084,2.624552,4012.0,135.0,32387.0,258485.0,1056625.0,1694190.0
HIP,CG,BJ,35,None,0,nla-gpu1.ianm.kit.edu,None,1,8,77cdb5c1a3790c88801121b3f10fa4b3,1.513101,2.641701,3990.0,135.0,32848.0,262387.0,1065791.0,1706939.0
HIP,IR,NoPrecond,35,None,0,nla-gpu1.ianm.kit.edu,0.05,1,None,b02c92b4de372bd183a58646b52d43c4,1.457181,2.836969,71.0,135.0,33658.0,273099.0,1006725.0,1867704.0
HIP,IR,NoPrecond,35,None,0,nla-gpu1.ianm.kit.edu,0.01,1,None,f5fd0687ee5dd74574646b96f7f259ab,1.446234,2.783601,49.0,135.0,31776.0,261628.0,1010712.0,1834497.0
HIP,IR,NoPrecond,35,None,0,nla-gpu1.ianm.kit.edu,0.1,1,None,61092ebcb2ba4a291c548d9657a82437,1.452776,2.836027,89.0,135.0,31791.0,261467.0,1006417.0,1881019.0
HIP,IR,NoPrecond,35,None,0,nla-gpu1.ianm.kit.edu,0.001,1,None,cc1ed02102c339a4592b7127f6b6cba8,1.449901,2.826354,37.0,135.0,31841.0,259916.0,998273.0,1858658.0
HIP,BiCGStab,BJ,35,None,0,nla-gpu1.ianm.kit.edu,None,1,None,1e085f1b0ca58a1e87c15f6980ee5f32,1.552921,3.031566,2997.0,135.0,31382.0,259736.0,1098635.0,2060818.0
HIP,BiCGStab,NoPrecond,35,None,0,nla-gpu1.ianm.kit.edu,None,1,None,264b326ed4cfc0fd4352c60bfb2c753b,1.486826,3.108976,3592.0,135.0,33353.0,261460.0,1043130.0,2111008.0
HIP,CG,ILU,35,None,0,nla-gpu1.ianm.kit.edu,None,1,None,78924e777f86079608f8f94177589184,1.477007,2.867746,1506.0,135.0,32968.0,272591.0,1020774.0,1890942.0
HIP,CG,NoPrecond,35,None,0,nla-gpu1.ianm.kit.edu,None,1,None,fcb80c3ae305a39d390aaef3f5994c2e,1.43235,2.677861,4751.0,135.0,32119.0,259116.0,976845.0,1729188.0
HIP,BiCGStab,ILU,35,None,0,nla-gpu1.ianm.kit.edu,None,1,None,56df293f19d594a2bcb993fc96f0a04f,1.536919,3.506535,1180.0,135.0,31421.0,264938.0,1089059.0,2453821.0
HIP,CG,BJ,60,None,0,nla-gpu1.ianm.kit.edu,None,1,2,64598a31a1935ba4f071af1a5674f9ea,4.685905,8.818007,7533.0,135.0,179216.0,1474580.0,3114840.0,4673983.0
HIP,CG,BJ,60,None,0,nla-gpu1.ianm.kit.edu,None,1,16,a3179abe5fd98bbbb3691ad905643cdd,4.748767,9.063262,6930.0,135.0,182870.0,1515150.0,3141882.0,4740371.0
HIP,CG,BJ,60,None,0,nla-gpu1.ianm.kit.edu,None,1,1,cda01da2817c55d45385a33961f94e47,4.654023,8.809484,8241.0,135.0,187110.0,1519973.0,2948418.0,4604006.0
HIP,CG,BJ,60,None,0,nla-gpu1.ianm.kit.edu,None,1,4,dc9d663b3758bcff8c56b016bafeffb3,4.755092,8.99891,7142.0,135.0,183157.0,1512894.0,3067914.0,4718041.0
HIP,CG,BJ,60,None,0,nla-gpu1.ianm.kit.edu,None,1,8,e5aa3d648e465a3678b0dc9da0a41e0e,4.769998,8.911832,6987.0,135.0,184213.0,1494501.0,3147793.0,4672713.0
HIP,IR,NoPrecond,60,None,0,nla-gpu1.ianm.kit.edu,0.05,1,None,e9f2aff8c2edbe1b69e18a92a2da993c,4.603213,9.24563,78.0,135.0,182750.0,1507362.0,2991634.0,4968250.0
HIP,IR,NoPrecond,60,None,0,nla-gpu1.ianm.kit.edu,0.01,1,None,3c84910d7c8488dfb9e8cb4a6bed1c8d,4.570041,8.862499,56.0,135.0,184854.0,1523256.0,2967733.0,4644743.0
HIP,IR,NoPrecond,60,None,0,nla-gpu1.ianm.kit.edu,0.1,1,None,564a11ec60a0da580cb79efa5cc03167,4.5811,9.246562,99.0,135.0,179902.0,1505137.0,3004260.0,5016595.0
HIP,IR,NoPrecond,60,None,0,nla-gpu1.ianm.kit.edu,0.001,1,None,2e9e82291dd2c947dd6d47c263d05128,4.591134,9.082841,38.0,135.0,180694.0,1488810.0,3016737.0,4908331.0
HIP,BiCGStab,BJ,60,None,0,nla-gpu1.ianm.kit.edu,None,1,None,76589d8c40d0b78143720d4887ca131b,4.793475,9.325518,4413.0,135.0,180441.0,1511342.0,3162080.0,5066644.0
HIP,BiCGStab,NoPrecond,60,None,0,nla-gpu1.ianm.kit.edu,None,1,None,71fd303aaac9ccc620410cb29513575f,4.727,9.44701,6126.0,135.0,182117.0,1529241.0,3041874.0,5143942.0
HIP,CG,ILU,60,None,0,nla-gpu1.ianm.kit.edu,None,1,None,b42f770663d7c988a5f80d2aef7dfea2,4.716499,10.360745,2682.0,135.0,183723.0,1515131.0,3161318.0,6007911.0
HIP,CG,NoPrecond,60,None,0,nla-gpu1.ianm.kit.edu,None,1,None,bf6df84c810f66bd9682f9ea2d66579c,4.540276,8.756021,8427.0,135.0,186354.0,1501458.0,2917245.0,4588634.0
HIP,BiCGStab,ILU,60,None,0,nla-gpu1.ianm.kit.edu,None,1,None,a042345d71f4a7782609b0ba5e5e629b,4.836036,11.488444,1992.0,135.0,181775.0,1486027.0,3204290.0,7238047.0
HIP,CG,BJ,70,None,0,nla-gpu1.ianm.kit.edu,None,1,2,48b91ecd123d92a187c3a3f6aee2e3b1,7.064105,13.933632,8975.0,135.0,293710.0,2432670.0,4781776.0,7275848.0
HIP,CG,BJ,70,None,0,nla-gpu1.ianm.kit.edu,None,1,16,8282b3713441ffcfc2a68d1d2b6bed09,7.32562,14.019458,8337.0,135.0,285738.0,2410528.0,4764358.0,7376214.0
HIP,CG,BJ,70,None,0,nla-gpu1.ianm.kit.edu,None,1,1,0202cae59d89c6c06eda2537e7cd28b9,6.898134,13.868268,9824.0,135.0,291656.0,2421980.0,4539795.0,7223554.0
HIP,CG,BJ,70,None,0,nla-gpu1.ianm.kit.edu,None,1,4,ad35d65f6d6acdd686e570606a27b5a7,7.238413,13.934072,8541.0,135.0,294064.0,2440885.0,4787087.0,7258114.0
HIP,CG,BJ,70,None,0,nla-gpu1.ianm.kit.edu,None,1,8,906880716bdde9a85a9c35a124435d9f,7.271056,13.899226,8374.0,135.0,292903.0,2442977.0,4745220.0,7222499.0
HIP,IR,NoPrecond,70,None,0,nla-gpu1.ianm.kit.edu,0.05,1,None,3fa135d34f4b12f0c7d2004c6a619157,7.03824,14.239478,79.0,135.0,294014.0,2415995.0,4426971.0,7554795.0
HIP,IR,NoPrecond,70,None,0,nla-gpu1.ianm.kit.edu,0.01,1,None,a201215138c5ecb6b8d775382fafe685,7.163809,14.618831,56.0,135.0,292967.0,2402895.0,4764571.0,7914062.0
HIP,IR,NoPrecond,70,None,0,nla-gpu1.ianm.kit.edu,0.1,1,None,e7a7cd17a869b32a67b67dfa47b4c9f2,7.117755,14.514028,101.0,135.0,288138.0,2440221.0,4508166.0,7650175.0
HIP,IR,NoPrecond,70,None,0,nla-gpu1.ianm.kit.edu,0.001,1,None,1a76b8741052be6a540e2c413293c3f0,7.053838,14.286941,38.0,135.0,289577.0,2455273.0,4592578.0,7525409.0
HIP,BiCGStab,BJ,70,None,0,nla-gpu1.ianm.kit.edu,None,1,None,a022b228fa70e791acfaa868aba9bb25,7.344849,14.992601,5888.0,135.0,291612.0,2434634.0,4833251.0,8379834.0
HIP,BiCGStab,NoPrecond,70,None,0,nla-gpu1.ianm.kit.edu,None,1,None,7990feaaebad191d56f0f8f1a9010535,7.130751,15.155305,7867.0,135.0,287352.0,2427830.0,4586890.0,8294356.0
HIP,CG,ILU,70,None,0,nla-gpu1.ianm.kit.edu,None,1,None,aaa22c84eec4d7ac3e38926c3810a02e,7.293887,16.524875,3174.0,135.0,287958.0,2434443.0,4768205.0,9533136.0
HIP,CG,NoPrecond,70,None,0,nla-gpu1.ianm.kit.edu,None,1,None,d1412e3cc020f29e0a2223dfe8588c54,6.781152,13.74115,10009.0,135.0,289887.0,2396838.0,4496286.0,7125002.0
HIP,BiCGStab,ILU,70,None,0,nla-gpu1.ianm.kit.edu,None,1,None,b68ec644c800eb6c963693241425de8d,7.636891,18.699716,2147.0,135.0,290044.0,2426848.0,5127013.0,11693860.0
HIP,CG,BJ,25,None,0,nla-gpu1.ianm.kit.edu,None,1,2,11b014bbbd22e46e8a6892d6812dfffc,0.9637,1.540305,2839.0,135.0,11506.0,92836.0,719816.0,1110157.0
HIP,CG,BJ,25,None,0,nla-gpu1.ianm.kit.edu,None,1,16,b3fa9b00d199e726c4e83a141c5136b3,0.970369,1.553516,2820.0,135.0,11301.0,92973.0,720361.0,1122293.0
HIP,CG,BJ,25,None,0,nla-gpu1.ianm.kit.edu,None,1,1,b447659d0bf77811971b6915a25e423f,0.934156,1.56502,3120.0,135.0,11391.0,93456.0,692455.0,1131289.0
HIP,CG,BJ,25,None,0,nla-gpu1.ianm.kit.edu,None,1,4,4999bceb78f92ab9a27e5dde22c0aa82,0.970401,1.53556,2799.0,135.0,11318.0,91991.0,720447.0,1103695.0
HIP,CG,BJ,25,None,0,nla-gpu1.ianm.kit.edu,None,1,8,2ff49451a8a5dcaf64b8f8f84e7a5930,0.970914,1.534492,2823.0,135.0,11359.0,92559.0,715429.0,1103013.0
HIP,IR,NoPrecond,25,None,0,nla-gpu1.ianm.kit.edu,0.05,1,None,aafea4bcc4f4b392ec6421f545ec1ba3,0.906092,1.583073,67.0,135.0,11326.0,92440.0,668963.0,1142229.0
HIP,IR,NoPrecond,25,None,0,nla-gpu1.ianm.kit.edu,0.01,1,None,3b3f0bbcaacc3dee9d9bfdb8b8af9bb8,0.895759,1.580276,46.0,135.0,11449.0,92719.0,667839.0,1141249.0
HIP,IR,NoPrecond,25,None,0,nla-gpu1.ianm.kit.edu,0.1,1,None,99db3f03754e119c205de2f6b8e5dea3,0.915012,1.611111,85.0,135.0,11304.0,94763.0,670469.0,1167979.0
HIP,IR,NoPrecond,25,None,0,nla-gpu1.ianm.kit.edu,0.001,1,None,601fe49c3fe0e0538b74a1f4dd27242e,0.909766,1.60337,37.0,135.0,11285.0,92242.0,662895.0,1158718.0
HIP,BiCGStab,BJ,25,None,0,nla-gpu1.ianm.kit.edu,None,1,None,d0e725c78ca3cb7d6b1086744d983b42,0.993125,1.756106,1978.0,135.0,11399.0,92847.0,758084.0,1318493.0
HIP,BiCGStab,NoPrecond,25,None,0,nla-gpu1.ianm.kit.edu,None,1,None,448d6f05e33a2cc715965cf4878429a5,0.940021,1.789141,2429.0,135.0,11471.0,93642.0,691251.0,1359144.0
HIP,CG,ILU,25,None,0,nla-gpu1.ianm.kit.edu,None,1,None,3687968441e7ca47243e7599caeed1f4,0.93001,1.599926,1032.0,135.0,11591.0,94454.0,676403.0,1157048.0
HIP,CG,NoPrecond,25,None,0,nla-gpu1.ianm.kit.edu,None,1,None,f41f659a6698bc81ccf86242e24c2143,0.903984,1.568702,3249.0,135.0,11252.0,93611.0,640632.0,1128608.0
HIP,BiCGStab,ILU,25,None,0,nla-gpu1.ianm.kit.edu,None,1,None,45171ca0158216fb8149c3380506c7c5,0.954883,1.877016,751.0,135.0,11365.0,92589.0,718391.0,1403736.0
