executor_p,solver_p,preconditioner_p,resolution,omp_threads,mpi_ranks,node,maxBlockSize,processes,innerReductionFactor,log_id,setup_time,run_time,number_iterations_p,number_iterations_U,init_linear_solve_p,linear_solve_p,init_linear_solve_U,linear_solve_U
#{'node_data': {'host': 'uc2n481.localdomain\n', 'top': ['top - 09:02:45 up 49 days, 13:09,  0 users,  load average: 0.23, 0.08, 0.12', 'Tasks: 1207 total,   1 running, 1206 sleeping,   0 stopped,   0 zombie', '%Cpu(s):  0.1 us,  0.1 sy,  0.0 ni, 99.8 id,  0.0 wa,  0.0 hi,  0.0 si,  0.0 st', 'MiB Mem : 386622.4 total, 361115.4 free,  20785.8 used,   4721.2 buff/cache', 'MiB Swap:      0.0 total,      0.0 free,      0.0 used. 363728.3 avail Mem ', '', '    PID USER      PR  NI    VIRT    RES    SHR S  %CPU  %MEM     TIME+ COMMAND', '2915153 nq7776    20   0   56924   5528   3552 R  17.6   0.0   0:00.04 top', '      1 root      20   0  319108   8384   4740 S   0.0   0.0   0:25.31 systemd', '      2 root      20   0       0      0      0 S   0.0   0.0   0:13.70 kthreadd', '      3 root       0 -20       0      0      0 I   0.0   0.0   0:00.00 rcu_gp', '      4 root       0 -20       0      0      0 I   0.0   0.0   0:00.00 rcu_par+', '      6 root       0 -20       0      0      0 I   0.0   0.0   0:00.00 kworker+', '     10 root       0 -20       0      0      0 I   0.0   0.0   0:00.00 mm_perc+', '     11 root      20   0       0      0      0 S   0.0   0.0   0:42.11 ksoftir+'], 'uptime': ' 09:02:45 up 49 days, 13:09,  0 users,  load average: 0.23, 0.08, 0.12\n', 'libOGL.so': 'f62bcec1d853280ae0d8bc728d666a3a  /home/kit/scc/nq7776/OpenFOAM/nq7776-8/platforms/linux64GccDPInt32Opt/lib/libOGL.so\n'}, 'OBR_REPORT_VERSION': '0.3.0', 'OBR_VERSION': '0.2.1'}
CUDA,CG,BJ,5,1,0,uc2n481.localdomain,16,1,None,10071709c0804e445e8a47ae6143e2da,0.931149,0.957033,315.0,135.0,209.0,972.0,728972.0,768756.0
CUDA,CG,BJ,5,1,0,uc2n481.localdomain,8,1,None,ef33bc221fa3997fa15c41fab84c916a,0.927324,0.966591,361.0,135.0,184.0,972.0,734406.0,778651.0
CUDA,CG,BJ,5,1,0,uc2n481.localdomain,2,1,None,4b1e8e9b3807e0135e1c17fe080b85d5,0.939876,0.974553,386.0,135.0,207.0,1081.0,738185.0,785168.0
CUDA,CG,BJ,5,1,0,uc2n481.localdomain,4,1,None,67eae0d9c64b40ce1b93c06a6af950bc,0.934244,0.972495,384.0,135.0,181.0,956.0,730855.0,777449.0
CUDA,CG,BJ,5,1,0,uc2n481.localdomain,1,1,None,660487b3d2b122dbf44193f297d66744,0.926252,0.974653,404.0,135.0,202.0,968.0,736527.0,784768.0
CUDA,BiCGStab,ILU,5,1,0,uc2n481.localdomain,None,1,None,71743a265513c4e9b921958e80c7c5d6,0.929337,0.958707,85.0,135.0,209.0,1005.0,735975.0,771199.0
CUDA,BiCGStab,NoPrecond,5,1,0,uc2n481.localdomain,None,1,None,a1537e1b9d745f18a6059ac28b4258d3,0.958386,1.011511,303.0,135.0,213.0,1006.0,749322.0,819371.0
CUDA,CG,NoPrecond,5,1,0,uc2n481.localdomain,None,1,None,cc01cba361a4fb3eaa72efd0f4d83065,0.918894,0.977162,441.0,135.0,189.0,961.0,740967.0,795152.0
CUDA,IR,NoPrecond,5,1,0,uc2n481.localdomain,None,1,0.1,602db71fcc663ff61bcf67651d2afad1,0.928381,1.015369,64.0,135.0,184.0,973.0,740784.0,832921.0
CUDA,IR,NoPrecond,5,1,0,uc2n481.localdomain,None,1,0.01,17c246c272b680611fd8d5ecadb031bb,0.924978,1.00969,36.0,135.0,208.0,987.0,738961.0,812304.0
CUDA,IR,NoPrecond,5,1,0,uc2n481.localdomain,None,1,0.05,f71f20989a2919698c961206c5db4363,0.934268,1.025516,51.0,135.0,207.0,962.0,753372.0,836100.0
CUDA,IR,NoPrecond,5,1,0,uc2n481.localdomain,None,1,0.001,6541bcd2de0c43cf9ff40ccd296c021b,0.920686,1.015484,26.0,135.0,205.0,1006.0,748345.0,826676.0
CUDA,CG,ILU,5,1,0,uc2n481.localdomain,None,1,None,5103c56cb7764b47f4536a088905d172,0.917879,0.949403,156.0,135.0,200.0,963.0,735723.0,767641.0
CUDA,BiCGStab,BJ,5,1,0,uc2n481.localdomain,None,1,None,9bcc5f14f23a7e3366276ec1c13ff7a8,0.911888,0.982024,196.0,135.0,190.0,962.0,744513.0,792388.0
CUDA,CG,BJ,15,1,0,uc2n481.localdomain,16,1,None,5e682e5722bd3ab319570ee260529c01,0.979311,1.20963,1590.0,135.0,2415.0,17372.0,785048.0,959871.0
CUDA,CG,BJ,15,1,0,uc2n481.localdomain,8,1,None,911c4fb8fec4ccd6b27d3a74f54506ff,0.993774,1.214577,1599.0,135.0,2495.0,17299.0,784350.0,962462.0
CUDA,CG,BJ,15,1,0,uc2n481.localdomain,2,1,None,8ec32a770ddc7bab980d61044d5624a9,0.982839,1.206053,1606.0,135.0,2477.0,17440.0,782147.0,957335.0
CUDA,CG,BJ,15,1,0,uc2n481.localdomain,4,1,None,27bea39fca779873b628da7d9a285db3,0.976968,1.198153,1593.0,135.0,2377.0,17234.0,775603.0,949366.0
CUDA,CG,BJ,15,1,0,uc2n481.localdomain,1,1,None,2570738d88d5cf00b264a2e7c4c793c5,0.990766,1.217139,1732.0,135.0,2312.0,16968.0,777720.0,966256.0
CUDA,BiCGStab,ILU,15,1,0,uc2n481.localdomain,None,1,None,256be3ecd968858806b7b5873e3ba839,0.9922,1.260394,434.0,135.0,2357.0,17345.0,793596.0,1008640.0
CUDA,BiCGStab,NoPrecond,15,1,0,uc2n481.localdomain,None,1,None,eb83185ac58daf501d2a661e3ff8ad83,1.016907,1.359437,1408.0,135.0,2446.0,17471.0,812041.0,1111864.0
CUDA,CG,NoPrecond,15,1,0,uc2n481.localdomain,None,1,None,b8109223687ddcefb261bad924c7bc41,1.004163,1.263581,1882.0,135.0,2471.0,17426.0,791756.0,1001110.0
CUDA,IR,NoPrecond,15,1,0,uc2n481.localdomain,None,1,0.1,70163599e89c043a831a784c254dbd76,1.027351,1.352119,82.0,135.0,2515.0,17242.0,817514.0,1092086.0
CUDA,IR,NoPrecond,15,1,0,uc2n481.localdomain,None,1,0.01,4b508366661c431cf57dc3b69ff8500e,0.990071,1.28826,43.0,135.0,2480.0,17405.0,790001.0,1028379.0
CUDA,IR,NoPrecond,15,1,0,uc2n481.localdomain,None,1,0.05,54f7652b967dcd3667068f3b28149d13,1.007212,1.328211,64.0,135.0,2492.0,17666.0,806959.0,1061670.0
CUDA,IR,NoPrecond,15,1,0,uc2n481.localdomain,None,1,0.001,b1f68bc9f786bcbc36bc3d2a50928f08,0.982324,1.293272,35.0,135.0,2427.0,17187.0,788280.0,1040461.0
CUDA,CG,ILU,15,1,0,uc2n481.localdomain,None,1,None,e3ddd52188a4fa734571b89112d3ddc2,0.97108,1.169243,592.0,135.0,2401.0,17111.0,776269.0,919206.0
CUDA,BiCGStab,BJ,15,1,0,uc2n481.localdomain,None,1,None,161485911501bc3c0200d5cba12dd41e,1.003418,1.284729,1072.0,135.0,2404.0,17514.0,805548.0,1033415.0
CUDA,CG,BJ,90,1,0,uc2n481.localdomain,16,1,None,e9f847d329f80c13b5f94c1e85690f1e,13.377719,29.946667,11043.0,135.0,781616.0,6514440.0,8663807.0,14102742.0
CUDA,CG,BJ,90,1,0,uc2n481.localdomain,8,1,None,461fc31e8df24e25314b3cda81474d16,13.39288,29.196637,11092.0,135.0,786765.0,6584554.0,8567603.0,13448102.0
CUDA,CG,BJ,90,1,0,uc2n481.localdomain,2,1,None,6892aff58c8c6bb58c621c4ef84df9c7,13.398852,28.98243,12051.0,135.0,771031.0,6462893.0,8583205.0,13344926.0
CUDA,CG,BJ,90,1,0,uc2n481.localdomain,4,1,None,d27c02fe0cd910a165bb7a9eea5fec16,13.388063,28.695769,11264.0,135.0,779046.0,6474960.0,8524909.0,13162401.0
CUDA,CG,BJ,90,1,0,uc2n481.localdomain,1,1,None,a97fb8e6f1a4b38e8b549a42a371a6b0,13.208806,29.399774,13195.0,135.0,777592.0,6492024.0,8558803.0,13631791.0
CUDA,BiCGStab,ILU,90,1,0,uc2n481.localdomain,None,1,None,8fdfe09c82b4a0b94a61388d9f531b5a,16.64057,59.988538,3216.0,135.0,774986.0,6526021.0,11905939.0,41714745.0
CUDA,BiCGStab,NoPrecond,90,1,0,uc2n481.localdomain,None,1,None,45fdc12b1642e0cbcb345ea27b698558,13.484888,32.323192,10486.0,135.0,792690.0,6583908.0,8833081.0,16166111.0
CUDA,CG,NoPrecond,90,1,0,uc2n481.localdomain,None,1,None,d85c08e6d38d7a489f1675bf70879f23,13.245202,29.205959,13372.0,135.0,776510.0,6535907.0,8516085.0,13529496.0
CUDA,IR,NoPrecond,90,1,0,uc2n481.localdomain,None,1,0.1,802c0948f856b92198b825d7fbc86feb,14.667149,32.244148,111.0,135.0,811691.0,6545426.0,9161147.0,15765242.0
CUDA,IR,NoPrecond,90,1,0,uc2n481.localdomain,None,1,0.01,5ba2eb714e24bfae44312216bd926f42,13.619236,30.136865,57.0,135.0,765252.0,6330485.0,8713810.0,14667096.0
CUDA,IR,NoPrecond,90,1,0,uc2n481.localdomain,None,1,0.05,dc88110f338e131755cbf3d95eb32915,13.472863,31.074409,90.0,135.0,768147.0,6381944.0,8725976.0,15330794.0
CUDA,IR,NoPrecond,90,1,0,uc2n481.localdomain,None,1,0.001,3362c1690ecec0f307fc13e280e57990,13.464508,30.147787,39.0,135.0,779427.0,6508292.0,8767277.0,14393682.0
CUDA,CG,ILU,90,1,0,uc2n481.localdomain,None,1,None,eafc629e63a6ac352699a6b2f6967b00,15.37408,48.337218,4244.0,135.0,783027.0,6710585.0,10633584.0,30538997.0
CUDA,BiCGStab,BJ,90,1,0,uc2n481.localdomain,None,1,None,e8588e8d5c4125926531eaa1acb4fdca,14.491949,32.723854,8094.0,135.0,792266.0,6496039.0,9014289.0,16580668.0
CUDA,CG,BJ,75,1,0,uc2n481.localdomain,16,1,None,8a6cbd6cebcefebb2cad05005445cb50,8.009399,16.939814,8577.0,135.0,436298.0,3642848.0,5182497.0,7976493.0
CUDA,CG,BJ,75,1,0,uc2n481.localdomain,8,1,None,c4f783ca68c9602e3488af653901455a,7.975231,16.669947,8598.0,135.0,442639.0,3700185.0,5167143.0,7705963.0
CUDA,CG,BJ,75,1,0,uc2n481.localdomain,2,1,None,199bd2db227481ea43a4997e50d5c5b3,7.931069,16.488045,8911.0,135.0,440427.0,3701089.0,5116064.0,7516233.0
CUDA,CG,BJ,75,1,0,uc2n481.localdomain,4,1,None,3368398f480d4c81946150d81e431fee,7.956483,16.549942,8665.0,135.0,448402.0,3745440.0,5108072.0,7530437.0
CUDA,CG,BJ,75,1,0,uc2n481.localdomain,1,1,None,40dce0b41e0b9834424f4e81233a390e,7.947511,16.701833,10180.0,135.0,434970.0,3618670.0,5137209.0,7773621.0
CUDA,BiCGStab,ILU,75,1,0,uc2n481.localdomain,None,1,None,36a285dd862ef60252ade5988502cb10,9.451781,30.739134,2458.0,135.0,432860.0,3628076.0,6720655.0,20337281.0
CUDA,BiCGStab,NoPrecond,75,1,0,uc2n481.localdomain,None,1,None,5004ab751b28e620cf4774619ae09ab4,8.024085,18.346794,8124.0,135.0,440614.0,3651164.0,5298195.0,9195043.0
CUDA,CG,NoPrecond,75,1,0,uc2n481.localdomain,None,1,None,59e6954af9694cba181e62d6e2299104,7.881538,16.62914,10348.0,135.0,438925.0,3666572.0,5084833.0,7673809.0
CUDA,IR,NoPrecond,75,1,0,uc2n481.localdomain,None,1,0.1,3235b89286548f4704c2a721eec4d08c,8.013835,17.827044,105.0,135.0,441935.0,3707561.0,5267157.0,8643266.0
CUDA,IR,NoPrecond,75,1,0,uc2n481.localdomain,None,1,0.01,9001b0d140871805a16aed08b4e984c4,8.027818,17.629314,56.0,135.0,441906.0,3671091.0,5223900.0,8530143.0
CUDA,IR,NoPrecond,75,1,0,uc2n481.localdomain,None,1,0.05,ad7ef9b5e23abb91747da247407bda91,7.972887,17.512656,82.0,135.0,441990.0,3651306.0,5197875.0,8520934.0
CUDA,IR,NoPrecond,75,1,0,uc2n481.localdomain,None,1,0.001,eb4f861a48c1a491a4d620fc6115d0d6,7.971526,17.362067,38.0,135.0,439752.0,3684507.0,5221990.0,8323846.0
CUDA,CG,ILU,75,1,0,uc2n481.localdomain,None,1,None,51fecb52ff9c2ec69172b8f8bfb528b4,8.901478,25.103765,3279.0,135.0,440307.0,3692060.0,6111695.0,15284893.0
CUDA,BiCGStab,BJ,75,1,0,uc2n481.localdomain,None,1,None,972b4e4da835e36d5debffad1688ae95,8.131606,18.758576,6713.0,135.0,444379.0,3717432.0,5374413.0,9505019.0
CUDA,CG,BJ,40,1,0,uc2n481.localdomain,16,1,None,bbb030fda5b2dbc6e6d27ba9ae9f0fbd,1.932358,3.27336,4503.0,135.0,52998.0,430250.0,1384285.0,1951944.0
CUDA,CG,BJ,40,1,0,uc2n481.localdomain,8,1,None,9b8d90f6ad3db8e308734b783edee027,1.911931,3.246576,4477.0,135.0,54092.0,433996.0,1379823.0,1916042.0
CUDA,CG,BJ,40,1,0,uc2n481.localdomain,2,1,None,3e0070c97a6040e25b4e26de18abf6c5,1.919298,3.331225,4861.0,135.0,54191.0,437151.0,1388106.0,1984319.0
CUDA,CG,BJ,40,1,0,uc2n481.localdomain,4,1,None,155706fcb7d006fb3bc4a33298e1cd48,1.899918,3.288095,4613.0,135.0,53662.0,431145.0,1383337.0,1957026.0
CUDA,CG,BJ,40,1,0,uc2n481.localdomain,1,1,None,e1318aab6003d6947fb6c52e6ac0aaa8,1.920398,3.364175,5305.0,135.0,53124.0,429923.0,1387145.0,2031963.0
CUDA,BiCGStab,ILU,40,1,0,uc2n481.localdomain,None,1,None,c10cadd84c5af21b923439c6c3b01fed,2.075421,4.449527,1207.0,135.0,52473.0,424919.0,1541838.0,3092900.0
CUDA,BiCGStab,NoPrecond,40,1,0,uc2n481.localdomain,None,1,None,8216bc9b61dc0d5ed67813fa4e467424,1.961535,3.492677,3336.0,135.0,52066.0,431067.0,1418906.0,2176211.0
CUDA,CG,NoPrecond,40,1,0,uc2n481.localdomain,None,1,None,fdb79bdb6295ec9da7608520e9b9adad,1.919569,3.393338,5440.0,135.0,53437.0,436844.0,1378280.0,2038079.0
CUDA,IR,NoPrecond,40,1,0,uc2n481.localdomain,None,1,0.1,34fa19c3e6988390f083274a8e12a95f,1.96853,3.553079,91.0,135.0,53491.0,434784.0,1426818.0,2200566.0
CUDA,IR,NoPrecond,40,1,0,uc2n481.localdomain,None,1,0.01,7eeef68e43589cd3a6f8edde86bf2650,1.932557,3.438106,50.0,135.0,52989.0,429769.0,1387863.0,2100783.0
CUDA,IR,NoPrecond,40,1,0,uc2n481.localdomain,None,1,0.05,64f3ffa430a8b87574402eab4fad8af5,1.931313,3.472267,72.0,135.0,53344.0,427713.0,1390455.0,2142495.0
CUDA,IR,NoPrecond,40,1,0,uc2n481.localdomain,None,1,0.001,3b962c9bf32a725037af04b0162cd34d,1.937328,3.470289,37.0,135.0,52899.0,431358.0,1386311.0,2114442.0
CUDA,CG,ILU,40,1,0,uc2n481.localdomain,None,1,None,1d4b7db000df9a61a22c7a57db543145,2.016236,4.01736,1739.0,135.0,53155.0,435688.0,1477357.0,2612715.0
CUDA,BiCGStab,BJ,40,1,0,uc2n481.localdomain,None,1,None,7972f2b988374ea7f756e8ca0da373d2,1.954344,3.373863,2682.0,135.0,53391.0,431597.0,1416728.0,2061895.0
CUDA,CG,BJ,25,1,0,uc2n481.localdomain,16,1,None,e571be4db9d7a43633e273836d4c15a3,1.17986,1.667426,2820.0,135.0,11423.0,89361.0,915266.0,1235326.0
CUDA,CG,BJ,25,1,0,uc2n481.localdomain,8,1,None,bd12003736cb567639eff723576fe132,1.180688,1.679717,2823.0,135.0,11273.0,89589.0,920258.0,1241872.0
CUDA,CG,BJ,25,1,0,uc2n481.localdomain,2,1,None,f9719fa059397067bbd8a44455e48f7e,1.183839,1.693242,2839.0,135.0,11640.0,89913.0,929182.0,1251957.0
CUDA,CG,BJ,25,1,0,uc2n481.localdomain,4,1,None,0a1a66ea90e3d2293feafbca7f171ef1,1.181389,1.690949,2799.0,135.0,11409.0,90364.0,930239.0,1249122.0
CUDA,CG,BJ,25,1,0,uc2n481.localdomain,1,1,None,d7f54f639864e372ba0c754f3baad4c1,1.173367,1.731467,3120.0,135.0,11425.0,90599.0,924261.0,1284066.0
CUDA,BiCGStab,ILU,25,1,0,uc2n481.localdomain,None,1,None,d019fad31e875a77b8025da42c0ee96f,1.212079,1.920034,745.0,135.0,11402.0,90646.0,957779.0,1450841.0
CUDA,BiCGStab,NoPrecond,25,1,0,uc2n481.localdomain,None,1,None,aac1314d96e96d722f885047bfe8856a,1.22761,1.964641,2530.0,135.0,11190.0,89114.0,960104.0,1514579.0
CUDA,CG,NoPrecond,25,1,0,uc2n481.localdomain,None,1,None,70ad69ec05f54d4af45a8d8380440157,1.173158,1.735049,3249.0,135.0,11377.0,88110.0,918237.0,1291545.0
CUDA,IR,NoPrecond,25,1,0,uc2n481.localdomain,None,1,0.1,39db65ebc98c426a3a4c0f1c91203578,1.193444,1.818114,85.0,135.0,11373.0,88264.0,934857.0,1370990.0
CUDA,IR,NoPrecond,25,1,0,uc2n481.localdomain,None,1,0.01,4b549b9cee2872a0714bea31cd423735,1.195654,1.78439,46.0,135.0,11172.0,88888.0,926696.0,1338716.0
CUDA,IR,NoPrecond,25,1,0,uc2n481.localdomain,None,1,0.05,c93f4a787d5877219fe2536153ca601a,1.195854,1.804248,67.0,135.0,11460.0,90550.0,942413.0,1355136.0
CUDA,IR,NoPrecond,25,1,0,uc2n481.localdomain,None,1,0.001,25820bfee8a22be0327c7ce506dd68a8,1.178115,1.83316,37.0,135.0,11735.0,91024.0,930980.0,1373132.0
CUDA,CG,ILU,25,1,0,uc2n481.localdomain,None,1,None,5bf42734cdfa8f94c35f78fc3ad333ab,1.189631,1.743537,1032.0,135.0,11538.0,93930.0,935400.0,1293106.0
CUDA,BiCGStab,BJ,25,1,0,uc2n481.localdomain,None,1,None,8162c28b29d24dea7548e9cc890c72ad,1.197958,1.776343,1902.0,135.0,11327.0,88940.0,933549.0,1349130.0
CUDA,CG,BJ,65,1,0,uc2n481.localdomain,16,1,None,9c0a131627852bb79929b20d350bc39f,5.539232,11.334427,7507.0,135.0,275145.0,2310090.0,3666155.0,5467154.0
CUDA,CG,BJ,65,1,0,uc2n481.localdomain,8,1,None,ea0f9430ff6aa1bb23af00c415551176,5.532197,11.278598,7799.0,135.0,277783.0,2323010.0,3658734.0,5388313.0
CUDA,CG,BJ,65,1,0,uc2n481.localdomain,2,1,None,75214474315f410655bd9ec90a1154d3,5.511118,10.961808,7652.0,135.0,274825.0,2284694.0,3609649.0,5145775.0
CUDA,CG,BJ,65,1,0,uc2n481.localdomain,4,1,None,bf1605e54d66e779f3cc7e752d5d8537,5.522815,11.01205,7490.0,135.0,274894.0,2288482.0,3614623.0,5180105.0
CUDA,CG,BJ,65,1,0,uc2n481.localdomain,1,1,None,8dcd31fdd056cf97ac4cc9d15689cf0b,5.504374,11.194629,9007.0,135.0,277187.0,2312453.0,3588428.0,5312639.0
CUDA,BiCGStab,ILU,65,1,0,uc2n481.localdomain,None,1,None,aac9486e1480951b8eabeffaeafb584b,6.422847,18.671439,1985.0,135.0,273602.0,2292839.0,4503870.0,11993427.0
CUDA,BiCGStab,NoPrecond,65,1,0,uc2n481.localdomain,None,1,None,4c7f997eba4901f0152be0acfa7c78e0,5.616765,12.489616,7293.0,135.0,279659.0,2339216.0,3742879.0,6449704.0
CUDA,CG,NoPrecond,65,1,0,uc2n481.localdomain,None,1,None,13c533d2e28f3816ae3650340a3968b0,5.488825,11.277805,9223.0,135.0,280806.0,2340910.0,3595511.0,5329529.0
CUDA,IR,NoPrecond,65,1,0,uc2n481.localdomain,None,1,0.1,5fc839068ff12699d11af560a339cd63,5.638933,11.83238,100.0,135.0,274883.0,2297934.0,3722409.0,5932437.0
CUDA,IR,NoPrecond,65,1,0,uc2n481.localdomain,None,1,0.01,7875acc3a934d62414574d5eb58f7cee,5.552237,11.700578,56.0,135.0,276618.0,2297707.0,3641486.0,5807667.0
CUDA,IR,NoPrecond,65,1,0,uc2n481.localdomain,None,1,0.05,ff7cae213fadf3ea00a7b50e36918c8e,5.558829,11.820954,80.0,135.0,276632.0,2284479.0,3674099.0,5924004.0
CUDA,IR,NoPrecond,65,1,0,uc2n481.localdomain,None,1,0.001,a018ad992f21aabad7ab8695262f4db6,5.571913,11.765162,38.0,135.0,283097.0,2340965.0,3698825.0,5746326.0
CUDA,CG,ILU,65,1,0,uc2n481.localdomain,None,1,None,1a818760b6edc9c2106dc4df125d38de,6.128021,15.939165,2817.0,135.0,279922.0,2311402.0,4197469.0,9561983.0
CUDA,BiCGStab,BJ,65,1,0,uc2n481.localdomain,None,1,None,32851c4715d76cb46fa0833baa64cb5b,5.646449,12.348483,5573.0,135.0,280672.0,2343418.0,3750885.0,6300692.0
CUDA,CG,BJ,95,1,0,uc2n481.localdomain,16,1,None,3182382f8877b04d1f2da3f15734a529,15.742196,35.511672,12031.0,135.0,915916.0,7734192.0,10222408.0,16949505.0
CUDA,CG,BJ,95,1,0,uc2n481.localdomain,8,1,None,a8c805d38044317455295fc081a0eab6,15.74051,34.654921,12030.0,135.0,917216.0,7712555.0,10091189.0,16103044.0
CUDA,CG,BJ,95,1,0,uc2n481.localdomain,2,1,None,685cb5bb4b0d1ea5c625fdcd138ef79a,15.66092,34.037751,12349.0,135.0,915076.0,7700842.0,9989333.0,15534368.0
CUDA,CG,BJ,95,1,0,uc2n481.localdomain,4,1,None,ae0a9862f0d150b85114e649fb2f9f39,15.788383,34.357978,11998.0,135.0,923986.0,7782163.0,10064805.0,15665142.0
CUDA,CG,BJ,95,1,0,uc2n481.localdomain,1,1,None,b0347c2c873c69174a3aadc1d86ed54a,15.664596,34.549593,14063.0,135.0,903454.0,7609603.0,10016346.0,16111491.0
CUDA,BiCGStab,ILU,95,1,0,uc2n481.localdomain,None,1,None,6146a7a52b37c8dccb62b6e3300b0664,20.031837,70.363133,3101.0,135.0,922882.0,7738471.0,14396639.0,47778342.0
CUDA,BiCGStab,NoPrecond,95,1,0,uc2n481.localdomain,None,1,None,bca3917b4533e76b24633a3f76cfb76b,16.036528,38.474474,11512.0,135.0,915162.0,7762924.0,10364411.0,19447099.0
CUDA,CG,NoPrecond,95,1,0,uc2n481.localdomain,None,1,None,4e1fd32315a67f90bb46b115409b8205,15.686348,34.665646,14244.0,135.0,923229.0,7764961.0,9943058.0,15983766.0
CUDA,IR,NoPrecond,95,1,0,uc2n481.localdomain,None,1,0.1,43484ced39763f5d196211fc98b37c11,15.922758,37.356853,109.0,135.0,928558.0,7802745.0,10279642.0,18306602.0
CUDA,IR,NoPrecond,95,1,0,uc2n481.localdomain,None,1,0.01,1bcabf59f7f93ee7e83593692fc825e8,15.852764,36.328855,55.0,135.0,913600.0,7735574.0,10214702.0,17517024.0
CUDA,IR,NoPrecond,95,1,0,uc2n481.localdomain,None,1,0.05,cb3d6bf3e729b18cf92bbb6a30b7f68b,15.8624,37.274142,90.0,135.0,915679.0,7730772.0,10210809.0,18314843.0
CUDA,IR,NoPrecond,95,1,0,uc2n481.localdomain,None,1,0.001,a1d2caa748fbe78a9c6d4dc59f10f630,15.826973,35.692518,37.0,135.0,917045.0,7724307.0,10162986.0,16904078.0
CUDA,CG,ILU,95,1,0,uc2n481.localdomain,None,1,None,66a99dc95e9a159bd9c706806ab789d2,18.363617,58.62765,4508.0,135.0,917967.0,7768723.0,12749127.0,37591713.0
CUDA,BiCGStab,BJ,95,1,0,uc2n481.localdomain,None,1,None,32784e4a2f1449314de40774d2aec6b7,16.262226,39.267474,8788.0,135.0,924917.0,7831338.0,10687639.0,19914892.0
CUDA,CG,BJ,30,1,0,uc2n481.localdomain,16,1,None,0f87bee2b3025369f5f1d672aff10e8d,1.339438,2.065871,3364.0,135.0,19916.0,166189.0,1024724.0,1419338.0
CUDA,CG,BJ,30,1,0,uc2n481.localdomain,8,1,None,ce559d985f5695da5a4cbf7a6e814b69,1.340245,2.065307,3367.0,135.0,20275.0,169637.0,1027267.0,1416473.0
CUDA,CG,BJ,30,1,0,uc2n481.localdomain,2,1,None,9790bc26c00f96ba0d1c0336557496b4,1.355531,2.111623,3581.0,135.0,20083.0,168263.0,1031791.0,1457118.0
CUDA,CG,BJ,30,1,0,uc2n481.localdomain,4,1,None,801a9065029fdb71e6b080e9bfeee6d6,1.336675,2.073797,3409.0,135.0,19950.0,168337.0,1024037.0,1425498.0
CUDA,CG,BJ,30,1,0,uc2n481.localdomain,1,1,None,3a0e44987ff8a5a8519067a05076ad52,1.345899,2.123551,3908.0,135.0,19889.0,163487.0,1021272.0,1479440.0
CUDA,BiCGStab,ILU,30,1,0,uc2n481.localdomain,None,1,None,1a7572b010c16479f01ac274af55c2a5,1.427388,2.559905,948.0,135.0,19686.0,160558.0,1087636.0,1905230.0
CUDA,BiCGStab,NoPrecond,30,1,0,uc2n481.localdomain,None,1,None,c352ecc1138e8f156cf2038e01bfa3e9,1.388157,2.362221,2869.0,135.0,20113.0,162287.0,1074550.0,1720718.0
CUDA,CG,NoPrecond,30,1,0,uc2n481.localdomain,None,1,None,72980a599621d4557ea62420b312cfd6,1.345943,2.1624,4069.0,135.0,20419.0,163665.0,1028121.0,1504525.0
CUDA,IR,NoPrecond,30,1,0,uc2n481.localdomain,None,1,0.1,16c00c285547eff1fedb5cc54b828cfc,1.364809,2.22803,87.0,135.0,20053.0,160884.0,1037459.0,1568941.0
CUDA,IR,NoPrecond,30,1,0,uc2n481.localdomain,None,1,0.01,4f7a7a87c0ec2432f07126d1fa9388c4,1.375024,2.197644,49.0,135.0,19769.0,159027.0,1047887.0,1554866.0
CUDA,IR,NoPrecond,30,1,0,uc2n481.localdomain,None,1,0.05,b38b239ec02a7c414ac5e3b2edab45f8,1.36349,2.242256,69.0,135.0,20289.0,162932.0,1056838.0,1583065.0
CUDA,IR,NoPrecond,30,1,0,uc2n481.localdomain,None,1,0.001,a3234247f8856361b947ba0f62128bcb,1.371894,2.264406,38.0,135.0,20218.0,165600.0,1053141.0,1594649.0
CUDA,CG,ILU,30,1,0,uc2n481.localdomain,None,1,None,d35b8c10ec35b0b7e793c23a9c8cec08,1.377113,2.285091,1276.0,135.0,20215.0,163748.0,1056013.0,1619042.0
CUDA,BiCGStab,BJ,30,1,0,uc2n481.localdomain,None,1,None,00c77fd3d0077f6e8b1d99639bb5d8d7,1.369054,2.234877,2406.0,135.0,20082.0,161892.0,1038329.0,1583998.0
CUDA,CG,BJ,70,1,0,uc2n481.localdomain,16,1,None,ac81bc7ea4370b9d2559767ec4f3ce74,6.770678,14.230417,8337.0,135.0,364924.0,2990951.0,4373704.0,6730847.0
CUDA,CG,BJ,70,1,0,uc2n481.localdomain,8,1,None,5ab66aab6be63be10c7e6d30f79a524f,6.630316,13.943078,8374.0,135.0,369529.0,3072177.0,4321078.0,6470867.0
CUDA,CG,BJ,70,1,0,uc2n481.localdomain,2,1,None,935cbe23639cd5916a57adf0e67df81d,6.588635,13.716575,8975.0,135.0,363376.0,3027057.0,4304723.0,6378821.0
CUDA,CG,BJ,70,1,0,uc2n481.localdomain,4,1,None,0778c1b9d37f121cdf900f9d942107d8,6.589308,13.830394,8541.0,135.0,368106.0,3083045.0,4299929.0,6359256.0
CUDA,CG,BJ,70,1,0,uc2n481.localdomain,1,1,None,5dd67937030ed73acc3f317b9fc3e3f7,6.614687,13.835081,9824.0,135.0,363928.0,3032047.0,4267801.0,6441287.0
CUDA,BiCGStab,ILU,70,1,0,uc2n481.localdomain,None,1,None,ea95b1a90b50b7410e8afddd968401f9,7.829929,24.801121,2349.0,135.0,361683.0,3017666.0,5460547.0,16325572.0
CUDA,BiCGStab,NoPrecond,70,1,0,uc2n481.localdomain,None,1,None,4ad6cc1605185e3037dbc016c5065e07,6.781112,15.151185,7738.0,135.0,361011.0,3011442.0,4416239.0,7638549.0
CUDA,CG,NoPrecond,70,1,0,uc2n481.localdomain,None,1,None,274961cb7948e82ed58961803cd19642,6.546794,13.803727,10009.0,135.0,365412.0,3046252.0,4265603.0,6401909.0
CUDA,IR,NoPrecond,70,1,0,uc2n481.localdomain,None,1,0.1,b0be072a25f12e963f91e59280eef85a,6.689614,14.57174,101.0,135.0,359665.0,3015038.0,4371251.0,7126600.0
CUDA,IR,NoPrecond,70,1,0,uc2n481.localdomain,None,1,0.01,4fafb9b4b59f8c21e4668a89cc9bc5b5,6.740502,14.578276,56.0,135.0,359859.0,3018823.0,4428516.0,7139634.0
CUDA,IR,NoPrecond,70,1,0,uc2n481.localdomain,None,1,0.05,f87b5721ec473e2fa01f0ad0fadfec39,6.68937,14.569558,79.0,135.0,361136.0,3022713.0,4351859.0,7109464.0
CUDA,IR,NoPrecond,70,1,0,uc2n481.localdomain,None,1,0.001,dfe39fe4f0955dc51431a4fa04a46d92,6.768783,14.339827,38.0,135.0,363213.0,3039908.0,4380333.0,6923569.0
CUDA,CG,ILU,70,1,0,uc2n481.localdomain,None,1,None,b90db866d459eb2b383ccf1c7786a164,7.345755,20.674994,3174.0,135.0,368088.0,3093547.0,5079666.0,12469798.0
CUDA,BiCGStab,BJ,70,1,0,uc2n481.localdomain,None,1,None,a1780944b965e43a30b5ca5dd3c3c304,6.821226,15.310757,6245.0,135.0,364211.0,3013560.0,4487866.0,7845700.0
CUDA,CG,BJ,100,1,0,uc2n481.localdomain,16,1,None,7281e6374e4f18d5cec9d81be19d4248,17.928575,41.519521,12032.0,135.0,1086104.0,9525198.0,11745359.0,19426194.0
CUDA,CG,BJ,100,1,0,uc2n481.localdomain,8,1,None,5d8248e845f54d4923c1285b55058fb5,17.947748,40.702925,12151.0,135.0,1081329.0,9499038.0,11753006.0,18633380.0
CUDA,CG,BJ,100,1,0,uc2n481.localdomain,2,1,None,d93fea03736761e4577be07a76b740fb,17.937751,40.351229,13220.0,135.0,1106233.0,9321224.0,11724066.0,18411381.0
CUDA,CG,BJ,100,1,0,uc2n481.localdomain,4,1,None,4f741979dc40c0069a36809897db0610,18.088341,39.492429,12533.0,135.0,1075599.0,9081925.0,11669126.0,18249024.0
CUDA,CG,BJ,100,1,0,uc2n481.localdomain,1,1,None,2592f372827f617060c296501b11c5f4,17.885436,41.034263,14481.0,135.0,1096824.0,9626869.0,11627360.0,18698762.0
CUDA,BiCGStab,ILU,100,1,0,uc2n481.localdomain,None,1,None,dbc6ef8ce2ab397d7549dedc4bf7aecb,23.284102,86.662324,3387.0,135.0,1063821.0,9362067.0,16994716.0,60172976.0
CUDA,BiCGStab,NoPrecond,100,1,0,uc2n481.localdomain,None,1,None,35953a92ce8241c012eb25ff4f0ddd73,18.355055,45.115428,11465.0,135.0,1116670.0,9733289.0,11980689.0,22246731.0
CUDA,CG,NoPrecond,100,1,0,uc2n481.localdomain,None,1,None,71b49400d571202a7e89d807bf5ee9a7,17.800864,41.08139,14597.0,135.0,1107577.0,9686571.0,11593556.0,18609732.0
CUDA,IR,NoPrecond,100,1,0,uc2n481.localdomain,None,1,0.1,d7e9ae8594fcc1f8c5f05bf177bf72e8,18.051401,43.843335,105.0,135.0,1111338.0,9754631.0,11826221.0,21043491.0
CUDA,IR,NoPrecond,100,1,0,uc2n481.localdomain,None,1,0.01,e32be979ebfda1bc9e28d4e32506785f,17.826024,42.879764,54.0,135.0,1076566.0,9448407.0,11692458.0,20600889.0
CUDA,IR,NoPrecond,100,1,0,uc2n481.localdomain,None,1,0.05,7428ab8ce5e05d5113a00c63a11bff95,18.135759,43.126896,79.0,135.0,1108708.0,9725839.0,11850967.0,20418682.0
CUDA,IR,NoPrecond,100,1,0,uc2n481.localdomain,None,1,0.001,bff7b9ecd44a8b272b4d86b2071c81bd,17.954962,42.091725,36.0,135.0,1091958.0,9567217.0,11693186.0,19704405.0
CUDA,CG,ILU,100,1,0,uc2n481.localdomain,None,1,None,8d06676174eea7be66ba883bd21597c0,21.316672,70.241281,4654.0,135.0,1109302.0,9301745.0,15046420.0,45287721.0
CUDA,BiCGStab,BJ,100,1,0,uc2n481.localdomain,None,1,None,7d554b326fd98b5be618881156ac96e7,18.401127,45.532761,8877.0,135.0,1107283.0,9393404.0,12200313.0,23022468.0
CUDA,CG,BJ,80,1,0,uc2n481.localdomain,16,1,None,bae637353eadb6ed9c78c3676edc3b20,9.391836,20.379382,9462.0,135.0,537550.0,4520573.0,6120439.0,9716021.0
CUDA,CG,BJ,80,1,0,uc2n481.localdomain,8,1,None,f421d2e3a16ec4ecd5ea678d12c08d9f,9.370863,20.115061,9607.0,135.0,549911.0,4516870.0,6156175.0,9432551.0
CUDA,CG,BJ,80,1,0,uc2n481.localdomain,2,1,None,834f83a7d5c29ab1d4f1f615add3cd13,9.396059,20.048103,10439.0,135.0,531048.0,4496728.0,6112419.0,9345100.0
CUDA,CG,BJ,80,1,0,uc2n481.localdomain,4,1,None,3fcfe641ed26e7388b7fc672b84e48d1,9.413813,20.177937,9889.0,135.0,542528.0,4622163.0,6111039.0,9295765.0
CUDA,CG,BJ,80,1,0,uc2n481.localdomain,1,1,None,02b8f136ed896b79c988a3ca200a774c,9.328998,20.234638,11429.0,135.0,531510.0,4517771.0,6097409.0,9499506.0
CUDA,BiCGStab,ILU,80,1,0,uc2n481.localdomain,None,1,None,cd13e56c75c2d8a1dec66315f329f1b3,11.37047,38.900279,2748.0,135.0,534612.0,4536842.0,8097176.0,26320737.0
CUDA,BiCGStab,NoPrecond,80,1,0,uc2n481.localdomain,None,1,None,c111a7894a314b4b3216a1b8725b69ca,9.611364,21.562334,7633.0,135.0,539796.0,4572414.0,6259518.0,10391276.0
CUDA,CG,NoPrecond,80,1,0,uc2n481.localdomain,None,1,None,a2b38cab8f6e38734db7da989ab1c8b8,9.380461,20.433132,11532.0,135.0,547766.0,4619056.0,6121886.0,9494082.0
CUDA,IR,NoPrecond,80,1,0,uc2n481.localdomain,None,1,0.1,993eab23be3ce849a31dfa2b9dfb0092,9.47367,21.480365,106.0,135.0,536975.0,4518721.0,6267971.0,10675154.0
CUDA,IR,NoPrecond,80,1,0,uc2n481.localdomain,None,1,0.01,271016b2076bbfac69763574fec510a3,9.536475,21.375806,57.0,135.0,535238.0,4509357.0,6203274.0,10391281.0
CUDA,IR,NoPrecond,80,1,0,uc2n481.localdomain,None,1,0.05,d65dd67086619033db54d9c666b402b5,9.511125,21.254936,84.0,135.0,536187.0,4496864.0,6202908.0,10424585.0
CUDA,IR,NoPrecond,80,1,0,uc2n481.localdomain,None,1,0.001,173f8a807e7cfb7e34e3310b264a77f7,9.493379,20.879754,39.0,135.0,536829.0,4503107.0,6218231.0,10097684.0
CUDA,CG,ILU,80,1,0,uc2n481.localdomain,None,1,None,0e0819eb9fbda710563e888ce64107ad,10.744186,31.162581,3679.0,135.0,539951.0,4562328.0,7394057.0,19702615.0
CUDA,BiCGStab,BJ,80,1,0,uc2n481.localdomain,None,1,None,b4f7b10960d375c05c98bcc59c60cb85,9.731042,22.773543,7367.0,135.0,539367.0,4539059.0,6356996.0,11631082.0
CUDA,CG,BJ,85,1,0,uc2n481.localdomain,16,1,None,e40f4ba15cd00920126ac2d0d24e3c5c,11.458998,25.091897,10301.0,135.0,648323.0,5449446.0,7409066.0,11857084.0
CUDA,CG,BJ,85,1,0,uc2n481.localdomain,8,1,None,b887a41669cce1c51a6a81b1ebaa4d8e,11.426492,24.768049,10322.0,135.0,655330.0,5542168.0,7348111.0,11371777.0
CUDA,CG,BJ,85,1,0,uc2n481.localdomain,2,1,None,b68303c73a84bb7ba005dd404d99f69d,11.4128,24.551488,10775.0,135.0,655894.0,5547426.0,7350296.0,11145932.0
CUDA,CG,BJ,85,1,0,uc2n481.localdomain,4,1,None,03596050ef295118f35ef9baae063b22,11.395532,24.455768,10416.0,135.0,650629.0,5485119.0,7349731.0,11155502.0
CUDA,CG,BJ,85,1,0,uc2n481.localdomain,1,1,None,53ea64074cbdbdab414efb3b8f7afd82,11.315978,24.563104,12322.0,135.0,637685.0,5373782.0,7283367.0,11464893.0
CUDA,BiCGStab,ILU,85,1,0,uc2n481.localdomain,None,1,None,bf2a38c4be855289de671de11ee8decc,14.243994,49.828467,3073.0,135.0,650744.0,5396479.0,10174184.0,34213337.0
CUDA,BiCGStab,NoPrecond,85,1,0,uc2n481.localdomain,None,1,None,edbcf881a7f070b618ca747cab68f224,11.59895,27.125099,9748.0,135.0,648710.0,5452815.0,7571491.0,13599590.0
CUDA,CG,NoPrecond,85,1,0,uc2n481.localdomain,None,1,None,1780f030362fcfe779520938543790ed,11.447369,24.521309,12486.0,135.0,644693.0,5365583.0,7289754.0,11446904.0
CUDA,IR,NoPrecond,85,1,0,uc2n481.localdomain,None,1,0.1,933d8148664837d0259265285c5eff71,11.634941,26.484926,110.0,135.0,663304.0,5526993.0,7498968.0,12939128.0
CUDA,IR,NoPrecond,85,1,0,uc2n481.localdomain,None,1,0.01,daba5da1dc6212051df90839332714d7,11.587771,25.73901,57.0,135.0,645806.0,5418198.0,7461001.0,12475512.0
CUDA,IR,NoPrecond,85,1,0,uc2n481.localdomain,None,1,0.05,e3b9e4d8e25de006571c9452d9a237f9,11.434316,25.93449,86.0,135.0,646267.0,5437188.0,7433693.0,12632042.0
CUDA,IR,NoPrecond,85,1,0,uc2n481.localdomain,None,1,0.001,aca6cf50d7a373d59613418d03086643,11.582226,25.582253,39.0,135.0,654029.0,5480494.0,7499770.0,12164279.0
CUDA,CG,ILU,85,1,0,uc2n481.localdomain,None,1,None,cbdd93b220af9607765df8dee1cf1655,13.144935,39.550241,3976.0,135.0,645309.0,5415773.0,9022512.0,24807002.0
CUDA,BiCGStab,BJ,85,1,0,uc2n481.localdomain,None,1,None,9bb285b680db26a1a066e83c078aa562,11.703908,27.428779,7797.0,135.0,642966.0,5384410.0,7614612.0,13976826.0
CUDA,CG,BJ,10,1,0,uc2n481.localdomain,16,1,None,fbcff94aa889aa8f853a1300ff6c168e,0.936657,1.049214,875.0,135.0,889.0,5359.0,760638.0,858836.0
CUDA,CG,BJ,10,1,0,uc2n481.localdomain,8,1,None,8385397e6b780eacd34da9b6c0017c3e,0.939385,1.054849,970.0,135.0,886.0,5458.0,757253.0,866503.0
CUDA,CG,BJ,10,1,0,uc2n481.localdomain,2,1,None,b2b26feee1c6453e15570d7b72dfae50,0.944551,1.070234,1016.0,135.0,806.0,5200.0,763728.0,876918.0
CUDA,CG,BJ,10,1,0,uc2n481.localdomain,4,1,None,49011e710fd4941e4e9f0d77bbc7925b,0.938026,1.067685,991.0,135.0,795.0,5234.0,767430.0,877067.0
CUDA,CG,BJ,10,1,0,uc2n481.localdomain,1,1,None,990de6a27da81ae22f1e19c64f3f5095,0.93847,1.088569,1086.0,135.0,866.0,5472.0,771187.0,894554.0
CUDA,BiCGStab,ILU,10,1,0,uc2n481.localdomain,None,1,None,775fe12425c5043012c5a42f6cdbea05,0.943057,1.042004,216.0,135.0,890.0,5411.0,764762.0,855833.0
CUDA,BiCGStab,NoPrecond,10,1,0,uc2n481.localdomain,None,1,None,0011dc5c1702aa0ca2b45d56d2e6bc64,0.957348,1.145392,817.0,135.0,790.0,5285.0,779755.0,952338.0
CUDA,CG,NoPrecond,10,1,0,uc2n481.localdomain,None,1,None,e9f4f195df75cddc4d461f751d97b4c6,0.938184,1.097134,1206.0,135.0,902.0,5408.0,766941.0,903441.0
CUDA,IR,NoPrecond,10,1,0,uc2n481.localdomain,None,1,0.1,a2fdb9ed3ef41900471f4d7838bf14ee,0.952718,1.159495,73.0,135.0,862.0,5360.0,775902.0,958012.0
CUDA,IR,NoPrecond,10,1,0,uc2n481.localdomain,None,1,0.01,151ce3b89e435cb877e46280359993bb,0.942704,1.126468,41.0,135.0,966.0,5565.0,769759.0,927305.0
CUDA,IR,NoPrecond,10,1,0,uc2n481.localdomain,None,1,0.05,45449eb43d10a51cd74b53f7e5625ddf,0.94777,1.14459,59.0,135.0,897.0,5449.0,779433.0,948281.0
CUDA,IR,NoPrecond,10,1,0,uc2n481.localdomain,None,1,0.001,9c4a1766fa88bf0117cef2383eb96859,0.971886,1.143228,32.0,135.0,852.0,5326.0,780866.0,944397.0
CUDA,CG,ILU,10,1,0,uc2n481.localdomain,None,1,None,90b602fd6e10f7208ecb725f73d17785,0.932562,1.039998,383.0,135.0,895.0,5349.0,771121.0,851987.0
CUDA,BiCGStab,BJ,10,1,0,uc2n481.localdomain,None,1,None,978cf7de6b55e20466416490dbf5df9e,0.94321,1.091555,612.0,135.0,793.0,5336.0,768526.0,903640.0
CUDA,CG,BJ,50,1,0,uc2n481.localdomain,16,1,None,a2ccf69c9b8736ee2ddc95ef42ad2ee0,2.922972,5.604878,6121.0,135.0,120036.0,980698.0,2007769.0,2989749.0
CUDA,CG,BJ,50,1,0,uc2n481.localdomain,8,1,None,513a51406f595f0888d66f75efd81aa9,2.882711,5.496387,6144.0,135.0,116570.0,952423.0,1998537.0,2926044.0
CUDA,CG,BJ,50,1,0,uc2n481.localdomain,2,1,None,addd736ee678b1e2d903dcd7a9d5f56f,2.875855,5.508944,6353.0,135.0,119043.0,984948.0,1994112.0,2890937.0
CUDA,CG,BJ,50,1,0,uc2n481.localdomain,4,1,None,32b7ea3c34a37e078800d732c51a00ec,2.897901,5.493461,6225.0,135.0,119233.0,986133.0,1994554.0,2882427.0
CUDA,CG,BJ,50,1,0,uc2n481.localdomain,1,1,None,5fd8a09acceddcb19219cfd0c7745bc6,2.887109,5.548289,6942.0,135.0,120373.0,983923.0,1982666.0,2926573.0
CUDA,BiCGStab,ILU,50,1,0,uc2n481.localdomain,None,1,None,1df81020af0119be7b18520e8faf85d9,3.251438,8.430626,1633.0,135.0,115259.0,957275.0,2335450.0,5619781.0
CUDA,BiCGStab,NoPrecond,50,1,0,uc2n481.localdomain,None,1,None,03873ec31461b593b64ca8b62fe2a5ce,2.964803,6.121323,5073.0,135.0,118533.0,977155.0,2079718.0,3446289.0
CUDA,CG,NoPrecond,50,1,0,uc2n481.localdomain,None,1,None,d3915a3cec72ff85b595f902c26dad06,2.873752,5.518814,7113.0,135.0,115819.0,953732.0,1987206.0,2953316.0
CUDA,IR,NoPrecond,50,1,0,uc2n481.localdomain,None,1,0.1,ce9a3126c60065cd10c535427aaa3c62,2.93246,5.923622,101.0,135.0,116259.0,965298.0,2038234.0,3302564.0
CUDA,IR,NoPrecond,50,1,0,uc2n481.localdomain,None,1,0.01,d9638eda250e01c5babb93ed619d2498,2.924115,5.803299,56.0,135.0,116782.0,963302.0,2016505.0,3181387.0
CUDA,IR,NoPrecond,50,1,0,uc2n481.localdomain,None,1,0.05,dbdda62f799a599e4795588c9f628597,2.929637,5.93971,80.0,135.0,121886.0,983244.0,2027132.0,3268244.0
CUDA,IR,NoPrecond,50,1,0,uc2n481.localdomain,None,1,0.001,a4509581f45a2e9ae945edb8f0ea6ab9,2.925624,5.746088,38.0,135.0,116631.0,966353.0,2017931.0,3125739.0
CUDA,CG,ILU,50,1,0,uc2n481.localdomain,None,1,None,6ac4c7530640fda6766b8c2e3ebad178,3.099833,7.187595,2242.0,135.0,116122.0,956284.0,2187150.0,4455320.0
CUDA,BiCGStab,BJ,50,1,0,uc2n481.localdomain,None,1,None,20c8d11e9c419ffc73a192f495273a9d,2.945413,5.903986,4050.0,135.0,118338.0,979090.0,2037346.0,3289337.0
CUDA,CG,BJ,55,1,0,uc2n481.localdomain,16,1,None,2906153e37385ff1b87eaf9b72b7d153,3.63536,7.176261,6482.0,135.0,163736.0,1359655.0,2440940.0,3633913.0
CUDA,CG,BJ,55,1,0,uc2n481.localdomain,8,1,None,cc112462bbeb984761f083c6c21c142a,3.622715,7.056108,6525.0,135.0,164950.0,1355648.0,2421199.0,3534326.0
CUDA,CG,BJ,55,1,0,uc2n481.localdomain,2,1,None,6c78decf722b9b308d6a07725c8536eb,3.624082,6.983283,6721.0,135.0,163588.0,1353623.0,2416207.0,3467141.0
CUDA,CG,BJ,55,1,0,uc2n481.localdomain,4,1,None,493e8c1f69fa2a7935dcd39d08989c55,3.597628,6.937528,6532.0,135.0,160742.0,1329622.0,2413837.0,3464905.0
CUDA,CG,BJ,55,1,0,uc2n481.localdomain,1,1,None,e2b2fdae8e5b2b88adffc5a35744d066,3.601931,7.02912,7597.0,135.0,161435.0,1334435.0,2399270.0,3542785.0
CUDA,BiCGStab,ILU,55,1,0,uc2n481.localdomain,None,1,None,6cbc1a21615a6718f5c7a6d84b64ac58,4.122572,11.136481,1732.0,135.0,160569.0,1337642.0,2908686.0,7231498.0
CUDA,BiCGStab,NoPrecond,55,1,0,uc2n481.localdomain,None,1,None,38de93835cde1d5cd879b69eadf6ae39,3.710149,7.860841,5915.0,135.0,160324.0,1333450.0,2499795.0,4267269.0
CUDA,CG,NoPrecond,55,1,0,uc2n481.localdomain,None,1,None,0968530a5fa4801c19f46ceee3c8b416,3.62783,7.103713,7780.0,135.0,164009.0,1363722.0,2415692.0,3564191.0
CUDA,IR,NoPrecond,55,1,0,uc2n481.localdomain,None,1,0.1,d65fd4399a22c94a5691e6a62486d4a5,3.684902,7.490393,101.0,135.0,162752.0,1348929.0,2463953.0,3938722.0
CUDA,IR,NoPrecond,55,1,0,uc2n481.localdomain,None,1,0.01,6a73ee8cc8130596e01164cc41e03bee,3.667807,7.392491,56.0,135.0,159368.0,1340644.0,2442288.0,3869671.0
CUDA,IR,NoPrecond,55,1,0,uc2n481.localdomain,None,1,0.05,8a4d05d9db8132fbf4aa44db60ed47be,3.637838,7.499012,81.0,135.0,162020.0,1337209.0,2470557.0,3948526.0
CUDA,IR,NoPrecond,55,1,0,uc2n481.localdomain,None,1,0.001,ff7944ccfc994e32acab92ca520f12a1,3.659621,7.329781,38.0,135.0,159784.0,1330469.0,2474103.0,3805552.0
CUDA,CG,ILU,55,1,0,uc2n481.localdomain,None,1,None,947226d1bd7f29d68bdfe7d74d961f8e,3.941249,9.575604,2465.0,135.0,161988.0,1349343.0,2722823.0,5829259.0
CUDA,BiCGStab,BJ,55,1,0,uc2n481.localdomain,None,1,None,bb6cd60a2ba4d83749e45304074076ce,3.671896,7.646437,4430.0,135.0,161542.0,1346651.0,2494793.0,4073425.0
CUDA,CG,BJ,35,1,0,uc2n481.localdomain,16,1,None,a58435b742e39c39ba59085a5d5bb28f,1.599875,2.611413,3981.0,135.0,33520.0,270005.0,1194474.0,1670759.0
CUDA,CG,BJ,35,1,0,uc2n481.localdomain,8,1,None,0fea77bdb69f38b80763a7f9ac07f62d,1.60387,2.575713,3990.0,135.0,32688.0,265574.0,1173517.0,1639309.0
CUDA,CG,BJ,35,1,0,uc2n481.localdomain,2,1,None,e2975b61a9951826a6b63dab11e6ca3b,1.59626,2.614191,4108.0,135.0,33687.0,271165.0,1184684.0,1666928.0
CUDA,CG,BJ,35,1,0,uc2n481.localdomain,4,1,None,847c3a3fd9839b01081f3bfc28089beb,1.632085,2.574843,4012.0,135.0,32698.0,266869.0,1177064.0,1641928.0
CUDA,CG,BJ,35,1,0,uc2n481.localdomain,1,1,None,06f86d46362dfc275f014c51375ee78c,1.606378,2.658499,4609.0,135.0,33333.0,266845.0,1184411.0,1715758.0
CUDA,BiCGStab,ILU,35,1,0,uc2n481.localdomain,None,1,None,bbc0b99d016055b35f9ed2555b3c1025,1.706419,3.507689,1124.0,135.0,33111.0,269000.0,1291261.0,2484563.0
CUDA,BiCGStab,NoPrecond,35,1,0,uc2n481.localdomain,None,1,None,ee4477ea26368a693fed0b6b95aa413c,1.658389,2.948769,3402.0,135.0,32894.0,268193.0,1243881.0,2009778.0
CUDA,BiCGStab,NoPrecond,35,1,0,uc2n481.localdomain,None,1,None,0bb7554e8ba5cf03472644a779f88ad6,1.65857,2.935864,3402.0,135.0,33284.0,268967.0,1238413.0,2003319.0
CUDA,CG,NoPrecond,35,1,0,uc2n481.localdomain,None,1,None,fbfd82900f9dca8a51eaa125c8ba546a,1.606587,2.728464,4751.0,135.0,33065.0,268919.0,1194133.0,1768074.0
CUDA,IR,NoPrecond,35,1,0,uc2n481.localdomain,None,1,0.1,3184c5e780b9db2f19467fce7b749c25,1.611504,2.815181,89.0,135.0,32173.0,268328.0,1200287.0,1862961.0
CUDA,IR,NoPrecond,35,1,0,uc2n481.localdomain,None,1,0.01,15480d8fd380c178eca5bc77e56aef49,1.613062,2.775792,49.0,135.0,32781.0,266699.0,1198315.0,1824271.0
CUDA,IR,NoPrecond,35,1,0,uc2n481.localdomain,None,1,0.05,be40a1a660c5156bd7f81fe2214587ac,1.638422,2.824422,71.0,135.0,33187.0,270282.0,1210504.0,1866195.0
CUDA,IR,NoPrecond,35,1,0,uc2n481.localdomain,None,1,0.001,a3ab8be5985e6198ebfdce67bba14db0,1.629004,2.794564,37.0,135.0,33793.0,266099.0,1198212.0,1832458.0
CUDA,CG,ILU,35,1,0,uc2n481.localdomain,None,1,None,1fa8c354634e7dedca24f8082bf23c58,1.660771,3.008712,1506.0,135.0,33477.0,263465.0,1234287.0,2038231.0
CUDA,BiCGStab,BJ,35,1,0,uc2n481.localdomain,None,1,None,2f961445b283a9f79d3861c3582a6af5,1.622655,2.811085,2864.0,135.0,33214.0,277516.0,1209492.0,1861880.0
CUDA,CG,BJ,20,1,0,uc2n481.localdomain,16,1,None,d41becd56d95089288ab29885c64a93d,1.075365,1.405575,2223.0,135.0,5798.0,43810.0,848998.0,1093760.0
CUDA,CG,BJ,20,1,0,uc2n481.localdomain,8,1,None,f93dd117ce85786faecb0c8e88771093,1.069081,1.404316,2152.0,135.0,6007.0,43751.0,853811.0,1091917.0
CUDA,CG,BJ,20,1,0,uc2n481.localdomain,2,1,None,0e215071b97a985c5618c339fd1cf32a,1.055499,1.3947,2225.0,135.0,5829.0,43106.0,843415.0,1086302.0
CUDA,CG,BJ,20,1,0,uc2n481.localdomain,4,1,None,3b0c59017dafff14ba26aaaf36d68585,1.058338,1.379522,2107.0,135.0,6034.0,43712.0,839333.0,1070175.0
CUDA,CG,BJ,20,1,0,uc2n481.localdomain,1,1,None,398fae0675a619a7e21d694aef36e924,1.062767,1.417768,2400.0,135.0,5863.0,43047.0,849126.0,1107927.0
CUDA,BiCGStab,ILU,20,1,0,uc2n481.localdomain,None,1,None,a27b7950c3fb33ea7aa1ab97325203dd,1.07749,1.505538,589.0,135.0,5897.0,43181.0,860644.0,1184589.0
CUDA,BiCGStab,NoPrecond,20,1,0,uc2n481.localdomain,None,1,None,129a87cbf1b65dd8c07ba6eab4ffbbaa,1.103273,1.588946,1873.0,135.0,5884.0,43673.0,875395.0,1277197.0
CUDA,CG,NoPrecond,20,1,0,uc2n481.localdomain,None,1,None,cecc6826a0dc6febbfe03e55400c15a0,1.0557,1.477815,2530.0,135.0,5822.0,43173.0,869297.0,1154632.0
CUDA,IR,NoPrecond,20,1,0,uc2n481.localdomain,None,1,0.1,eebdd592a3af3a3e2c9c96e59cba9b41,1.087144,1.553217,84.0,135.0,5927.0,43666.0,868117.0,1227590.0
CUDA,IR,NoPrecond,20,1,0,uc2n481.localdomain,None,1,0.01,a70d46bf01a870a49e2b3e32473073a1,1.080685,1.516616,45.0,135.0,6143.0,44313.0,868184.0,1189399.0
CUDA,IR,NoPrecond,20,1,0,uc2n481.localdomain,None,1,0.05,e11bdd330fbcd964a6b847a42ef0d2f4,1.081207,1.535884,66.0,135.0,6049.0,44449.0,873174.0,1213310.0
CUDA,IR,NoPrecond,20,1,0,uc2n481.localdomain,None,1,0.001,be95889a628db16ec18238c275275bb8,1.077636,1.546901,37.0,135.0,5886.0,47581.0,867950.0,1214882.0
CUDA,CG,ILU,20,1,0,uc2n481.localdomain,None,1,None,c3002fb38bcbb8d42a2f18b1b43b9deb,1.065344,1.400021,803.0,135.0,5895.0,44005.0,857573.0,1090811.0
CUDA,BiCGStab,BJ,20,1,0,uc2n481.localdomain,None,1,None,3a129ef3f45e52071240682f4f67197d,1.070864,1.443146,1349.0,135.0,5826.0,43541.0,851671.0,1136783.0
CUDA,CG,BJ,60,1,0,uc2n481.localdomain,16,1,None,c128fdd12338cf6b3c8862bb9cda490f,4.455623,8.918106,6930.0,135.0,214193.0,1782938.0,2927789.0,4382621.0
CUDA,CG,BJ,60,1,0,uc2n481.localdomain,8,1,None,152f2b6dc92f692cb39b69da13362a21,4.423391,8.796382,6987.0,135.0,214059.0,1777194.0,2939616.0,4278242.0
CUDA,CG,BJ,60,1,0,uc2n481.localdomain,2,1,None,8427e17faf3ef1a43017e9ad306f2256,4.470363,8.699461,7533.0,135.0,212771.0,1766680.0,2903587.0,4214831.0
CUDA,CG,BJ,60,1,0,uc2n481.localdomain,4,1,None,6c5fd8575a7b60f19c45a7dc664818cf,4.413817,8.795364,7142.0,135.0,218541.0,1808621.0,2914572.0,4219691.0
CUDA,CG,BJ,60,1,0,uc2n481.localdomain,1,1,None,7461847d353d433cc1c2724a87f44932,4.418233,8.786903,8241.0,135.0,215129.0,1780916.0,2889534.0,4270291.0
CUDA,BiCGStab,ILU,60,1,0,uc2n481.localdomain,None,1,None,3927b63be4c94e545bde1a406b13878c,5.05718,13.007866,1456.0,135.0,215671.0,1789541.0,3570169.0,7926883.0
